time,fp_l_force_x,fp_l_force_y,fp_l_force_z,fp_l_cop_x,fp_l_cop_y,fp_l_cop_z,fp_r_force_x,fp_r_force_y,fp_r_force_z,fp_r_cop_x,fp_r_cop_y,fp_r_cop_z
56.395,0,0,0,0,0,0,NaN,NaN,NaN,NaN,NaN,NaN
56.4,0,0,0,0,0,0,NaN,NaN,NaN,NaN,NaN,NaN
56.405,0,0,0,0,0,0,NaN,NaN,NaN,NaN,NaN,NaN
56.41,0,0,0,0,0,0,NaN,NaN,NaN,NaN,NaN,NaN
56.415,0,0,0,0,0,0,NaN,NaN,NaN,NaN,NaN,NaN
56.42,0,0,0,0,0,0,NaN,NaN,NaN,NaN,NaN,NaN
56.425,0,0,0,0,0,0,NaN,NaN,NaN,NaN,NaN,NaN
56.43,0,0,0,0,0,0,NaN,NaN,NaN,NaN,NaN,NaN
56.435,0,0,0,0,0,0,NaN,NaN,NaN,NaN,NaN,NaN
56.44,0,0,0,0,0,0,NaN,NaN,NaN,NaN,NaN,NaN
56.445,0,0,0,0,0,0,NaN,NaN,NaN,NaN,NaN,NaN
56.45,0,0,0,0,0,0,NaN,NaN,NaN,NaN,NaN,NaN
56.455,0,0,0,0,0,0,NaN,NaN,NaN,NaN,NaN,NaN
56.46,0,0,0,0,0,0,NaN,NaN,NaN,NaN,NaN,NaN
56.465,0,0,0,0,0,0,NaN,NaN,NaN,NaN,NaN,NaN
56.47,0,0,0,0,0,0,NaN,NaN,NaN,NaN,NaN,NaN
56.475,0,0,0,0,0,0,NaN,NaN,NaN,NaN,NaN,NaN
56.48,0,0,0,0,0,0,NaN,NaN,NaN,NaN,NaN,NaN
56.485,0,0,0,0,0,0,NaN,NaN,NaN,NaN,NaN,NaN
56.49,0,0,0,0,0,0,NaN,NaN,NaN,NaN,NaN,NaN
56.495,0,0,0,0,0,0,NaN,NaN,NaN,NaN,NaN,NaN
56.5,0,0,0,0,0,0,NaN,NaN,NaN,NaN,NaN,NaN
56.505,0,0,0,0,0,0,NaN,NaN,NaN,NaN,NaN,NaN
56.51,0,0,0,0,0,0,NaN,NaN,NaN,NaN,NaN,NaN
56.515,0,0,0,0,0,0,NaN,NaN,NaN,NaN,NaN,NaN
56.52,0,0,0,0,0,0,NaN,NaN,NaN,NaN,NaN,NaN
56.525,0,0,0,0,0,0,NaN,NaN,NaN,NaN,NaN,NaN
56.53,0,0,0,0,0,0,NaN,NaN,NaN,NaN,NaN,NaN
56.535,0,0,0,0,0,0,NaN,NaN,NaN,NaN,NaN,NaN
56.54,0,0,0,0,0,0,NaN,NaN,NaN,NaN,NaN,NaN
56.545,-10.97988,0,-28.26393,-5.48171,0.8054967,-1.188595,NaN,NaN,NaN,NaN,NaN,NaN
56.55,-13.3176,44.11333,-31.75277,-5.400021,0.8080752,-1.06801,NaN,NaN,NaN,NaN,NaN,NaN
56.555,-12.6868,83.88219,-29.38261,-5.374158,0.808935,-1.02788,NaN,NaN,NaN,NaN,NaN,NaN
56.56,-8.078576,137.7326,-20.67744,-5.362325,0.809373,-1.007515,NaN,NaN,NaN,NaN,NaN,NaN
56.565,0.7288714,204.9486,-6.55214,-5.355928,0.8096478,-0.9947938,NaN,NaN,NaN,NaN,NaN,NaN
56.57,13.00062,282.5639,10.88546,-5.352057,0.8098442,-0.9857414,NaN,NaN,NaN,NaN,NaN,NaN
56.575,27.16373,365.99,28.8559,-5.349429,0.8099988,-0.9786404,NaN,NaN,NaN,NaN,NaN,NaN
56.58,41.18421,450.2319,44.6409,-5.347374,0.8101309,-0.972585,NaN,NaN,NaN,NaN,NaN,NaN
56.585,53.06677,531.2156,56.32844,-5.345493,0.8102521,-0.9670288,NaN,NaN,NaN,NaN,NaN,NaN
56.59,61.29971,606.7162,63.29921,-5.343534,0.8103696,-0.9616318,NaN,NaN,NaN,NaN,NaN,NaN
56.595,65.11081,676.572,66.24854,-5.341355,0.8104873,-0.9562145,NaN,NaN,NaN,NaN,NaN,NaN
56.6,64.50735,742.165,66.75883,-5.33891,0.8106058,-0.9507474,NaN,NaN,NaN,NaN,NaN,NaN
56.605,60.1714,805.4308,66.66431,-5.336259,0.8107229,-0.9453335,NaN,NaN,NaN,NaN,NaN,NaN
56.61,53.30019,867.8131,67.49959,-5.333542,0.8108345,-0.9401614,NaN,NaN,NaN,NaN,NaN,NaN
56.615,45.42799,929.5427,70.19901,-5.330944,0.8109362,-0.9354373,NaN,NaN,NaN,NaN,NaN,NaN
56.62,38.21707,989.4294,75.05912,-5.328642,0.8110249,-0.9313215,NaN,NaN,NaN,NaN,NaN,NaN
56.625,33.21029,1045.132,81.87323,-5.326764,0.8110987,-0.9278941,NaN,NaN,NaN,NaN,NaN,NaN
56.63,31.573,1093.738,90.1134,-5.32538,0.8111579,-0.925154,NaN,NaN,NaN,NaN,NaN,NaN
56.635,33.87647,1132.448,99.07648,-5.324499,0.8112038,-0.9230389,NaN,NaN,NaN,NaN,NaN,NaN
56.64,39.98298,1159.203,107.9814,-5.324086,0.8112386,-0.9214501,NaN,NaN,NaN,NaN,NaN,NaN
56.645,49.08467,1173.121,116.0512,-5.324071,0.8112648,-0.9202719,NaN,NaN,NaN,NaN,NaN,NaN
56.65,59.908,1174.662,122.6072,-5.324365,0.811285,-0.9193835,NaN,NaN,NaN,NaN,NaN,NaN
56.655,71.02957,1165.508,127.1686,-5.324865,0.8113016,-0.9186654,NaN,NaN,NaN,NaN,NaN,NaN
56.66,81.19812,1148.209,129.5255,-5.325467,0.811317,-0.9180056,0,0,0,0,0,0
56.665,89.55899,1125.704,129.7576,-5.326073,0.8113333,-0.9173063,0,0,0,0,0,0
56.67,95.72647,1100.826,128.1838,-5.326603,0.8113521,-0.9164915,0,0,0,0,0,0
56.675,99.71226,1075.902,125.251,-5.326998,0.8113744,-0.9155107,0,0,0,0,0,0
56.68,101.7642,1052.534,121.3933,-5.327221,0.8114007,-0.9143393,0,0,0,0,0,0
56.685,102.1895,1031.568,116.9098,-5.327259,0.8114312,-0.9129721,0,0,0,0,0,0
56.69,101.2308,1013.238,111.9027,-5.327109,0.8114656,-0.9114145,0,0,0,0,0,0
56.695,99.02803,997.3703,106.2877,-5.326783,0.8115039,-0.9096755,0,0,0,0,0,0
56.7,95.65751,983.5892,99.8644,-5.326294,0.8115457,-0.9077662,0,0,0,0,0,0
56.705,91.20509,971.4518,92.41907,-5.325664,0.8115908,-0.9057056,0,0,0,0,0,0
56.71,85.83028,960.4963,83.82792,-5.324921,0.8116382,-0.9035282,0,0,0,0,0,0
56.715,79.793,950.2356,74.13236,-5.324097,0.811687,-0.9012891,0,0,0,0,0,0
56.72,73.43586,940.1453,63.56781,-5.32323,0.8117354,-0.8990625,0,0,0,0,0,0
56.725,67.1311,929.6804,52.5434,-5.322359,0.8117817,-0.8969339,0,0,0,0,0,0
56.73,61.21399,918.3268,41.58105,-5.321518,0.8118239,-0.8949886,0,0,0,0,0,0
56.735,55.92796,905.668,31.22913,-5.320739,0.8118604,-0.8933003,0,0,0,0,0,0
56.74,51.39744,891.4452,21.97134,-5.320048,0.8118901,-0.8919247,0,0,0,0,0,0
56.745,47.63071,875.5894,14.15172,-5.319464,0.8119123,-0.8908971,0,0,0,0,0,0
56.75,44.54653,858.2188,7.929698,-5.318998,0.8119264,-0.890235,0,0,0,0,0,0
56.755,42.01547,839.6027,3.268008,-5.318657,0.8119325,-0.8899411,0,0,0,0,0,0
56.76,39.90366,820.1031,-0.04924536,-5.318442,0.8119308,-0.8900064,0,0,0,0,0,0
56.765,38.10657,800.1047,-2.371421,-5.318355,0.8119216,-0.890414,0,0,0,0,0,0
56.77,36.56655,779.9523,-4.113457,-5.318399,0.8119055,-0.8911402,0,0,0,0,0,0
56.775,35.27374,759.9119,-5.674981,-5.318574,0.8118832,-0.8921549,0,0,0,0,0,0
56.78,34.25275,740.1668,-7.361122,-5.31888,0.8118554,-0.8934216,0,0,0,0,0,0
56.785,33.53802,720.8444,-9.322423,-5.319307,0.8118231,-0.8948988,0,0,0,0,0,0
56.79,33.14298,702.0616,-11.53009,-5.319833,0.8117872,-0.8965428,0,0,0,0,0,0
56.795,33.03364,683.9679,-13.79502,-5.320427,0.8117486,-0.8983127,0,0,0,0,0,0
56.8,33.11943,666.772,-15.82555,-5.321049,0.8117079,-0.9001753,0,0,0,0,0,0
56.805,33.2695,650.7433,-17.30728,-5.321662,0.8116657,-0.9021072,0,0,0,0,0,0
56.81,33.35234,636.187,-17.98506,-5.322235,0.8116223,-0.9040932,0,0,0,0,0,0
56.815,33.28414,623.3964,-17.73212,-5.322749,0.8115779,-0.9061197,0,0,0,0,0,0
56.82,33.06389,612.5925,-16.59341,-5.323199,0.8115329,-0.9081685,0,0,0,0,0,0
56.825,32.77748,603.8675,-14.79128,-5.32359,0.811488,-0.9102108,0,0,0,0,0,0
56.83,32.56835,597.1471,-12.68699,-5.323936,0.811444,-0.9122084,0,0,0,0,0,0
56.835,32.58632,592.1873,-10.70215,-5.324255,0.8114018,-0.9141213,0,0,0,0,0,0
56.84,32.93367,588.6117,-9.217811,-5.324566,0.8113622,-0.9159213,0,0,0,0,0,0
56.845,33.62921,585.9843,-8.480217,-5.324886,0.8113252,-0.9176051,0,0,0,0,0,0
56.85,34.60448,583.9022,-8.542824,-5.325223,0.8112901,-0.9192001,0,0,0,0,0,0
56.855,35.733,582.0803,-9.260932,-5.325582,0.8112558,-0.9207622,0,0,0,0,0,0
56.86,36.87892,580.4041,-10.33507,-5.32596,0.8112207,-0.9223655,0,0,0,0,0,0
56.865,37.9461,578.9357,-11.3845,-5.326351,0.8111828,-0.9240886,0,0,0,0,0,0
56.87,38.91178,577.8729,-12.02896,-5.326752,0.8111408,-0.925999,0,0,0,0,0,0
56.875,39.83637,577.4771,-11.96176,-5.327161,0.8110937,-0.9281409,0,0,0,0,0,0
56.88,40.84694,577.9913,-11.00377,-5.327578,0.8110412,-0.9305258,0,0,0,0,0,0
56.885,42.09833,579.5705,-9.132579,-5.328001,0.8109838,-0.9331309,0,0,0,0,0,0
56.89,43.72302,582.2384,-6.483899,-5.328427,0.8109227,-0.9359026,0,0,0,0,0,0
56.895,45.78619,585.8822,-3.325779,-5.328844,0.8108596,-0.9387669,0,0,0,0,0,0
56.9,48.26154,590.2839,-0.009969734,-5.329236,0.8107961,-0.9416438,0,0,0,0,0,0
56.905,51.03657,595.185,3.090961,-5.32959,0.8107339,-0.9444612,0,0,0,0,0,0
56.91,53.94554,600.3654,5.64768,-5.329896,0.8106741,-0.9471643,0,0,0,0,0,0
56.915,56.81839,605.7133,7.424508,-5.330152,0.8106177,-0.9497183,0,0,0,0,0,0
56.92,59.528,611.2652,8.305652,-5.330366,0.8105649,-0.9521035,0,0,0,0,0,0
56.925,62.01962,617.2042,8.295052,-5.330549,0.8105161,-0.9543083,0,0,0,0,0,0
56.93,64.31602,623.8212,7.495171,-5.330712,0.8104715,-0.9563222,0,0,0,0,0,0
56.935,66.50159,631.4519,6.073948,-5.33086,0.8104314,-0.958133,0,0,0,0,0,0
56.94,68.69368,640.4129,4.227609,-5.330995,0.8103961,-0.9597281,0,0,0,0,0,0
56.945,71.00852,650.9478,2.14272,-5.331109,0.8103658,-0.9610971,0,0,0,0,0,0
56.95,73.52831,663.1911,-0.03997324,-5.331188,0.8103406,-0.9622354,0,0,0,0,0,0
56.955,76.27572,677.1446,-2.255106,-5.331217,0.8103204,-0.9631473,0,0,0,0,0,0
56.96,79.20067,692.6619,-4.529308,-5.331181,0.8103048,-0.9638476,0,0,0,0,0,0
56.965,82.18199,709.4403,-6.979265,-5.331071,0.8102931,-0.9643637,0,0,0,0,0,0
56.97,85.04648,727.0263,-9.788012,-5.330889,0.8102846,-0.9647354,0,0,0,0,0,0
56.975,87.60545,744.8466,-13.15938,-5.330647,0.8102782,-0.9650119,0,0,0,0,0,0
56.98,89.70234,762.2663,-17.25813,-5.330366,0.8102726,-0.9652466,0,0,0,0,0,0
56.985,91.25786,778.663,-22.15387,-5.330074,0.8102668,-0.9654916,0,0,0,0,0,0
56.99,92.29701,793.4926,-27.78903,-5.329799,0.8102598,-0.9657928,0,0,0,0,0,0
56.995,92.94594,806.3195,-33.98377,-5.329564,0.8102506,-0.9661895,0,0,0,0,0,0
57,93.39531,816.804,-40.47838,-5.329387,0.8102387,-0.9667154,0,0,0,0,0,0
57.005,93.8383,824.6616,-47.00003,-5.329276,0.8102234,-0.9673993,0,0,0,0,0,0
57.01,94.40129,829.6194,-53.33142,-5.329229,0.8102041,-0.968265,7.003887,0,-9.917496,-5.048422,0.6494655,-1.259124
57.015,95.08867,831.3924,-59.35935,-5.329236,0.8101804,-0.969328,8.630677,35.79243,-13.16178,-5.059476,0.6496543,-1.252054
57.02,95.75934,829.6854,-65.09106,-5.329283,0.8101524,-0.9705929,8.719556,61.64595,-15.41464,-5.065495,0.6497671,-1.24777
57.025,96.14469,824.2172,-70.6382,-5.32935,0.81012,-0.9720518,6.79301,95.73275,-16.13104,-5.069196,0.649842,-1.244892
57.03,95.90526,814.7633,-76.17561,-5.329415,0.8100838,-0.9736837,2.747832,138.2558,-14.88523,-5.071528,0.6498929,-1.242922
57.035,94.70883,801.2106,-81.88153,-5.329455,0.8100445,-0.9754538,-3.139252,188.8309,-11.32937,-5.072967,0.6499277,-1.241557
57.04,92.3038,783.6034,-87.86689,-5.329448,0.8100031,-0.9773127,-10.31123,246.415,-5.219255,-5.073812,0.6499537,-1.240511
57.045,88.56673,762.1524,-94.10897,-5.329366,0.8099611,-0.9791977,-18.08029,309.4862,3.419704,-5.07428,0.649979,-1.239464
57.05,83.5165,737.1809,-100.4142,-5.329191,0.8099199,-0.9810405,-25.77444,376.5481,14.07633,-5.074564,0.6500123,-1.238045
57.055,77.29888,709.0226,-106.4289,-5.328916,0.8098808,-0.9827851,-32.84462,446.7939,25.68058,-5.074872,0.6500633,-1.235861
57.06,70.15254,677.9199,-111.6923,-5.328554,0.8098442,-0.9844075,-38.91292,520.5686,36.80531,-5.075423,0.6501401,-1.232579
57.065,62.37095,643.9776,-115.7062,-5.328142,0.8098099,-0.985929,-43.76586,599.2766,46.0982,-5.076399,0.6502463,-1.228062
57.07,54.27063,607.1987,-117.9982,-5.327733,0.8097763,-0.9874131,-47.32136,684.6431,52.74328,-5.077876,0.6503784,-1.222475
57.075,46.16571,567.5893,-118.1699,-5.327382,0.8097418,-0.9889483,-49.60894,777.5824,56.73111,-5.079785,0.6505257,-1.216271
57.08,38.34735,525.2972,-115.9303,-5.327131,0.8097042,-0.9906217,-50.78926,877.1462,58.82391,-5.081944,0.6506741,-1.210044
57.085,31.07194,480.7258,-111.1163,-5.326997,0.8096624,-0.9924956,-51.20075,980.0076,60.25216,-5.084129,0.6508104,-1.204341
57.09,24.55738,434.5726,-103.7023,-5.326976,0.8096156,-0.994597,-51.38544,1080.725,62.28692,-5.086136,0.6509257,-1.199537
57.095,18.97713,387.7706,-93.80948,-5.327047,0.809564,-0.9969238,-52.04011,1172.728,65.85143,-5.087823,0.6510155,-1.195809
57.1,14.44484,341.3514,-81.72326,-5.327193,0.8095078,-0.9994587,-53.86978,1249.703,71.28164,-5.089111,0.651079,-1.193181
57.105,10.99235,296.2748,-67.92088,-5.327412,0.8094475,-1.002185,-57.37951,1306.915,78.28137,-5.089974,0.651118,-1.191575
57.11,8.55152,253.2744,-53.09462,-5.32773,0.8093832,-1.005092,-62.69237,1342.062,86.07054,-5.090431,0.6511354,-1.190867
57.115,6.951297,212.7618,-38.13922,-5.328205,0.8093147,-1.008199,-69.48018,1355.481,93.67718,-5.090519,0.6511344,-1.190917
57.12,5.937944,174.8193,-24.07304,-5.328945,0.8092398,-1.011609,-77.044,1349.757,100.2759,-5.090294,0.6511185,-1.191589
57.125,5.220463,139.2993,-11.88584,-5.330163,0.8091506,-1.015689,-84.51864,1328.936,105.4557,-5.089815,0.6510904,-1.192758
57.13,4.534365,106.0147,-2.344781,-5.332344,0.8090244,-1.021488,-91.1268,1297.622,109.328,-5.08914,0.651053,-1.194315
57.135,3.704117,74.95878,4.179578,-5.336761,0.8087977,-1.031933,-96.38988,1260.189,112.4408,-5.08832,0.6510085,-1.196164
57.14,2.679918,46.45832,7.801408,-5.347507,0.8082652,-1.056486,-100.2223,1220.24,115.5337,-5.087398,0.650959,-1.198219
57.145,1.53585,21.1752,9.080041,-5.385794,0.8063693,-1.143913,-102.8844,1180.403,119.2206,-5.0864,0.6509067,-1.200393
57.15,0,0,0,0,0,0,-104.8221,1142.392,123.7102,-5.085353,0.6508537,-1.202586
57.155,0,0,0,0,0,0,-106.4612,1107.242,128.6574,-5.084289,0.650803,-1.204679
57.16,0,0,0,0,0,0,-108.0336,1075.583,133.1969,-5.083259,0.650758,-1.20653
57.165,0,0,0,0,0,0,-109.4969,1047.854,136.1473,-5.082333,0.6507223,-1.207989
57.17,0,0,0,0,0,0,-110.5657,1024.4,136.3237,-5.081593,0.650699,-1.208922
57.175,0,0,0,0,0,0,-110.8313,1005.47,132.8684,-5.081121,0.6506905,-1.209245
57.18,0,0,0,0,0,0,-109.9143,991.1078,125.5008,-5.080975,0.650697,-1.208946
57.185,0,0,0,0,0,0,-107.5944,981.03,114.618,-5.081171,0.6507169,-1.208104
57.19,0,0,0,0,0,0,-103.8768,974.5375,101.2193,-5.081677,0.6507464,-1.206874
57.195,0,0,0,0,0,0,-98.98441,970.5505,86.67951,-5.082414,0.6507806,-1.20546
57.2,0,0,0,0,0,0,-93.29235,967.7742,72.44312,-5.083281,0.6508148,-1.204066
57.205,0,0,0,0,0,0,-87.23295,964.9463,59.72702,-5.084181,0.6508448,-1.202854
57.21,0,0,0,0,0,0,-81.20298,961.0705,49.30912,-5.08504,0.6508682,-1.201923
57.215,0,0,0,0,0,0,-75.49685,955.5519,41.44064,-5.085815,0.6508843,-1.201305
57.22,0,0,0,0,0,0,-70.27813,948.2008,35.88247,-5.086483,0.6508934,-1.20098
57.225,0,0,0,0,0,0,-65.58874,939.1311,32.03928,-5.087036,0.6508966,-1.200895
57.23,0,0,0,0,0,0,-61.38389,928.6009,29.15034,-5.087473,0.6508955,-1.200986
57.235,0,0,0,0,0,0,-57.57566,916.8461,26.48899,-5.087796,0.6508915,-1.201194
57.24,0,0,0,0,0,0,-54.06897,903.951,23.52531,-5.08801,0.6508854,-1.201481
57.245,0,0,0,0,0,0,-50.78272,889.7966,20.01755,-5.08812,0.6508776,-1.201834
57.25,0,0,0,0,0,0,-47.65948,874.0996,16.01879,-5.08814,0.6508676,-1.202267
57.255,0,0,0,0,0,0,-44.67125,856.5252,11.80878,-5.088085,0.650855,-1.20281
57.26,0,0,0,0,0,0,-41.82415,836.826,7.78051,-5.087973,0.6508389,-1.203497
57.265,0,0,0,0,0,0,-39.15842,814.9572,4.31878,-5.087826,0.6508188,-1.204357
57.27,0,0,0,0,0,0,-36.73824,791.1378,1.703081,-5.08766,0.6507943,-1.205403
57.275,0,0,0,0,0,0,-34.63099,765.8481,0.05416767,-5.087487,0.6507659,-1.206623
57.28,0,0,0,0,0,0,-32.88296,739.7722,-0.6722256,-5.087315,0.6507341,-1.207986
57.285,0,0,0,0,0,0,-31.50163,713.7047,-0.6542202,-5.087148,0.6507003,-1.209439
57.29,0,0,0,0,0,0,-30.45205,688.4442,-0.1517383,-5.08698,0.6506658,-1.210918
57.295,0,0,0,0,0,0,-29.66914,664.7009,0.5503693,-5.086804,0.6506322,-1.212361
57.3,0,0,0,0,0,0,-29.07857,643.0381,1.193079,-5.086611,0.6506005,-1.213719
57.305,0,0,0,0,0,0,-28.61482,623.8443,1.581884,-5.086394,0.6505714,-1.214962
57.31,0,0,0,0,0,0,-28.22838,607.324,1.609732,-5.086156,0.650545,-1.216086
57.315,0,0,0,0,0,0,-27.88285,593.5003,1.261901,-5.085904,0.6505207,-1.217113
57.32,0,0,0,0,0,0,-27.54963,582.2352,0.6030873,-5.085648,0.6504978,-1.218082
57.325,0,0,0,0,0,0,-27.20765,573.275,-0.249315,-5.0854,0.6504752,-1.219041
57.33,0,0,0,0,0,0,-26.84921,566.3107,-1.158453,-5.085171,0.6504518,-1.220033
57.335,0,0,0,0,0,0,-26.4868,561.0341,-1.999243,-5.084971,0.650427,-1.221089
57.34,0,0,0,0,0,0,-26.15511,557.1745,-2.680691,-5.084802,0.6504005,-1.222222
57.345,0,0,0,0,0,0,-25.90575,554.5161,-3.154998,-5.084661,0.6503724,-1.223433
57.35,0,0,0,0,0,0,-25.79521,552.9032,-3.412231,-5.084538,0.6503427,-1.22471
57.355,0,0,0,0,0,0,-25.87014,552.2392,-3.463553,-5.084421,0.6503119,-1.226037
57.36,0,0,0,0,0,0,-26.15539,552.4846,-3.319953,-5.084301,0.6502803,-1.227396
57.365,0,0,0,0,0,0,-26.64917,553.6549,-2.974938,-5.08417,0.6502484,-1.228768
57.37,0,0,0,0,0,0,-27.32665,555.8202,-2.398177,-5.084028,0.6502166,-1.230136
57.375,0,0,0,0,0,0,-28.14954,559.0991,-1.543699,-5.08388,0.6501853,-1.231481
57.38,0,0,0,0,0,0,-29.07817,563.6315,-0.3726811,-5.083739,0.6501552,-1.232775
57.385,0,0,0,0,0,0,-30.08227,569.5304,1.113548,-5.08362,0.6501269,-1.233991
57.39,0,0,0,0,0,0,-31.14829,576.8277,2.8409,-5.083531,0.6501011,-1.235104
57.395,0,0,0,0,0,0,-32.28261,585.4408,4.645686,-5.083471,0.650078,-1.236101
57.4,0,0,0,0,0,0,-33.51152,595.177,6.286835,-5.083429,0.6500577,-1.23698
57.405,0,0,0,0,0,0,-34.87776,605.7739,7.489447,-5.083386,0.6500399,-1.237751
57.41,0,0,0,0,0,0,-36.43286,616.9616,8.007133,-5.083325,0.6500241,-1.23843
57.415,0,0,0,0,0,0,-38.2251,628.528,7.681277,-5.083229,0.65001,-1.239032
57.42,0,0,0,0,0,0,-40.28441,640.3682,6.476741,-5.083095,0.6499974,-1.239564
57.425,0,0,0,0,0,0,-42.60783,652.4998,4.483145,-5.082927,0.6499864,-1.240026
57.43,0,0,0,0,0,0,-45.15007,665.0361,1.882914,-5.082742,0.6499771,-1.24041
57.435,0,0,0,0,0,0,-47.8236,678.1227,-1.102437,-5.082558,0.6499697,-1.240713
57.44,0,0,0,0,0,0,-50.51086,691.8674,-4.270262,-5.082391,0.6499642,-1.240938
57.445,0,0,0,0,0,0,-53.08747,706.2887,-7.481367,-5.082248,0.6499601,-1.241101
57.45,0,0,0,0,0,0,-55.45064,721.2982,-10.68043,-5.082133,0.649957,-1.241223
57.455,0,0,0,0,0,0,-57.54387,736.7061,-13.89293,-5.082045,0.6499544,-1.241329
57.46,0,0,0,0,0,0,-59.36787,752.2357,-17.20849,-5.081977,0.6499516,-1.241441
57.465,0,0,0,0,0,0,-60.97105,767.5359,-20.76214,-5.081924,0.6499483,-1.241582
57.47,0,0,0,0,0,0,-62.42031,782.196,-24.72005,-5.081873,0.6499438,-1.24177
57.475,0,0,0,0,0,0,-63.76061,795.7637,-29.26865,-5.081816,0.6499379,-1.24202
57.48,-17.67107,32.11696,-25.30587,-5.318996,0.4911928,-1.540867,-64.97584,807.7632,-34.60234,-5.08175,0.6499304,-1.242337
57.485,-21.62024,62.4056,-33.73723,-5.308447,0.4914206,-1.530486,-65.96343,817.7048,-40.90472,-5.081681,0.6499216,-1.242717
57.49,-23.32847,104.887,-38.91782,-5.302198,0.4915504,-1.52456,-66.53199,825.0858,-48.32235,-5.081628,0.6499116,-1.243145
57.495,-22.38376,159.4799,-39.0596,-5.298123,0.4916314,-1.520859,-66.42603,829.395,-56.93235,-5.081613,0.6499009,-1.243606
57.5,-18.94281,224.5634,-33.18315,-5.295302,0.4916853,-1.518392,-65.37385,830.1328,-66.70561,-5.081665,0.6498901,-1.244081
57.505,-13.63491,297.1932,-21.39968,-5.293214,0.4917257,-1.516546,-63.14528,826.8465,-77.46946,-5.081809,0.6498796,-1.244555
57.51,-7.3684,373.8532,-4.971359,-5.291511,0.4917637,-1.514816,-59.60359,819.1557,-88.87996,-5.082068,0.6498695,-1.245017
57.515,-1.115555,451.5992,13.90952,-5.289935,0.49181,-1.512721,-54.74106,806.7489,-100.4206,-5.082446,0.6498602,-1.245463
57.52,4.275142,529.1614,32.62328,-5.288296,0.4918751,-1.509791,-48.69301,789.3569,-111.4393,-5.082925,0.6498511,-1.245908
57.525,8.211479,607.4503,48.77767,-5.28648,0.4919672,-1.505663,-41.72992,766.7399,-121.2191,-5.083465,0.6498414,-1.246383
57.53,10.41851,689.1032,60.77896,-5.284464,0.492089,-1.500212,-34.22978,738.718,-129.0644,-5.08401,0.64983,-1.246933
57.535,10.92782,777.143,68.10006,-5.282323,0.4922357,-1.493657,-26.63295,705.2423,-134.3784,-5.084503,0.6498159,-1.247599
57.54,10.02308,873.2634,71.18153,-5.280201,0.4923956,-1.486518,-19.38588,666.4756,-136.724,-5.084905,0.6497981,-1.248411
57.545,8.186035,976.4394,71.09083,-5.278253,0.4925543,-1.479435,-12.8859,622.8646,-135.8611,-5.085193,0.6497768,-1.249367
57.55,6.065399,1082.421,69.14871,-5.2766,0.4926996,-1.472959,-7.439346,575.1979,-131.7604,-5.085376,0.6497527,-1.250432
57.555,4.449595,1184.305,66.66659,-5.275308,0.4928234,-1.467438,-3.240201,524.6318,-124.5887,-5.085488,0.6497278,-1.251525
57.56,4.200349,1273.978,64.80173,-5.274399,0.4929226,-1.463023,-0.3684118,472.6352,-114.6723,-5.08559,0.6497051,-1.252525
57.565,6.119441,1343.962,64.45618,-5.273867,0.4929968,-1.45972,1.202299,420.8222,-102.452,-5.08574,0.6496878,-1.253293
57.57,10.76834,1389.089,66.17119,-5.273689,0.4930477,-1.457463,1.597086,370.6996,-88.45385,-5.085955,0.6496784,-1.25372
57.575,18.30399,1407.545,70.04102,-5.273838,0.4930775,-1.456148,1.033446,323.41,-73.28636,-5.086162,0.6496776,-1.253779
57.58,28.39985,1401.053,75.70577,-5.274277,0.4930888,-1.455661,-0.1915002,279.5591,-57.65446,-5.086192,0.6496829,-1.25355
57.585,40.2903,1374.241,82.45847,-5.27496,0.4930843,-1.455878,-1.728227,239.1814,-42.35851,-5.085816,0.6496897,-1.253214
57.59,52.92926,1333.451,89.44736,-5.275825,0.4930669,-1.456675,-3.220041,201.8546,-28.24847,-5.0848,0.6496922,-1.253004
57.595,65.2132,1285.355,95.90857,-5.2768,0.4930393,-1.457924,-4.359363,166.9429,-16.12507,-5.082973,0.6496844,-1.253153
57.6,76.19872,1235.746,101.3495,-5.277804,0.4930043,-1.459503,-4.940232,133.9197,-6.609135,-5.080233,0.6496618,-1.253858
57.605,85.25166,1188.76,105.62,-5.278765,0.4929642,-1.461307,-4.891728,102.675,-0.01933972,-5.076506,0.6496201,-1.255286
57.61,92.0936,1146.648,108.8518,-5.279628,0.4929209,-1.463244,-4.281393,73.68577,3.698927,-5.071627,0.6495544,-1.257641
57.615,96.74957,1110.029,111.2998,-5.280362,0.4928763,-1.465241,-3.286539,47.94879,4.964877,-5.065088,0.6494538,-1.261341
57.62,99.43142,1078.457,113.1569,-5.280955,0.4928318,-1.467226,-2.141426,26.66546,4.468428,-5.055172,0.6492851,-1.267657
57.625,100.4062,1051.047,114.4201,-5.281402,0.4927894,-1.469117,0,0,0,0,0,0
57.63,99.89679,1026.981,114.8571,-5.281696,0.4927513,-1.470814,0,0,0,0,0,0
57.635,98.04274,1005.758,114.0775,-5.281818,0.49272,-1.472204,0,0,0,0,0,0
57.64,94.92189,987.2038,111.6719,-5.281744,0.4926978,-1.473182,0,0,0,0,0,0
57.645,90.60522,971.2943,107.3578,-5.281454,0.4926866,-1.47367,0,0,0,0,0,0
57.65,85.21228,957.9157,101.0865,-5.280944,0.4926868,-1.473645,0,0,0,0,0,0
57.655,78.94208,946.6835,93.08153,-5.280234,0.4926976,-1.473149,0,0,0,0,0,0
57.66,72.06823,936.8909,83.80896,-5.279369,0.4927168,-1.472275,0,0,0,0,0,0
57.665,64.90225,927.5974,73.89401,-5.278411,0.4927415,-1.471154,0,0,0,0,0,0
57.67,57.74124,917.8096,64.00891,-5.277423,0.4927688,-1.469918,0,0,0,0,0,0
57.675,50.82056,906.6804,54.75875,-5.276458,0.4927961,-1.468681,0,0,0,0,0,0
57.68,44.28896,893.6644,46.58764,-5.275551,0.4928218,-1.467518,0,0,0,0,0,0
57.685,38.21388,878.5935,39.7213,-5.274717,0.492845,-1.466466,0,0,0,0,0,0
57.69,32.61221,861.662,34.15339,-5.273955,0.4928659,-1.465521,0,0,0,0,0,0
57.695,27.49281,843.3393,29.6746,-5.273256,0.4928851,-1.46465,0,0,0,0,0,0
57.7,22.89337,824.2396,25.93561,-5.27261,0.4929038,-1.463804,0,0,0,0,0,0
57.705,18.89653,804.9875,22.52978,-5.272011,0.4929232,-1.462929,0,0,0,0,0,0
57.71,15.61911,786.1122,19.07921,-5.271466,0.4929443,-1.461979,0,0,0,0,0,0
57.715,13.17829,767.983,15.3079,-5.270984,0.4929677,-1.460928,0,0,0,0,0,0
57.72,11.64605,750.7883,11.08862,-5.27058,0.4929935,-1.459773,0,0,0,0,0,0
57.725,11.0068,734.5517,6.45546,-5.270263,0.4930214,-1.458531,0,0,0,0,0,0
57.73,11.1336,719.1787,1.581729,-5.270032,0.4930506,-1.457234,0,0,0,0,0,0
57.735,11.79407,704.5283,-3.269462,-5.269875,0.4930802,-1.455918,0,0,0,0,0,0
57.74,12.68813,690.4967,-7.809857,-5.269766,0.4931095,-1.454616,0,0,0,0,0,0
57.745,13.50957,677.096,-11.794,-5.269676,0.4931381,-1.453349,0,0,0,0,0,0
57.75,14.0157,664.5071,-15.07845,-5.269578,0.4931656,-1.452126,0,0,0,0,0,0
57.755,14.08565,653.0886,-17.65844,-5.269456,0.493192,-1.450955,0,0,0,0,0,0
57.76,13.74927,643.3274,-19.66863,-5.269311,0.4932169,-1.449848,0,0,0,0,0,0
57.765,13.17727,635.7339,-21.3433,-5.26916,0.4932397,-1.448836,0,0,0,0,0,0
57.77,12.63541,630.6955,-22.94476,-5.269033,0.4932591,-1.447974,0,0,0,0,0,0
57.775,12.4163,628.3297,-24.68076,-5.268966,0.4932734,-1.447337,0,0,0,0,0,0
57.78,12.76821,628.3861,-26.63553,-5.268987,0.4932808,-1.44701,0,0,0,0,0,0
57.785,13.83999,630.2458,-28.73604,-5.269115,0.4932796,-1.447068,0,0,0,0,0,0
57.79,15.65579,633.0323,-30.76426,-5.269352,0.4932686,-1.447563,0,0,0,0,0,0
57.795,18.12444,635.8065,-32.41091,-5.269687,0.4932472,-1.448516,0,0,0,0,0,0
57.8,21.07759,637.7831,-33.3515,-5.270099,0.4932158,-1.449918,0,0,0,0,0,0
57.805,24.32191,638.4991,-33.32055,-5.270564,0.4931751,-1.451734,0,0,0,0,0,0
57.81,27.68887,637.8888,-32.16582,-5.27106,0.4931262,-1.453915,0,0,0,0,0,0
57.815,31.0683,636.2575,-29.87543,-5.271567,0.4930704,-1.4564,0,0,0,0,0,0
57.82,34.41821,634.1768,-26.58006,-5.272073,0.4930093,-1.459119,0,0,0,0,0,0
57.825,37.75084,632.3436,-22.53626,-5.27257,0.4929446,-1.461996,0,0,0,0,0,0
57.83,41.10181,631.4383,-18.09565,-5.273054,0.4928783,-1.464947,0,0,0,0,0,0
57.835,44.49379,632.0136,-13.66255,-5.273516,0.4928122,-1.467883,0,0,0,0,0,0
57.84,47.90636,634.4275,-9.643197,-5.273945,0.4927485,-1.470716,0,0,0,0,0,0
57.845,51.26168,638.8287,-6.39278,-5.274331,0.4926888,-1.473371,0,0,0,0,0,0
57.85,54.43047,645.1845,-4.169056,-5.274659,0.4926342,-1.475797,0,0,0,0,0,0
57.855,57.25675,653.3339,-3.100722,-5.274922,0.4925853,-1.477969,0,0,0,0,0,0
57.86,59.59377,663.0421,-3.17492,-5.275117,0.4925419,-1.479897,0,0,0,0,0,0
57.865,61.34054,674.0403,-4.245429,-5.27525,0.4925032,-1.481616,0,0,0,0,0,0
57.87,62.46839,686.0454,-6.062002,-5.275332,0.4924679,-1.483178,0,0,0,0,0,0
57.875,63.0304,698.7642,-8.319109,-5.275381,0.4924349,-1.48464,0,0,0,0,0,0
57.88,63.15159,711.8861,-10.7163,-5.275414,0.492403,-1.486057,0,0,0,0,0,0
57.885,63.0035,725.0731,-13.01609,-5.275446,0.492371,-1.487474,0,0,0,0,0,0
57.89,62.77078,737.9578,-15.083,-5.275488,0.4923382,-1.488927,0,0,0,0,0,0
57.895,62.61941,750.1641,-16.89153,-5.275546,0.492304,-1.49044,0,0,0,0,0,0
57.9,62.67429,761.3572,-18.50064,-5.27562,0.4922683,-1.492026,0,0,0,0,0,0
57.905,63.00969,771.315,-20.00496,-5.275705,0.4922308,-1.493687,0,0,0,0,0,0
57.91,63.65159,779.9888,-21.48187,-5.275795,0.4921919,-1.495412,0,0,0,0,0,0
57.915,64.5864,787.5225,-22.95464,-5.27588,0.4921521,-1.497174,0,0,0,0,0,0
57.92,65.76958,794.2092,-24.38603,-5.275953,0.4921123,-1.498941,0,0,0,0,0,0
57.925,67.13085,800.3925,-25.70521,-5.276008,0.4920731,-1.500675,0,0,0,0,0,0
57.93,68.57908,806.3449,-26.85625,-5.276045,0.4920354,-1.502346,0,0,0,0,0,0
57.935,70.01132,812.1635,-27.84693,-5.276073,0.4919997,-1.50393,0,0,0,0,0,0
57.94,71.32741,817.7189,-28.77736,-5.276102,0.491966,-1.505421,0,0,0,0,0,0
57.945,72.44772,822.6688,-29.8368,-5.27615,0.4919344,-1.506823,0,0,0,0,0,0
57.95,73.32719,826.5224,-31.27067,-5.276233,0.4919044,-1.508153,0,0,0,0,0,0
57.955,73.95676,828.724,-33.33128,-5.276362,0.4918756,-1.509432,0,0,0,0,0,0
57.96,74.347,828.7249,-36.22982,-5.276541,0.4918474,-1.510686,0,0,0,0,0,0
57.965,74.49725,826.029,-40.10139,-5.276762,0.4918191,-1.511943,4.964863,24.53348,-21.9972,-5.024981,0.33293,-1.824245
57.97,74.36182,820.2192,-44.98654,-5.277007,0.4917903,-1.513226,3.545835,45.43695,-24.12804,-5.029546,0.3332036,-1.813437
57.975,73.82922,810.9815,-50.82837,-5.277247,0.4917604,-1.514558,0.144104,76.13235,-22.37174,-5.032848,0.3334128,-1.805163
57.98,72.72774,798.1389,-57.48284,-5.277448,0.491729,-1.515954,-5.042789,117.903,-16.53069,-5.035328,0.3335661,-1.799103
57.985,70.86183,781.6943,-64.7374,-5.277572,0.491696,-1.517418,-11.38005,170.7413,-7.133779,-5.037207,0.3336735,-1.794868
57.99,68.07024,761.8628,-72.32749,-5.277585,0.4916618,-1.518933,-18.0067,232.9332,4.836364,-5.038588,0.3337447,-1.792067
57.995,64.28554,739.0604,-79.94185,-5.27746,0.4916272,-1.520459,-24.13699,301.1692,18.21413,-5.039515,0.3337891,-1.790323
58,59.57097,713.8185,-87.22014,-5.277189,0.4915936,-1.521938,-29.32584,371.3187,31.81344,-5.040015,0.3338162,-1.789256
58.005,54.11785,686.6344,-93.7605,-5.276784,0.4915623,-1.523314,-33.59491,439.6563,44.50945,-5.04014,0.3338364,-1.788446
58.01,48.20267,657.8181,-99.15244,-5.276283,0.4915339,-1.524556,-37.38206,504.0556,55.30694,-5.039968,0.3338616,-1.787416
58.015,42.12101,627.415,-103.0312,-5.27574,0.4915081,-1.525681,-41.34676,564.6529,63.42806,-5.039597,0.3339044,-1.785667
58.02,36.12387,595.2398,-105.1328,-5.275215,0.4914836,-1.526754,-46.10681,623.7329,68.40946,-5.03913,0.3339756,-1.782758
58.025,30.3784,561.0051,-105.3289,-5.27476,0.4914581,-1.527868,-51.99664,684.9103,70.18068,-5.038688,0.3340819,-1.778436
58.03,24.96496,524.498,-103.6324,-5.274403,0.4914296,-1.529119,-58.92777,751.8721,69.09613,-5.038412,0.3342226,-1.772732
58.035,19.90963,485.7584,-100.1739,-5.274148,0.4913967,-1.530568,-66.39285,827.0239,65.89504,-5.038436,0.3343895,-1.765982
58.04,15.23912,445.21,-95.15681,-5.273969,0.4913594,-1.532215,-73.60249,910.4278,61.57084,-5.038836,0.3345697,-1.758719
58.045,11.03489,403.6969,-88.80426,-5.273822,0.4913197,-1.533968,-79.70451,999.4122,57.15961,-5.039595,0.3347495,-1.751492
58.05,7.45986,362.3917,-81.31305,-5.273659,0.4912818,-1.535644,-84.01748,1089.055,53.50743,-5.040625,0.3349184,-1.744718
58.055,4.740648,322.5865,-72.83028,-5.273449,0.4912512,-1.536993,-86.21181,1173.388,51.11129,-5.041809,0.3350707,-1.738628
58.06,3.10432,285.4218,-63.4682,-5.2732,0.4912337,-1.537759,-86.39043,1246.867,50.0998,-5.043033,0.3352039,-1.733311
58.065,2.686691,251.6378,-53.35853,-5.272977,0.4912332,-1.537774,-85.05329,1305.542,50.34197,-5.044199,0.3353176,-1.728779
58.07,3.444063,221.4229,-42.72627,-5.272891,0.4912497,-1.537041,-82.96316,1347.626,51.61304,-5.045218,0.3354115,-1.725038
58.075,5.107337,194.4011,-31.94715,-5.273076,0.4912785,-1.535773,-80.96033,1373.392,53.7394,-5.046008,0.335485,-1.722109
58.08,7.206324,169.76,-21.55407,-5.273636,0.4913114,-1.534334,-79.78862,1384.632,56.67359,-5.046501,0.335537,-1.720034
58.085,9.164707,146.4938,-12.17706,-5.274611,0.4913393,-1.533123,-79.97731,1383.919,60.48536,-5.046658,0.3355665,-1.718853
58.09,10.43961,123.7107,-4.427234,-5.275971,0.4913556,-1.532442,-81.78825,1373.949,65.28085,-5.04647,0.3355731,-1.718574
58.095,10.66411,100.9262,1.241378,-5.277647,0.4913569,-1.532432,-85.21223,1357.099,71.08363,-5.045964,0.335558,-1.719154
58.1,9.745472,78.25398,4.647392,-5.279565,0.4913433,-1.533086,-89.99603,1335.286,77.7301,-5.045198,0.3355242,-1.72048
58.105,7.882346,56.42338,5.935363,-5.281703,0.4913165,-1.534334,-95.68967,1310.036,84.8294,-5.044251,0.3354758,-1.722382
58.11,5.491862,36.5999,5.546539,-5.284158,0.4912769,-1.536155,-101.7114,1282.625,91.80773,-5.043218,0.3354184,-1.724648
58.115,3.073609,20.0424,4.112625,-5.287374,0.4912191,-1.538806,-107.4282,1254.165,98.01718,-5.042193,0.3353573,-1.727057
58.12,0,0,0,0,0,0,-112.2452,1225.604,102.8635,-5.041254,0.3352979,-1.729409
58.125,0,0,0,0,0,0,-115.6901,1197.685,105.9069,-5.040456,0.3352439,-1.731545
58.13,0,0,0,0,0,0,-117.4773,1170.92,106.9101,-5.039833,0.335198,-1.733369
58.135,0,0,0,0,0,0,-117.5357,1145.581,105.8327,-5.0394,0.3351611,-1.734836
58.14,0,0,0,0,0,0,-115.9935,1121.71,102.7925,-5.039153,0.3351333,-1.735947
58.145,0,0,0,0,0,0,-113.122,1099.146,98.02047,-5.039073,0.3351138,-1.736732
58.15,0,0,0,0,0,0,-109.2587,1077.597,91.82749,-5.03913,0.3351014,-1.737235
58.155,0,0,0,0,0,0,-104.7321,1056.723,84.58552,-5.039296,0.3350951,-1.7375
58.16,0,0,0,0,0,0,-99.809,1036.215,76.70927,-5.039545,0.3350938,-1.737567
58.165,0,0,0,0,0,0,-94.67502,1015.836,68.62296,-5.039859,0.3350965,-1.737472
58.17,0,0,0,0,0,0,-89.44518,995.4457,60.70755,-5.040222,0.3351026,-1.737248
58.175,0,0,0,0,0,0,-84.19567,975.005,53.24101,-5.040616,0.335111,-1.736928
58.18,0,0,0,0,0,0,-79.00093,954.5725,46.35542,-5.041025,0.3351211,-1.736544
58.185,0,0,0,0,0,0,-73.9601,934.2735,40.03171,-5.041429,0.3351321,-1.736122
58.19,0,0,0,0,0,0,-69.20124,914.2422,34.13791,-5.041804,0.3351434,-1.735687
58.195,0,0,0,0,0,0,-64.86203,894.5661,28.49784,-5.042125,0.3351545,-1.735258
58.2,0,0,0,0,0,0,-61.05559,875.2609,22.96682,-5.042365,0.3351649,-1.734851
58.205,0,0,0,0,0,0,-57.83708,856.2851,17.48968,-5.042506,0.3351742,-1.734479
58.21,0,0,0,0,0,0,-55.18514,837.5759,12.12401,-5.042546,0.3351823,-1.734154
58.215,0,0,0,0,0,0,-53.00528,819.0877,7.021846,-5.042495,0.335189,-1.733883
58.22,0,0,0,0,0,0,-51.155,800.8227,2.376477,-5.042374,0.335194,-1.733673
58.225,0,0,0,0,0,0,-49.48301,782.8492,-1.648399,-5.042214,0.3351975,-1.733524
58.23,0,0,0,0,0,0,-47.86975,765.296,-4.983675,-5.042054,0.3351996,-1.73343
58.235,0,0,0,0,0,0,-46.25532,748.3162,-7.691907,-5.041927,0.3352008,-1.733372
58.24,0,0,0,0,0,0,-44.6468,732.0347,-9.96267,-5.041856,0.3352018,-1.733328
58.245,0,0,0,0,0,0,-43.1043,716.5092,-12.06655,-5.041846,0.3352031,-1.733274
58.25,0,0,0,0,0,0,-41.71232,701.7293,-14.28251,-5.041885,0.3352053,-1.73319
58.255,0,0,0,0,0,0,-40.54648,687.6465,-16.82198,-5.041949,0.3352084,-1.733065
58.26,0,0,0,0,0,0,-39.64514,674.2115,-19.77309,-5.042012,0.3352126,-1.7329
58.265,0,0,0,0,0,0,-38.99338,661.3985,-23.08145,-5.042051,0.3352173,-1.732712
58.27,0,0,0,0,0,0,-38.52516,649.2173,-26.57123,-5.042043,0.3352218,-1.73253
58.275,0,0,0,0,0,0,-38.1443,637.7191,-29.99743,-5.041976,0.335225,-1.732395
58.28,0,0,0,0,0,0,-37.75823,626.9998,-33.11216,-5.041844,0.3352259,-1.732353
58.285,0,0,0,0,0,0,-37.31214,617.1933,-35.72607,-5.041655,0.3352234,-1.732443
58.29,0,0,0,0,0,0,-36.8108,608.4581,-37.74837,-5.041423,0.3352168,-1.732698
58.295,0,0,0,0,0,0,-36.31983,600.9607,-39.19423,-5.04117,0.3352056,-1.733134
58.3,0,0,0,0,0,0,-35.94637,594.8638,-40.15731,-5.040921,0.3351899,-1.733759
58.305,0,0,0,0,0,0,-35.80639,590.3135,-40.75844,-5.040699,0.3351696,-1.734567
58.31,0,0,0,0,0,0,-35.98983,587.4151,-41.09291,-5.040526,0.3351449,-1.735555
58.315,0,0,0,0,0,0,-36.53532,586.1902,-41.20101,-5.040417,0.3351159,-1.736721
58.32,0,0,0,0,0,0,-37.42204,586.5257,-41.0723,-5.040378,0.3350825,-1.738069
58.325,0,0,0,0,0,0,-38.57999,588.1376,-40.67538,-5.040407,0.3350446,-1.739605
58.33,0,0,0,0,0,0,-39.91442,590.5718,-39.9928,-5.040487,0.3350018,-1.741337
58.335,0,0,0,0,0,0,-41.33728,593.2586,-39.04369,-5.040596,0.3349542,-1.743271
58.34,0,0,0,0,0,0,-42.79712,595.6166,-37.88515,-5.0407,0.3349014,-1.745411
58.345,0,0,0,0,0,0,-44.29749,597.1818,-36.59346,-5.040764,0.3348435,-1.747756
58.35,0,0,0,0,0,0,-45.89597,597.7291,-35.23384,-5.040756,0.3347806,-1.750298
58.355,0,0,0,0,0,0,-47.68283,597.346,-33.83285,-5.040659,0.3347133,-1.753016
58.36,0,0,0,0,0,0,-49.7465,596.4342,-32.36667,-5.040472,0.3346423,-1.755873
58.365,0,0,0,0,0,0,-52.13852,595.6361,-30.77061,-5.040218,0.3345693,-1.758811
58.37,0,0,0,0,0,0,-54.85021,595.7037,-28.96492,-5.039937,0.3344961,-1.761756
58.375,0,0,0,0,0,0,-57.80788,597.3477,-26.88765,-5.039678,0.3344249,-1.76462
58.38,0,0,0,0,0,0,-60.88645,601.1023,-24.52647,-5.039492,0.3343578,-1.767324
58.385,0,0,0,0,0,0,-63.93627,607.2388,-21.94484,-5.039415,0.3342965,-1.769799
58.39,0,0,0,0,0,0,-66.81459,615.7443,-19.29638,-5.039466,0.334242,-1.772006
58.395,0,0,0,0,0,0,-69.41459,626.3626,-16.81841,-5.039644,0.3341948,-1.773926
58.4,0,0,0,0,0,0,-71.68708,638.6805,-14.79853,-5.039932,0.3341547,-1.775563
58.405,0,0,0,0,0,0,-73.6509,652.2314,-13.51857,-5.040301,0.3341212,-1.776938
58.41,0,0,0,0,0,0,-75.38725,666.589,-13.19394,-5.040716,0.3340936,-1.778076
58.415,0,0,0,0,0,0,-77.01652,681.4292,-13.93144,-5.041144,0.3340712,-1.779006
58.42,0,0,0,0,0,0,-78.66272,696.5483,-15.72184,-5.041555,0.3340531,-1.779761
58.425,0,0,0,0,0,0,-80.41674,711.8393,-18.46725,-5.041928,0.3340386,-1.78037
58.43,0,0,0,0,0,0,-82.31076,727.24,-22.02982,-5.042255,0.3340268,-1.780864
58.435,0,0,0,0,0,0,-84.31139,742.6734,-26.28283,-5.042539,0.3340171,-1.781271
58.44,0,0,0,0,0,0,-86.33136,757.9988,-31.14671,-5.042791,0.3340089,-1.781619
58.445,0,0,0,0,0,0,-88.25356,772.9849,-36.59843,-5.043033,0.3340015,-1.781932
58.45,0,0,0,0,0,0,-89.95837,787.3052,-42.65174,-5.043281,0.3339944,-1.782232
58.455,0,0,0,0,0,0,-91.34593,800.5562,-49.31669,-5.043547,0.333987,-1.782546
58.46,0,0,0,0,0,0,-92.34689,812.2922,-56.55567,-5.043829,0.3339786,-1.782901
58.465,-10.73724,26.13299,-26.0136,-5.329052,0.1757516,-2.084992,-92.91871,822.0685,-64.25525,-5.044111,0.3339685,-1.783329
58.47,-11.7816,49.69254,-31.91291,-5.315486,0.1759666,-2.074753,-93.02956,829.4817,-72.22694,-5.044375,0.3339556,-1.783862
58.475,-10.4255,84.5179,-34.27828,-5.306735,0.1761134,-2.067795,-92.63772,834.1972,-80.23996,-5.044605,0.3339395,-1.784526
58.48,-6.410856,131.3194,-32.05339,-5.300943,0.1762142,-2.063034,-91.67688,835.9627,-88.07594,-5.044805,0.3339199,-1.785332
58.485,-0.0628041,188.9937,-24.99834,-5.29702,0.1762834,-2.059766,-90.05489,834.6093,-95.58273,-5.045004,0.333897,-1.78627
58.49,7.809384,254.5312,-13.76389,-5.294293,0.176331,-2.057519,-87.66801,830.0357,-102.6997,-5.045263,0.3338717,-1.787304
58.495,16.16182,323.5921,0.2409622,-5.292325,0.176364,-2.055956,-84.42691,822.1669,-109.4389,-5.045658,0.3338457,-1.788379
58.5,24.01247,391.6679,15.18134,-5.290826,0.1763884,-2.054794,-80.28631,810.8905,-115.8282,-5.046261,0.3338205,-1.789434
58.505,30.67263,455.434,29.25008,-5.28959,0.1764102,-2.053766,-75.26951,796.0047,-121.8444,-5.047104,0.3337971,-1.790425
58.51,35.84417,513.7593,41.08763,-5.288466,0.1764355,-2.052594,-69.48062,777.2192,-127.3631,-5.048161,0.3337759,-1.791345
58.515,39.57548,567.9491,50.01257,-5.28734,0.1764704,-2.051001,-63.10151,754.2259,-132.1446,-5.049351,0.3337556,-1.792232
58.52,42.12299,621.1126,56.00265,-5.286129,0.17652,-2.048766,-56.37257,726.8092,-135.8588,-5.050549,0.3337343,-1.793158
58.525,43.7978,676.8995,59.49502,-5.284793,0.1765866,-2.045788,-49.56006,694.9504,-138.1461,-5.05162,0.3337099,-1.794209
58.53,44.87261,738.0811,61.142,-5.283337,0.1766684,-2.042138,-42.91839,658.8951,-138.6952,-5.05245,0.3336801,-1.795457
58.535,45.57945,805.4725,61.62688,-5.281814,0.1767605,-2.038036,-36.65869,619.1737,-137.3105,-5.05298,0.3336444,-1.796931
58.54,46.16958,877.5353,61.56022,-5.280307,0.1768564,-2.033767,-30.93207,576.5706,-133.9419,-5.053231,0.3336037,-1.798593
58.545,46.97149,950.7531,61.41822,-5.278905,0.1769504,-2.029592,-25.82914,532.0505,-128.6614,-5.053298,0.3335606,-1.80034
58.55,48.38919,1020.614,61.48875,-5.277682,0.1770386,-2.025682,-21.39182,486.6553,-121.603,-5.053333,0.3335191,-1.802018
58.555,50.82128,1082.849,61.83323,-5.276687,0.1771191,-2.02212,-17.63124,441.3942,-112.9005,-5.053493,0.3334834,-1.803473
58.56,54.5298,1134.514,62.2988,-5.275935,0.1771916,-2.018918,-14.54567,397.1463,-102.6595,-5.05388,0.3334562,-1.804595
58.565,59.52009,1174.562,62.59874,-5.275419,0.1772566,-2.016061,-12.13119,354.5851,-90.98586,-5.054488,0.333438,-1.805365
58.57,65.49209,1203.782,62.44255,-5.275106,0.1773142,-2.013539,-10.37821,314.1233,-78.05835,-5.055186,0.3334263,-1.805875
58.575,71.89309,1224.17,61.67112,-5.274955,0.1773639,-2.011369,-9.251161,275.8847,-64.21791,-5.055731,0.3334164,-1.806306
58.58,78.05769,1238.046,60.34603,-5.274918,0.1774046,-2.009601,-8.659277,239.7216,-50.0255,-5.055833,0.3334021,-1.80689
58.585,83.3827,1247.246,58.75579,-5.274952,0.1774344,-2.008306,-8.436518,205.2998,-36.24884,-5.055244,0.3333781,-1.807828
58.59,87.47129,1252.664,57.3324,-5.275028,0.1774519,-2.00755,-8.349858,172.2527,-23.76068,-5.053839,0.3333414,-1.809234
58.595,90.19683,1254.258,56.50546,-5.275135,0.1774563,-2.007367,-8.143659,140.3769,-13.36639,-5.051646,0.3332922,-1.811101
58.6,91.67369,1251.4,56.5466,-5.275275,0.1774479,-2.007743,-7.608075,109.8101,-5.613384,-5.048825,0.3332334,-1.813319
58.605,92.16147,1243.385,57.46357,-5.27546,0.1774281,-2.008615,-6.643917,81.12332,-0.6528463,-5.045594,0.3331694,-1.815725
58.61,91.94997,1229.856,58.98607,-5.275704,0.1773993,-2.00988,-5.294648,55.26637,1.789695,-5.042145,0.3331044,-1.818157
58.615,91.26765,1211.021,60.64662,-5.276015,0.1773645,-2.011415,-3.729819,33.35229,2.321971,-5.038562,0.3330418,-1.820489
58.62,90.23586,1187.628,61.91961,-5.276391,0.1773264,-2.013094,0,0,0,0,0,0
58.625,88.86899,1160.775,62.36036,-5.276818,0.1772876,-2.014806,0,0,0,0,0,0
58.63,87.10774,1131.653,61.69296,-5.277269,0.1772501,-2.016466,0,0,0,0,0,0
58.635,84.86928,1101.325,59.8264,-5.277709,0.177215,-2.01802,0,0,0,0,0,0
58.64,82.10035,1070.592,56.81382,-5.278106,0.1771828,-2.019445,0,0,0,0,0,0
58.645,78.81957,1039.949,52.79092,-5.278435,0.1771535,-2.02074,0,0,0,0,0,0
58.65,75.13633,1009.623,47.92867,-5.278688,0.1771267,-2.02192,0,0,0,0,0,0
58.655,71.23776,979.6531,42.41742,-5.278877,0.1771019,-2.02301,0,0,0,0,0,0
58.66,67.34624,949.9743,36.47626,-5.279029,0.1770785,-2.024036,0,0,0,0,0,0
58.665,63.66201,920.4971,30.36608,-5.27918,0.1770559,-2.025029,0,0,0,0,0,0
58.67,60.31177,891.1599,24.38431,-5.279364,0.1770335,-2.026015,0,0,0,0,0,0
58.675,57.32216,861.9614,18.83325,-5.279597,0.1770107,-2.02702,0,0,0,0,0,0
58.68,54.62713,832.9726,13.97102,-5.279878,0.1769871,-2.028064,0,0,0,0,0,0
58.685,52.10555,804.3337,9.962942,-5.280187,0.1769623,-2.029161,0,0,0,0,0,0
58.69,49.63437,776.2388,6.850713,-5.280493,0.1769362,-2.030315,0,0,0,0,0,0
58.695,47.13885,748.9203,4.549161,-5.280766,0.1769089,-2.031519,0,0,0,0,0,0
58.7,44.62331,722.6381,2.870436,-5.280986,0.1768809,-2.032752,0,0,0,0,0,0
58.705,42.17374,697.6707,1.566857,-5.281157,0.1768528,-2.03398,0,0,0,0,0,0
58.71,39.93313,674.3034,0.3794664,-5.281298,0.1768258,-2.035163,0,0,0,0,0,0
58.715,38.05793,652.8125,-0.9189301,-5.281446,0.1768008,-2.036258,0,0,0,0,0,0
58.72,36.66972,633.4496,-2.491815,-5.281636,0.1767787,-2.037233,0,0,0,0,0,0
58.725,35.81622,616.4271,-4.419185,-5.281888,0.17676,-2.038063,0,0,0,0,0,0
58.73,35.45264,601.8972,-6.690413,-5.282193,0.1767449,-2.038739,0,0,0,0,0,0
58.735,35.44812,589.9206,-9.211739,-5.282514,0.1767332,-2.039265,0,0,0,0,0,0
58.74,35.61582,580.4305,-11.83018,-5.282794,0.1767246,-2.039658,0,0,0,0,0,0
58.745,35.75916,573.2146,-14.37164,-5.282976,0.1767184,-2.039942,0,0,0,0,0,0
58.75,35.72238,567.9303,-16.68494,-5.283021,0.1767137,-2.040146,0,0,0,0,0,0
58.755,35.43204,564.1567,-18.67981,-5.282926,0.1767101,-2.040297,0,0,0,0,0,0
58.76,34.91783,561.4662,-20.34856,-5.282722,0.1767072,-2.040412,0,0,0,0,0,0
58.765,34.306,559.4979,-21.76657,-5.28247,0.1767047,-2.040501,0,0,0,0,0,0
58.77,33.78555,558.019,-23.07218,-5.282244,0.1767028,-2.04057,0,0,0,0,0,0
58.775,33.55564,556.9642,-24.43077,-5.282108,0.1767015,-2.040619,0,0,0,0,0,0
58.78,33.76854,556.4366,-25.99099,-5.282099,0.1767008,-2.040648,0,0,0,0,0,0
58.785,34.48484,556.6592,-27.84446,-5.282213,0.1767007,-2.040657,0,0,0,0,0,0
58.79,35.65474,557.8831,-30.00131,-5.282409,0.1767012,-2.040651,0,0,0,0,0,0
58.795,37.13246,560.2825,-32.39082,-5.282621,0.1767016,-2.040647,0,0,0,0,0,0
58.8,38.72057,563.8757,-34.88645,-5.28278,0.1767012,-2.040673,0,0,0,0,0,0
58.805,40.23119,568.5016,-37.34453,-5.282833,0.1766993,-2.040762,0,0,0,0,0,0
58.81,41.54428,573.861,-39.63942,-5.282762,0.1766947,-2.040955,0,0,0,0,0,0
58.815,42.64379,579.608,-41.68187,-5.282581,0.1766867,-2.041289,0,0,0,0,0,0
58.82,43.62039,585.4625,-43.41698,-5.282336,0.1766746,-2.041802,0,0,0,0,0,0
58.825,44.64098,591.3077,-44.80838,-5.282081,0.1766577,-2.042519,0,0,0,0,0,0
58.83,45.89562,597.2388,-45.82063,-5.281867,0.1766357,-2.043458,0,0,0,0,0,0
58.835,47.53835,603.544,-46.41264,-5.281721,0.1766089,-2.044616,0,0,0,0,0,0
58.84,49.63892,610.6208,-46.55077,-5.281641,0.1765775,-2.045971,0,0,0,0,0,0
58.845,52.15788,618.8582,-46.24016,-5.281596,0.1765427,-2.047482,0,0,0,0,0,0
58.85,54.95134,628.5231,-45.56033,-5.281538,0.1765056,-2.049087,0,0,0,0,0,0
58.855,57.80379,639.6849,-44.68379,-5.281418,0.1764678,-2.050721,0,0,0,0,0,0
58.86,60.48079,652.1986,-43.86103,-5.281203,0.1764307,-2.052322,0,0,0,0,0,0
58.865,62.78763,665.7501,-43.37078,-5.280885,0.1763952,-2.053841,0,0,0,0,0,0
58.87,64.61745,679.9518,-43.45098,-5.280481,0.1763621,-2.055253,0,0,0,0,0,0
58.875,65.97312,694.4581,-44.23473,-5.280025,0.1763315,-2.056551,0,0,0,0,0,0
58.88,66.95533,709.0671,-45.7146,-5.279556,0.1763033,-2.057746,0,0,0,0,0,0
58.885,67.72059,723.7719,-47.74953,-5.279109,0.1762771,-2.058854,0,0,0,0,0,0
58.89,68.42518,738.7478,-50.11433,-5.278702,0.1762526,-2.05989,0,0,0,0,0,0
58.895,69.17596,754.2825,-52.57618,-5.278336,0.1762296,-2.060864,0,0,0,0,0,0
58.9,70.0056,770.6757,-54.97181,-5.277999,0.1762081,-2.061775,0,0,0,0,0,0
58.905,70.8788,788.1424,-57.25809,-5.277669,0.1761882,-2.062618,0,0,0,0,0,0
58.91,71.72328,806.7467,-59.52086,-5.277327,0.1761701,-2.063382,0,0,0,0,0,0
58.915,72.47003,826.3802,-61.94537,-5.276959,0.1761539,-2.064061,0,0,0,0,0,0
58.92,73.08627,846.7849,-64.76686,-5.276564,0.1761397,-2.064655,0,0,0,0,0,0
58.925,73.58958,867.6024,-68.22255,-5.276154,0.1761273,-2.065166,0,0,0,0,0,0
58.93,74.04079,888.4288,-72.51795,-5.275748,0.1761166,-2.065602,0,0,0,0,0,0
58.935,74.51997,908.8575,-77.8093,-5.27537,0.1761075,-2.065971,0,0,0,0,0,0
58.94,75.09413,928.5002,-84.19747,-5.275037,0.1760999,-2.066282,0,0,0,0,0,0
58.945,75.78671,946.9866,-91.72948,-5.274762,0.1760934,-2.066544,0,0,0,0,0,0
58.95,76.55799,963.946,-100.4042,-5.274544,0.1760879,-2.066768,0,0,0,0,0,0
58.955,77.30204,978.9787,-110.1786,-5.274375,0.1760831,-2.066967,0,0,0,0,0,0
58.96,77.8602,991.6273,-120.971,-5.274237,0.1760784,-2.067159,0,0,0,0,0,0
58.965,78.04561,1001.362,-132.6574,-5.274108,0.1760735,-2.067365,0,0,0,0,0,0
58.97,77.67081,1007.593,-145.0621,-5.273967,0.1760677,-2.067606,NaN,NaN,NaN,NaN,NaN,NaN
58.975,76.57152,1009.703,-157.9464,-5.2738,0.1760606,-2.067907,NaN,NaN,NaN,NaN,NaN,NaN
58.98,74.62311,1007.105,-171.0019,-5.273596,0.1760515,-2.068286,NaN,NaN,NaN,NaN,NaN,NaN
58.985,71.74963,999.2965,-183.8551,-5.273352,0.1760403,-2.068757,NaN,NaN,NaN,NaN,NaN,NaN
58.99,67.92742,985.9077,-196.0832,-5.273072,0.1760267,-2.06933,NaN,NaN,NaN,NaN,NaN,NaN
58.995,63.18485,966.7269,-207.2402,-5.272758,0.1760107,-2.070003,NaN,NaN,NaN,NaN,NaN,NaN
59,57.59801,941.7066,-216.8855,-5.272412,0.1759925,-2.070774,NaN,NaN,NaN,NaN,NaN,NaN
59.005,51.28194,910.9469,-224.6108,-5.272035,0.1759721,-2.071635,NaN,NaN,NaN,NaN,NaN,NaN
59.01,44.37966,874.6707,-230.0589,-5.271622,0.1759496,-2.072581,NaN,NaN,NaN,NaN,NaN,NaN
59.015,37.05386,833.2071,-232.9304,-5.27117,0.1759251,-2.073615,NaN,NaN,NaN,NaN,NaN,NaN
59.02,29.48717,786.9947,-232.9787,-5.270679,0.1758983,-2.074747,NaN,NaN,NaN,NaN,NaN,NaN
59.025,21.8929,736.6014,-229.9997,-5.270156,0.1758688,-2.075997,NaN,NaN,NaN,NaN,NaN,NaN
59.03,14.53129,682.7445,-223.8245,-5.269623,0.1758359,-2.077389,NaN,NaN,NaN,NaN,NaN,NaN
59.035,7.719349,626.286,-214.3267,-5.269116,0.1757994,-2.078941,NaN,NaN,NaN,NaN,NaN,NaN
59.04,1.820127,568.1859,-201.4502,-5.268692,0.1757591,-2.080663,NaN,NaN,NaN,NaN,NaN,NaN
59.045,-2.79732,509.4154,-185.2587,-5.268422,0.1757155,-2.082539,NaN,NaN,NaN,NaN,NaN,NaN
59.05,-5.825527,450.8556,-165.9995,-5.268391,0.1756699,-2.084519,NaN,NaN,NaN,NaN,NaN,NaN
59.055,-7.09914,393.2188,-144.1652,-5.268691,0.1756243,-2.086517,NaN,NaN,NaN,NaN,NaN,NaN
59.06,-6.664451,337.0315,-120.5303,-5.269406,0.1755817,-2.088416,NaN,NaN,NaN,NaN,NaN,NaN
59.065,-4.812229,282.6977,-96.14217,-5.270605,0.1755453,-2.090077,NaN,NaN,NaN,NaN,NaN,NaN
59.07,-2.054967,230.6302,-72.25375,-5.272334,0.1755183,-2.091365,NaN,NaN,NaN,NaN,NaN,NaN
59.075,0.9570055,181.4065,-50.19466,-5.274625,0.1755035,-2.092158,NaN,NaN,NaN,NaN,NaN,NaN
59.08,3.568277,135.88,-31.19143,-5.277516,0.1755035,-2.092351,NaN,NaN,NaN,NaN,NaN,NaN
59.085,5.267797,95.18227,-16.1657,-5.281101,0.175521,-2.091828,NaN,NaN,NaN,NaN,NaN,NaN
59.09,5.808314,60.5703,-5.558052,-5.285667,0.1755618,-2.09036,NaN,NaN,NaN,NaN,NaN,NaN
59.095,5.251824,33.13059,0.7661949,-5.292169,0.1756428,-2.087273,NaN,NaN,NaN,NaN,NaN,NaN
59.1,0,0,0,0,0,0,NaN,NaN,NaN,NaN,NaN,NaN
59.105,0,0,0,0,0,0,NaN,NaN,NaN,NaN,NaN,NaN
59.11,0,0,0,0,0,0,NaN,NaN,NaN,NaN,NaN,NaN
59.115,0,0,0,0,0,0,NaN,NaN,NaN,NaN,NaN,NaN
59.12,0,0,0,0,0,0,NaN,NaN,NaN,NaN,NaN,NaN
59.125,0,0,0,0,0,0,NaN,NaN,NaN,NaN,NaN,NaN
59.13,0,0,0,0,0,0,NaN,NaN,NaN,NaN,NaN,NaN
59.135,0,0,0,0,0,0,NaN,NaN,NaN,NaN,NaN,NaN
59.14,0,0,0,0,0,0,NaN,NaN,NaN,NaN,NaN,NaN
59.145,0,0,0,0,0,0,NaN,NaN,NaN,NaN,NaN,NaN
59.15,0,0,0,0,0,0,NaN,NaN,NaN,NaN,NaN,NaN
59.155,0,0,0,0,0,0,NaN,NaN,NaN,NaN,NaN,NaN
59.16,0,0,0,0,0,0,NaN,NaN,NaN,NaN,NaN,NaN
59.165,0,0,0,0,0,0,NaN,NaN,NaN,NaN,NaN,NaN
59.17,0,0,0,0,0,0,NaN,NaN,NaN,NaN,NaN,NaN
59.175,0,0,0,0,0,0,NaN,NaN,NaN,NaN,NaN,NaN
59.18,0,0,0,0,0,0,NaN,NaN,NaN,NaN,NaN,NaN
59.185,0,0,0,0,0,0,NaN,NaN,NaN,NaN,NaN,NaN
59.19,0,0,0,0,0,0,NaN,NaN,NaN,NaN,NaN,NaN
59.195,0,0,0,0,0,0,NaN,NaN,NaN,NaN,NaN,NaN
59.2,0,0,0,0,0,0,NaN,NaN,NaN,NaN,NaN,NaN
59.205,0,0,0,0,0,0,NaN,NaN,NaN,NaN,NaN,NaN
59.21,0,0,0,0,0,0,NaN,NaN,NaN,NaN,NaN,NaN
59.215,0,0,0,0,0,0,NaN,NaN,NaN,NaN,NaN,NaN
59.22,0,0,0,0,0,0,NaN,NaN,NaN,NaN,NaN,NaN
59.225,0,0,0,0,0,0,NaN,NaN,NaN,NaN,NaN,NaN
59.23,0,0,0,0,0,0,NaN,NaN,NaN,NaN,NaN,NaN
59.235,0,0,0,0,0,0,NaN,NaN,NaN,NaN,NaN,NaN
59.24,0,0,0,0,0,0,NaN,NaN,NaN,NaN,NaN,NaN
59.245,0,0,0,0,0,0,NaN,NaN,NaN,NaN,NaN,NaN
