time,hip_flexion_l,hip_adduction_l,hip_rotation_l,knee_angle_l,ankle_angle_l,subtalar_angle_l,hip_flexion_r,hip_adduction_r,hip_rotation_r,knee_angle_r,ankle_angle_r,subtalar_angle_r
19.575,49.32632519,-4.70464348,-12.08839443,-81.53898406,8.77976172,3.71425113,-5.84870022,-0.31019473,-11.12780727,-0.15072838,-3.7538057,0.48176081
19.58,49.67704337,-4.68347144,-12.20216666,-80.93544903,8.82002185,3.7377406,-6.20626431,-0.24623015,-11.11297346,0.08610868,-3.72631245,0.50788959
19.585,49.8749533,-4.45653606,-12.60495533,-80.19055808,9.1928519,4.21758289,-6.75624602,-0.53191815,-10.67748053,0.62123985,-3.80504976,0.5054397
19.59,50.20764662,-4.38388538,-12.73315555,-79.5450624,9.23017829,4.30109783,-7.20749608,-0.5143577,-10.51687632,0.98780072,-3.76105693,0.54587132
19.595,50.50352879,-4.27542823,-12.91092004,-78.85243632,9.29031522,4.46012981,-7.67551034,-0.55725589,-10.27512631,1.36866425,-3.73688153,0.57904337
19.6,50.54349962,-4.15162652,-13.45192991,-78.00778822,9.47564294,5.09228618,-8.18476368,-0.9199672,-9.84880556,1.68765337,-3.79208417,0.38100703
19.605,50.84395948,-4.15643357,-13.51860029,-77.32984378,9.47446503,5.11665137,-8.51687951,-0.82580449,-9.84921404,1.81785758,-3.75245588,0.38324347
19.61,51.09662571,-3.97736242,-13.64634189,-76.63829824,9.41543961,5.30402055,-9.04455473,-0.90626648,-9.42366747,2.28580997,-3.67775029,0.42381164
19.615,51.00532762,-3.88047294,-14.20603522,-75.77305841,9.35400485,5.99713235,-9.55759932,-1.30476068,-8.85354043,2.54107786,-3.69772675,0.02020194
19.62,51.23955587,-3.86684063,-14.23055527,-75.12418616,9.34168638,6.02294425,-9.86205878,-1.21609534,-8.82326112,2.6275537,-3.66120718,0.01804362
19.625,51.16740366,-3.72490564,-14.61386543,-74.34916497,9.06331865,6.54238408,-10.40791255,-1.53335627,-8.09579894,2.9416987,-3.60990292,-0.40498231
19.63,51.34503546,-3.7033977,-14.6201753,-73.72670333,9.04640441,6.56415107,-10.67319266,-1.44374185,-8.06197455,2.97921582,-3.57689939,-0.40989312
19.635,51.24216934,-3.57522583,-14.95297497,-72.99273638,8.62687053,6.97777868,-11.11643394,-1.74190071,-7.29764112,3.15640027,-3.46340703,-0.88608675
19.64,51.34889305,-3.51255054,-14.93444872,-72.40907644,8.58844152,7.00913793,-11.35611952,-1.67807989,-7.2020477,3.14793628,-3.42614215,-0.90084108
19.645,51.24891625,-3.41680443,-15.15183289,-71.76668744,8.04929341,7.30310588,-11.70337444,-1.87402412,-6.50212035,3.19183381,-3.1965336,-1.32792842
19.65,51.10105071,-3.35004223,-15.36220999,-71.15403143,7.76496589,7.43040782,-11.99806437,-2.03632014,-5.96709569,3.14865681,-3.15598819,-1.86001724
19.655,51.09145539,-3.21326503,-15.30925647,-70.63577288,7.67192074,7.47261184,-12.17743264,-2.01835294,-5.75773975,3.01307221,-3.10210389,-1.91411734
19.66,50.94842794,-3.18518588,-15.45048962,-70.13132818,7.11079673,7.60001169,-12.40250673,-2.11964483,-5.14881854,2.89733703,-2.795329,-2.37310338
19.665,50.88689537,-3.06740172,-15.392551,-69.68082207,7.06244275,7.61346291,-12.52968504,-2.07699675,-5.00668173,2.71231679,-2.76646929,-2.41982348
19.67,50.57091868,-3.03805259,-15.68280446,-69.16935157,6.4796838,7.53139261,-12.70974324,-2.31922492,-4.18570108,2.45451394,-2.53435801,-3.24056363
19.675,50.43498986,-2.8762508,-15.59935856,-68.79374995,6.38092648,7.53762378,-12.81808184,-2.30176106,-3.94568684,2.17870615,-2.47518207,-3.3395615
19.68,50.08301521,-2.87087483,-15.81088123,-68.38634034,5.89003557,7.27052326,-12.99385567,-2.44879497,-3.18910567,1.90735353,-2.34580788,-4.22853566
19.685,49.9211416,-2.71979908,-15.69596017,-68.06203994,5.84950199,7.2760325,-13.0593727,-2.38974523,-3.0344575,1.62151257,-2.31116146,-4.26544865
19.69,49.71111811,-2.55755658,-15.63728192,-67.77562083,5.70636628,7.24641969,-13.07294478,-2.40537717,-2.73812635,1.20015219,-2.14908333,-4.41276706
19.695,49.41622546,-2.5878412,-15.74905895,-67.52607064,5.33172577,7.00133926,-13.06790089,-2.4562778,-2.16880087,0.73907676,-1.68439072,-4.87872639
19.7,49.18908618,-2.41991592,-15.63980599,-67.31352514,5.30499833,6.96379004,-13.10950896,-2.40033646,-1.97858476,0.39044661,-1.67094547,-4.92329487
19.705,48.69683949,-2.42496038,-15.95574044,-67.0280691,4.90414651,6.06163064,-13.15354306,-2.6323407,-1.17134542,-0.08279131,-1.63796655,-5.83988377
19.71,48.45414688,-2.24381804,-15.81438757,-66.88126618,4.90647559,6.04322409,-13.16504541,-2.57197367,-0.99921694,-0.46812395,-1.6209016,-5.86657158
19.715,48.0616677,-2.25367813,-15.96351747,-66.70560147,4.82083195,5.39704053,-13.10094063,-2.65867132,-0.43986309,-1.02265036,-1.43715569,-6.33370517
19.72,47.7883432,-2.07264176,-15.83004097,-66.60269544,4.84827548,5.3602686,-13.08664475,-2.61375287,-0.27764094,-1.44913085,-1.43774566,-6.35043258
19.725,47.43756392,-2.07773932,-15.92560221,-66.49829362,5.06120678,4.86216856,-12.9469685,-2.65819142,0.09667097,-2.05034837,-1.29417527,-6.45141891
19.73,47.11291,-1.96700673,-15.89561501,-66.39250548,5.17725832,4.59796652,-12.83239448,-2.6701631,0.28862642,-2.6085018,-1.31294034,-6.47318816
19.735,46.80722879,-1.79677546,-15.75383053,-66.34177235,5.22737912,4.52416367,-12.80142146,-2.62462727,0.45972515,-3.04385964,-1.34465704,-6.46358629
19.74,46.42152787,-1.82601487,-15.9209259,-66.22854356,5.65146348,3.78450963,-12.57696489,-2.72519896,0.79432662,-3.71087108,-1.43385725,-6.33520107
19.745,46.103441,-1.65561245,-15.77320069,-66.19257565,5.70487432,3.70989067,-12.51812937,-2.68870159,0.94920578,-4.17883726,-1.49091747,-6.30857318
19.75,45.73221123,-1.66435202,-15.89688621,-66.09078619,6.17474981,3.12600559,-12.22497878,-2.76473788,1.08112371,-4.9224376,-1.76346934,-6.07247603
19.755,45.36965623,-1.60727434,-15.95252117,-65.99516819,6.51592101,2.5489122,-12.01497697,-2.84647392,1.32223504,-5.51660785,-1.98477228,-5.68427745
19.76,45.02274423,-1.52051791,-15.92219655,-65.91745589,6.78089844,2.23821109,-11.77126365,-2.88296856,1.39096568,-6.18863894,-2.21798789,-5.42397028
19.765,44.71272248,-1.4378785,-15.99325287,-65.78939459,7.05001181,1.58285467,-11.40775011,-3.02172467,1.47759906,-6.90492572,-2.29772559,-4.46490222
19.77,44.35008645,-1.37959196,-15.93484574,-65.69798482,7.44844526,1.36505245,-11.1263233,-3.02583782,1.4804054,-7.61483776,-2.71836913,-4.20325821
19.775,43.99295209,-1.32464887,-15.91365991,-65.56992805,7.91556625,1.08287553,-10.79891374,-3.06285664,1.53952653,-8.33067796,-3.22185629,-3.74709227
19.78,43.60735778,-1.17210139,-15.69100081,-65.48178663,8.01899676,1.03190465,-10.63158591,-3.02267293,1.66557315,-8.93379243,-3.38283943,-3.65792559
19.785,43.32665761,-1.21049,-15.86839582,-65.27022449,8.8020535,0.54536021,-9.95086911,-3.2003149,1.54904823,-9.92511047,-4.24779951,-2.48631828
19.79,42.94516539,-1.16446343,-15.7812318,-65.10954397,9.10393792,0.39705891,-9.5103636,-3.21742365,1.43458161,-10.85345125,-4.69085923,-2.18310154
19.795,42.57092608,-1.13404776,-15.74552181,-64.89985485,9.57711083,0.17169001,-8.99722029,-3.26232027,1.34274181,-11.7892041,-5.39055884,-1.60067475
19.8,42.45921232,-1.07444456,-15.73339341,-64.66189488,10.02781619,-0.08010182,-8.14437429,-3.39809548,1.14841419,-12.83775135,-5.70055108,0.02653936
19.805,42.02113503,-1.02602752,-15.62684605,-64.40489522,10.35404937,-0.20548253,-7.61032237,-3.41390585,1.01110836,-13.90380219,-6.33421594,0.2583524
19.81,41.68493403,-0.95891533,-15.59311222,-64.09127179,10.88474333,-0.38524738,-6.91632726,-3.51289345,0.9324387,-14.94626988,-7.3090824,1.02998064
19.815,41.22164468,-0.93646681,-15.46638438,-63.78275969,11.1294562,-0.46071189,-6.28966259,-3.51036436,0.71241253,-16.1575678,-7.8139202,1.21532767
19.82,40.97575009,-0.88616426,-15.43302901,-63.39615109,11.62600504,-0.59632392,-5.35234292,-3.61423707,0.52389171,-17.38928102,-8.73312195,2.05141487
19.825,40.47225941,-0.84347464,-15.28688778,-63.03125284,11.84996146,-0.6578211,-4.65865459,-3.61614426,0.29944336,-18.73317427,-9.23050421,2.18305405
19.83,40.15411568,-0.76324287,-15.24379612,-62.56876756,12.3350819,-0.79727865,-3.67320877,-3.73164945,0.09031823,-20.09453218,-10.24672901,2.72168446
19.835,39.63085569,-0.73466959,-15.09348836,-62.14443878,12.52538441,-0.83893111,-2.87502571,-3.72746465,-0.17385616,-21.58771605,-10.70932462,2.79203027
19.84,39.43443033,-0.63628653,-15.04057371,-61.62937063,12.94532536,-0.96245306,-1.63516311,-3.85409863,-0.37411707,-23.13275573,-11.66163938,3.06757037
19.845,38.84406454,-0.60179891,-14.87403637,-61.11556447,13.10182888,-0.99427516,-0.78462388,-3.84117974,-0.64164166,-24.73673433,-12.0481956,3.02871779
19.85,38.28385562,-0.53736165,-14.72903889,-60.58593143,13.33377211,-1.0569669,0.15819935,-3.8741953,-0.91614914,-26.43319214,-12.56712058,2.96628702
19.855,37.75453787,-0.44306827,-14.61318397,-59.98913889,13.6006086,-1.14008004,1.20487691,-3.94282136,-1.17426127,-28.17974211,-13.14234007,2.80948174
19.86,37.21295929,-0.33771425,-14.49108385,-59.36668495,13.8300137,-1.21650794,2.29158822,-4.0136506,-1.40130333,-29.99488476,-13.64640193,2.53948362
19.865,37.27726017,-0.18629664,-14.54496503,-58.6589258,14.05137026,-1.44169298,4.13431556,-4.17740267,-1.38712875,-31.91831286,-14.54043624,1.16667778
19.87,36.58825669,-0.14722189,-14.32370914,-58.03213416,14.15886357,-1.46142027,5.10501428,-4.12170758,-1.62427614,-33.818396,-14.75670495,0.93766311
19.875,36.37420826,-0.01387968,-14.30198894,-57.29899398,14.33573102,-1.67836197,6.72442444,-4.21090389,-1.67374177,-35.85150896,-15.35072815,-0.65331059
19.88,35.88685129,0.11587748,-14.18707787,-56.57968946,14.48318737,-1.80321193,8.04220062,-4.25539841,-1.78974299,-37.89777869,-15.65099605,-1.74192157
19.885,35.34235526,0.24892169,-14.0887004,-55.81288032,14.59040629,-1.93045654,9.36252555,-4.30239406,-1.87570543,-39.99438692,-15.88503825,-2.91826638
19.89,34.76190935,0.43473194,-14.04171847,-55.00971306,14.71965607,-2.07456138,10.67794019,-4.41361326,-1.94902842,-42.11829292,-15.96850797,-4.22741044
19.895,34.01722239,0.49391366,-13.78831133,-54.25499982,14.74265717,-2.07800831,11.77023789,-4.32220618,-2.06404253,-44.21892109,-16.02410584,-4.66255842
19.9,33.53262082,0.7679261,-13.85603623,-53.35055751,14.77400236,-2.30706153,13.3101465,-4.50440964,-1.96529004,-46.4488901,-16.10882083,-6.82549082
19.905,33.07511733,0.8355617,-13.74087139,-52.5289762,14.73139016,-2.48434071,14.78902938,-4.42236543,-1.96144112,-48.60188467,-16.49278209,-8.66387636
19.91,32.23940147,0.90488384,-13.51819314,-51.70153051,14.75386238,-2.46649597,15.8379005,-4.34034279,-2.03416503,-50.71411824,-16.35077813,-9.05276469
19.915,31.58276123,1.30330828,-13.6327988,-50.66696446,14.7829479,-2.6304808,17.28402087,-4.62277577,-1.88949235,-52.97115241,-15.86275202,-11.09071301
19.92,30.94973067,1.48452701,-13.64356581,-49.71913524,14.64480802,-2.79293462,18.69129475,-4.66507134,-1.78268599,-55.16961887,-15.99550144,-12.81981836
19.925,30.20101631,1.66810726,-13.56241745,-48.75270765,14.60272342,-2.86135527,19.93942253,-4.68557244,-1.73877272,-57.30760173,-15.68285155,-14.11402579
19.93,29.36317426,1.70045492,-13.3828085,-47.82358851,14.55326937,-2.83228645,21.03540364,-4.55345007,-1.76836267,-59.35784789,-15.49775371,-14.57604446
19.935,28.75895117,2.02544283,-13.54414407,-46.73105652,14.3049709,-3.07341386,22.56253267,-4.72962684,-1.55006411,-61.52877291,-15.50268139,-17.07566062
19.94,27.86843409,2.03028866,-13.35573084,-45.72667394,14.24824765,-3.01135679,23.59937078,-4.56001285,-1.58932891,-63.46471757,-15.22243481,-17.42951964
19.945,27.00355849,2.42878667,-13.52156206,-44.56932086,14.06282644,-2.97720074,24.85594968,-4.82428389,-1.38288949,-65.57714163,-14.37719075,-18.90005796
19.95,26.1488161,2.58484185,-13.53561417,-43.47255066,13.86668,-2.94380926,26.02373544,-4.83328955,-1.29460827,-67.53776481,-13.91213694,-19.79212494
19.955,25.25736319,2.79767798,-13.63471789,-42.30391363,13.61912399,-2.91735125,27.18966044,-4.90087169,-1.14053607,-69.44429772,-13.49986103,-20.71114783
19.96,24.36571248,2.76534216,-13.5403689,-41.20404276,13.48876277,-2.83526875,28.22472028,-4.73458556,-1.17641067,-71.18221546,-13.19260013,-21.04814464
19.965,23.39944623,3.07810222,-13.73811887,-39.95716756,13.12542495,-2.68404404,29.34748087,-4.90932434,-0.98309992,-73.03395215,-12.33983968,-21.97684383
19.97,22.49647612,3.01731633,-13.67758857,-38.80041954,12.98229658,-2.58688646,30.35878281,-4.73715801,-1.04515615,-74.62549618,-12.05993572,-22.21092553
19.975,21.46194632,3.35630223,-14.00362829,-37.48841468,12.51901782,-2.33974961,31.42454926,-4.94979672,-0.7901191,-76.34713464,-11.07847506,-22.78274766
19.98,20.4750574,3.44250724,-14.14458422,-36.24512335,12.17081045,-2.12135253,32.40539851,-4.93859464,-0.74281392,-77.88467209,-10.34148765,-22.97734541
19.985,19.47281278,3.51265132,-14.30287389,-34.97089408,11.80731886,-1.8440738,33.35843819,-4.91997966,-0.714676,-79.32882305,-9.56023819,-23.05727171
19.99,18.56178714,3.42656121,-14.33007092,-33.74371824,11.64086472,-1.69842652,34.31904557,-4.76919841,-0.84214255,-80.62575872,-9.24646709,-23.12819537
19.995,17.33642898,3.71567978,-14.80240396,-32.35600683,11.13332562,-1.12515979,35.14396409,-4.94959308,-0.54505744,-82.03596324,-7.73041279,-22.31331157
20,16.40815561,3.60929539,-14.8873727,-31.09283496,10.83113688,-0.89829367,36.03814824,-4.8150725,-0.72896798,-83.15086915,-7.2326617,-22.35906034
20.005,15.21771078,3.74714506,-15.28645628,-29.73223192,10.37869894,-0.23497225,36.78814905,-4.8835392,-0.58327796,-84.33222185,-5.62745403,-21.05276754
20.01,14.18656532,3.71510101,-15.50581683,-28.42418185,9.96849248,0.22480674,37.57847902,-4.8247427,-0.66815911,-85.32596342,-4.50945886,-20.2289577
20.015,13.18385985,3.68898772,-15.8367034,-27.12637766,9.52839929,0.74820489,38.39248291,-4.78819059,-0.7487259,-86.25799309,-3.63860001,-19.75865448
20.02,12.12765343,3.65961167,-16.16858839,-25.83189887,9.1380453,1.36036782,39.11420969,-4.75451868,-0.82919215,-87.10250403,-2.47037043,-18.72804403
20.025,11.14348554,3.60279944,-16.4853216,-24.53311677,8.69088591,1.92381547,39.86999959,-4.7040836,-0.96232602,-87.83235186,-1.5423472,-18.02860478
20.03,10.15269822,3.53754443,-16.82214651,-23.25256427,8.21075568,2.55615118,40.5906933,-4.64698619,-1.11029288,-88.49542447,-0.51636936,-17.17786474
20.035,9.17136832,3.48673849,-17.16117288,-22.00775759,7.83341251,3.20991066,41.27572292,-4.62830386,-1.25895187,-89.07193423,0.61641975,-15.99656449
20.04,8.30289499,3.38196202,-17.46558729,-20.77647819,7.24264664,3.71596284,42.02283522,-4.56630789,-1.49859257,-89.53499094,1.34412526,-15.59501764
20.045,7.47084423,3.33346139,-17.64709597,-19.5419657,6.97644938,3.99903763,42.78548123,-4.55451359,-1.75187069,-89.91528086,1.72161382,-15.39793416
20.05,6.42223369,3.27785877,-18.13318054,-18.34521406,6.49153601,5.15862501,43.27875335,-4.5595037,-1.88776891,-90.26104591,3.52969382,-13.08938591
20.055,5.62702475,3.17738714,-18.39162032,-17.18433535,5.87673446,5.62840359,43.96494207,-4.52444661,-2.17998686,-90.46566899,4.25505651,-12.56285447
20.06,4.78614462,3.11127323,-18.65741143,-16.03679537,5.42449085,6.26650438,44.57017291,-4.53083549,-2.43838493,-90.61292589,5.23753779,-11.41067337
20.065,4.03554194,3.08920485,-18.77494263,-14.90441283,5.12375917,6.53421525,45.25394533,-4.53698595,-2.70729207,-90.70276475,5.60289955,-11.18323316
20.07,3.20212491,2.98874351,-19.03454348,-13.84770522,4.58325957,7.38878354,45.73733257,-4.57488248,-2.99778786,-90.69571675,7.06726686,-9.16979075
20.075,2.5163331,2.97698253,-19.12220074,-12.78479348,4.25726249,7.61542964,46.39007493,-4.59457633,-3.27361048,-90.62538547,7.37573661,-9.00957781
20.08,1.85661213,2.8176714,-19.29728558,-11.82993934,3.46221538,8.2243994,46.90191925,-4.59391902,-3.64437953,-90.42460365,8.43845514,-7.73648575
20.085,1.14182804,2.79253041,-19.29657199,-10.84543634,3.18016898,8.61176077,47.39297982,-4.67031738,-3.94640693,-90.2316799,9.36265105,-6.30086512
20.09,0.53135972,2.72222655,-19.31205402,-9.91678384,2.67781252,8.90214556,47.92042689,-4.68830304,-4.26558571,-89.93569507,9.9407064,-5.60524924
20.095,-0.03972813,2.63083109,-19.28476381,-9.05033236,2.16461985,9.18002755,48.4183507,-4.70725245,-4.60702856,-89.57674171,10.56473032,-4.76977245
20.1,-0.63070307,2.57797955,-19.14045325,-8.21169281,1.87486406,9.33775931,48.85083285,-4.77481036,-4.93036781,-89.17272114,11.2690837,-3.55006383
20.105,-1.16611301,2.49031903,-18.99785965,-7.41274863,1.45770657,9.4631787,49.28588449,-4.80071939,-5.27124838,-88.71010884,11.83263535,-2.59913767
20.11,-1.65974383,2.48377245,-18.9044826,-6.66488335,1.21547982,9.58650495,49.76057288,-4.79015713,-5.48863696,-88.21178395,12.01657555,-2.34708708
20.115,-2.13210042,2.32470661,-18.61597766,-5.98715851,0.76901897,9.55249915,50.0716396,-4.83644761,-5.90272222,-87.61225741,12.74893084,-0.87558194
20.12,-2.57212112,2.28815857,-18.48098411,-5.32814613,0.50215826,9.63575346,50.4863016,-4.79979506,-6.12293939,-87.03264883,12.90442435,-0.53181586
20.125,-2.94555281,2.07803987,-18.19095055,-4.7665829,0.03624633,9.56276797,50.76796477,-4.76864538,-6.52664586,-86.31278943,13.35122683,0.61714805
20.13,-3.35781738,1.98669887,-17.86248078,-4.21829779,-0.1548687,9.37968955,51.03682214,-4.77587314,-6.82346554,-85.63741751,13.68791782,1.58564237
20.135,-3.64080678,2.03515446,-17.84737777,-3.88033288,-0.15091469,9.39539996,51.38100604,-4.80758391,-6.94009544,-84.99223103,13.69883596,1.66086314
20.14,-4.0745727,1.78339774,-17.20754709,-3.29869805,-0.51229346,8.95868767,51.49541713,-4.73007289,-7.36458103,-84.19259915,14.13006851,3.20798122
20.145,-4.35382635,1.6411112,-16.93372665,-2.92986337,-0.684627,8.79086036,51.70983158,-4.6325951,-7.62076415,-83.42423855,14.14303906,3.84640773
20.15,-4.63293978,1.63049994,-16.7228861,-2.60332663,-0.68509366,8.79064981,51.9468818,-4.53725963,-7.71151674,-82.70720221,14.10594095,4.04453482
20.155,-4.90159792,1.37149841,-16.20907485,-2.3490544,-0.81684723,8.23771958,51.96448276,-4.49561364,-8.12601833,-81.85466259,14.27160758,5.22124809
20.16,-5.07752093,1.44241746,-16.17547441,-2.22366982,-0.79019752,8.23533544,52.15275574,-4.49386373,-8.1839683,-81.16515903,14.23743477,5.2781796
20.165,-5.28430537,1.09592268,-15.60816068,-2.03295005,-0.78353496,7.7249407,52.14570234,-4.26148241,-8.54919177,-80.27302014,14.02672793,6.24110781
20.17,-5.47560612,1.08341076,-15.38786332,-1.88872646,-0.70929814,7.65683954,52.25533531,-4.13691555,-8.60487104,-79.55637876,13.89855743,6.42601675
20.175,-5.60042643,1.14467103,-15.30798189,-1.86367209,-0.65660944,7.62155463,52.33445014,-4.09772857,-8.63029462,-78.86205255,13.83767898,6.51088004
20.18,-5.73191733,0.94878052,-14.89956148,-1.8196558,-0.41458092,7.35479889,52.33170518,-3.83549203,-8.78531135,-78.07457766,13.48702922,6.94546906
20.185,-5.83730102,0.62970375,-14.42362931,-1.89561245,-0.09534023,6.66309227,52.18165271,-3.68995889,-9.18286294,-77.27053648,13.11100927,7.60360737
20.19,-5.92058903,0.69977339,-14.32558132,-1.95853556,-0.061703,6.63009115,52.17743667,-3.63670234,-9.19005796,-76.64019878,13.0914855,7.64024167
20.195,-6.02677671,0.4365434,-13.78743227,-2.07933434,0.35621255,6.00712142,51.99504698,-3.40163831,-9.45289883,-75.9008457,12.7109184,7.96130285
20.2,-6.07781877,0.47649408,-13.64624496,-2.23378632,0.40342213,5.94319713,51.91552202,-3.30518089,-9.44933001,-75.29922743,12.67505108,7.9905317
20.205,-6.17817059,0.18964756,-13.08870832,-2.42394684,0.7777299,5.15498244,51.62674157,-3.1146744,-9.79539049,-74.59683191,12.32633492,8.04048257
20.21,-6.21575876,0.26846857,-12.97776804,-2.59429789,0.82753462,5.11611283,51.51165659,-3.02848216,-9.76784383,-74.06712681,12.29849299,8.04834578
20.215,-6.29913263,0.02343813,-12.46384541,-2.85643792,1.22363928,4.40776664,51.18269557,-2.80711497,-10.04499273,-73.44978387,11.98261825,7.82249171
20.22,-6.31286222,0.08439563,-12.34289107,-3.08122421,1.29699263,4.35855467,51.01396063,-2.69677987,-10.00042171,-72.9676308,11.95931653,7.81610449
20.225,-6.30687282,0.1095584,-12.17985329,-3.36017346,1.43397365,4.2698483,50.81354768,-2.55630271,-9.97751748,-72.50442012,11.93000005,7.78524568
20.23,-6.30378303,-0.06543916,-11.81368893,-3.69064996,2.14891123,3.72466282,50.50902265,-2.34978116,-10.18922951,-72.01812653,11.81719978,7.41504176
20.235,-6.31155493,0.00890667,-11.68994396,-3.95456936,2.17323798,3.6872436,50.27517805,-2.25112244,-10.15450315,-71.64734835,11.81265429,7.36783372
20.24,-6.2849188,0.01506398,-11.52229248,-4.28190996,2.25988597,3.60090969,49.99678579,-2.11015462,-10.14008012,-71.26070199,11.83986653,7.25867224
20.245,-6.43824477,-0.3560519,-11.02067685,-4.61590449,2.55699792,2.896539,49.3704848,-1.87049592,-10.59549692,-70.74339999,11.73267732,6.05906477
20.25,-6.41545644,-0.28925449,-10.91659068,-4.92491079,2.58536603,2.87117001,49.08418469,-1.76135653,-10.52675343,-70.43137624,11.78756385,6.00868071
20.255,-6.36531808,-0.28254017,-10.7985305,-5.28459509,2.65276222,2.81325808,48.76746915,-1.62871364,-10.5157198,-70.13401175,11.95880887,5.84459766
20.26,-6.33790422,-0.36122663,-10.64977359,-5.65595851,2.79278449,2.69579244,48.3482225,-1.49936917,-10.62047741,-69.80719927,12.45834565,5.26197659
20.265,-6.31041885,-0.29379591,-10.54812632,-5.97351603,2.77941646,2.6958766,48.02464192,-1.4070955,-10.55149476,-69.57726742,12.50712311,5.1909733
20.27,-6.47058385,-0.60478337,-10.40612192,-6.38829606,2.72281931,2.77571218,47.28379229,-1.14638797,-10.81434579,-69.14965226,12.81385576,4.02825767
20.275,-6.39386389,-0.56274222,-10.33774966,-6.77126314,2.66161322,2.797885,46.92376522,-1.05607539,-10.70664572,-68.91260663,12.95130495,3.94858032
20.28,-6.28916862,-0.62796641,-10.33358611,-7.22725888,2.37982471,2.97084689,46.48937612,-0.95302276,-10.73980247,-68.64418508,13.61937091,3.50085458
20.285,-6.21117768,-0.57810321,-10.25557272,-7.62512151,2.30481605,3.01253561,46.09818314,-0.86913234,-10.60862699,-68.41752115,13.72162979,3.42552566
20.29,-6.10558978,-0.7409197,-10.2957571,-8.13508829,1.8112814,3.41336054,45.56553688,-0.73718234,-10.6782728,-68.10297133,14.50010367,2.82076946
20.295,-5.97667746,-0.82796612,-10.34211899,-8.68770063,1.48286754,3.71530788,45.06520173,-0.62538618,-10.65115215,-67.81833261,14.89779302,2.47825985
20.3,-5.82244474,-0.91671238,-10.38910011,-9.26414895,1.10852756,4.02534645,44.56445705,-0.52085826,-10.58102181,-67.53289393,15.30098678,2.17454056
20.305,-5.71724127,-1.05063786,-10.46892163,-9.82479419,0.58992553,4.59676766,43.98557646,-0.37632475,-10.52254857,-67.20652438,15.81741099,1.74439022
20.31,-5.55419898,-1.01506115,-10.41512034,-10.39315166,0.47245247,4.65625689,43.53100757,-0.32120467,-10.31145774,-66.96309324,15.89454186,1.6967509
20.315,-5.30613462,-1.31540699,-10.70999209,-11.23374809,-0.33189018,5.61247518,42.87055876,-0.13653103,-10.3343681,-66.54026178,16.57335362,1.13763374
20.32,-5.10042367,-1.51232436,-10.8746598,-12.04422581,-0.80764297,6.33172408,42.24502174,0.0384914,-10.21229596,-66.1892661,16.92825102,0.78617117
20.325,-4.74435112,-1.58216062,-10.9449445,-12.92436583,-1.33311347,6.55253917,41.73197078,0.0783506,-10.02847371,-65.8524323,17.27406162,0.60852037
20.33,-4.37250649,-1.72403941,-11.0171812,-13.83813658,-2.11101089,7.00337658,41.17214981,0.17233825,-9.8738963,-65.45588711,17.72254495,0.32618424
20.335,-3.95253429,-1.87180302,-11.10748176,-14.86258262,-2.74972102,7.41526788,40.60296418,0.26169869,-9.69438515,-65.04644722,18.03478783,0.0710602
20.34,-3.4746788,-1.97640147,-11.17643908,-16.00663288,-3.255213,7.61598645,40.04933555,0.31087254,-9.47355248,-64.6648693,18.2698539,-0.08932649
20.345,-2.95707303,-2.17153583,-11.22949593,-17.18279876,-4.05997322,8.03665647,39.44566743,0.41867786,-9.28361425,-64.17775587,18.57464609,-0.42444903
20.35,-2.37707943,-2.34094848,-11.27417551,-18.48848141,-4.66441221,8.28648275,38.85510227,0.50438128,-9.06599428,-63.70480828,18.74009205,-0.72761997
20.355,-1.77186414,-2.4429525,-11.29877598,-19.89045703,-5.13790216,8.35577828,38.2509949,0.54137317,-8.78484901,-63.24565091,18.90068402,-0.87075497
20.36,-1.09941874,-2.58221973,-11.2927669,-21.38170734,-5.74670813,8.41790405,37.63426635,0.59330281,-8.53112923,-62.73536415,19.07571126,-1.08176325
20.365,-0.27355697,-2.80091916,-11.17303206,-22.95904687,-6.48099167,8.28825209,37.06641764,0.68318099,-8.36261631,-62.14311063,19.06068437,-1.6213771
20.37,0.47991543,-2.90796973,-11.13751153,-24.63089821,-6.95205602,8.20225428,36.42191719,0.71157205,-8.06199932,-61.60057426,19.17347937,-1.79095561
20.375,1.37445084,-3.08623523,-10.99000225,-26.40457775,-7.55779041,7.88051378,35.80464141,0.77144806,-7.8701443,-60.97686613,19.19675337,-2.13893583
20.38,2.19684033,-3.15770029,-10.93652301,-28.25749442,-7.81835289,7.68139093,35.13044132,0.78559421,-7.53050332,-60.41182041,19.19622863,-2.24750471
20.385,3.33522335,-3.3654524,-10.63469643,-30.23801563,-8.40806431,6.83676384,34.57929973,0.84104768,-7.426447,-59.68933953,19.03250482,-2.81332507
20.39,4.1855185,-3.40784738,-10.57743266,-32.23681325,-8.56505551,6.64748293,33.84399832,0.84603009,-7.05359998,-59.08089598,19.0165872,-2.85977448
20.395,5.52800111,-3.5972018,-10.20289371,-34.41654029,-9.05708405,5.399484,33.37728132,0.89105936,-6.9863748,-58.34955905,18.72408102,-3.52309136
20.4,6.66915721,-3.75450491,-9.97736799,-36.61834863,-9.2577016,4.65364905,32.72574604,0.95256525,-6.80532068,-57.60912849,18.59927687,-3.802191
20.405,7.6764726,-3.80812753,-9.88391587,-38.84329942,-9.32782714,4.26945451,31.97493072,0.96314834,-6.48278594,-56.91259862,18.53581755,-3.88732561
20.41,8.65987412,-3.84543127,-9.77226081,-41.06065802,-9.35841031,3.92021899,31.16246275,0.9741179,-6.15029491,-56.14019331,18.46179644,-3.9371926
20.415,10.30261617,-4.26056901,-9.22922634,-43.57874004,-9.57643141,1.97152825,30.7010014,1.19343397,-6.38418753,-55.22387178,17.96619859,-4.69245723
20.42,11.32654701,-4.25051131,-9.14467075,-45.87699046,-9.54486325,1.67666687,29.87896304,1.18589442,-6.00935589,-54.42604833,17.88828959,-4.70904424
20.425,12.87653029,-4.65165661,-8.7273923,-48.4161476,-9.4920054,0.01814952,29.31406688,1.43767634,-6.17528218,-53.46893028,17.46008989,-5.25450957
20.43,13.87547767,-4.58029132,-8.65133189,-50.68734019,-9.43322394,-0.23749829,28.43317038,1.39225782,-5.79568494,-52.58941377,17.36499184,-5.24857693
20.435,15.60376053,-5.03690498,-8.23677937,-53.29756061,-9.37323123,-2.10024787,27.98206753,1.71641972,-6.0114034,-51.57857406,16.78560844,-5.98500761
20.44,16.61185996,-4.9912481,-8.19959275,-55.55835595,-9.2287577,-2.37742486,27.07564894,1.66243895,-5.6984906,-50.64981082,16.68378695,-5.94719394
20.445,18.13927737,-5.55453306,-7.74395177,-58.12999144,-8.92552592,-3.95130024,26.35764022,2.1139292,-5.97933232,-49.49667813,16.16559097,-6.37748841
20.45,19.33768952,-5.77731498,-7.61233564,-60.47459582,-8.50586052,-4.80173127,25.51341628,2.29279479,-5.87660014,-48.42124197,15.8888911,-6.51364016
20.455,20.35975252,-5.71277024,-7.61248429,-62.65399333,-8.35554699,-5.07476209,24.58957618,2.19859718,-5.644245,-47.39366101,15.74495978,-6.48579242
20.46,21.73585296,-6.28746933,-7.1989185,-65.07398602,-7.83276491,-6.39829775,23.72665913,2.69660512,-5.89808061,-46.11975738,15.19067548,-6.79333236
20.465,22.74095697,-6.19978161,-7.2318754,-67.15318805,-7.65082477,-6.64327312,22.7886318,2.57147511,-5.68290628,-45.02218549,15.03451407,-6.76158798
20.47,24.06292426,-6.78359681,-6.82897458,-69.46158695,-7.05191688,-7.79897561,21.87160179,3.09070438,-5.95676098,-43.67119256,14.36567164,-7.13365604
20.475,25.04526417,-6.69857038,-6.91697207,-71.41855382,-6.81504887,-8.02007385,20.91907026,2.94062794,-5.7823935,-42.50296925,14.19822605,-7.0783088
20.48,26.21448982,-7.21363599,-6.55527036,-73.5564975,-6.07888431,-8.81978676,19.88621982,3.41178616,-6.0131318,-41.0922061,13.50528968,-7.36326335
20.485,27.20038034,-7.34572382,-6.5449465,-75.4408862,-5.44557307,-9.24415184,18.87630187,3.47043171,-5.99174829,-39.7766302,13.10576837,-7.32226914
20.49,28.15410393,-7.26153397,-6.68174018,-77.1922486,-5.23372574,-9.37936151,17.92683244,3.28323288,-5.90477283,-38.53617322,12.94461542,-7.23867223
20.495,29.11794842,-7.73339749,-6.32208522,-79.06664453,-4.26032154,-9.67652117,16.71117178,3.71735733,-6.1910795,-36.99623977,12.16526947,-7.38462712
20.5,30.03179616,-7.66272813,-6.49857622,-80.65264853,-3.95588942,-9.81445226,15.75142575,3.52293775,-6.13756207,-35.69471898,11.96069958,-7.26710561
20.505,30.85051158,-7.82834681,-6.47350377,-82.20099239,-2.95607978,-10.11027336,14.58883836,3.59225008,-6.29905324,-34.18082564,11.30992603,-7.02964436
20.51,31.70629916,-7.96006904,-6.40214889,-83.73182176,-2.2353006,-10.06421545,13.46448625,3.64538322,-6.45891827,-32.75567845,10.78667641,-6.91426173
20.515,32.59395603,-7.92232688,-6.60695926,-85.08346846,-1.9494221,-10.09852418,12.5290327,3.45627888,-6.50374688,-31.41587772,10.58162415,-6.79624456
20.52,33.21140869,-8.20457323,-6.38854093,-86.4736065,-0.57891379,-9.34790842,11.10646888,3.69868442,-6.82457355,-29.78852385,9.7007398,-6.74565864
20.525,33.98813257,-8.14840611,-6.59811752,-87.62707495,0.04749597,-9.36978974,10.08886296,3.49379,-6.92925441,-28.36270196,9.21078196,-6.49493002
20.53,34.62624434,-8.2222965,-6.64278762,-88.7703152,1.04856486,-8.67506498,8.86867765,3.46187258,-7.14718559,-26.87728114,8.62270147,-6.30390827
20.535,35.41250553,-8.16915767,-6.88192768,-89.76250364,1.45542453,-8.73102802,7.89078795,3.25538237,-7.23070864,-25.43563226,8.26653882,-6.05555725
20.54,36.10149335,-8.11212357,-7.02357239,-90.68633728,2.3829815,-8.49293593,6.82566389,3.07350602,-7.58991951,-23.99966458,7.48725581,-5.62028895
20.545,36.88217164,-8.1194256,-7.30301586,-91.52701403,2.6856822,-8.44124688,5.90727584,2.89711968,-7.71702319,-22.59580852,7.2552073,-5.4227678
20.55,37.25393597,-8.10687672,-7.38675281,-92.28023548,4.07233824,-7.14873455,4.52731122,2.79044665,-8.10201535,-21.060344,6.46886823,-4.93546625
20.555,37.96734545,-8.01525137,-7.67044768,-92.92006734,4.60776077,-7.12652732,3.60127427,2.54952727,-8.28296067,-19.65322697,5.85317789,-4.57754167
20.56,38.70859879,-8.01197245,-7.94606545,-93.51116692,4.95263104,-7.07875298,2.71164743,2.38596239,-8.43238623,-18.25465996,5.50120401,-4.31317685
20.565,39.15279636,-7.88607514,-8.18176167,-93.97710518,6.03073134,-6.19955906,1.58867177,2.13118991,-8.85020493,-16.88104655,4.62415799,-3.76835837
20.57,39.84472444,-7.8814888,-8.49998763,-94.38835705,6.36508168,-6.15440846,0.7063133,1.9645297,-8.95048495,-15.47398986,4.23429802,-3.4799645
20.575,40.28162554,-7.78366538,-8.83162638,-94.6699403,7.24981181,-5.36582259,-0.33562978,1.69664922,-9.26713026,-14.12817287,3.46361662,-3.00833442
20.58,40.96402922,-7.78770714,-9.14052866,-94.93941512,7.53608876,-5.36441871,-1.14808047,1.54830393,-9.35650346,-12.81516324,3.04672346,-2.72159564
20.585,41.56469209,-7.68894093,-9.494693,-95.06981088,8.0519444,-5.19189162,-1.95434592,1.29338808,-9.57761001,-11.53084281,2.23992034,-2.31168555
20.59,42.17650749,-7.67809467,-9.82149697,-95.16682848,8.38156174,-5.05700427,-2.74210511,1.12553216,-9.67632046,-10.27746483,1.76859168,-2.02150789
20.595,42.50191468,-7.58483471,-10.28325842,-95.10068494,9.11267263,-4.28399948,-3.67853531,0.80647837,-9.79527079,-9.07066099,0.97719898,-1.71460923
20.6,43.11634928,-7.58869142,-10.58697959,-95.06054097,9.33996424,-4.27307076,-4.38920264,0.67210134,-9.82235286,-7.89330953,0.52728296,-1.44687911
20.605,43.64668886,-7.51060706,-10.99430032,-94.87977398,9.70876137,-4.12201625,-5.05479501,0.41012276,-9.90669899,-6.79509319,-0.267528,-1.15486041
20.61,44.18914731,-7.51806936,-11.30995905,-94.68934184,9.90241194,-4.03644003,-5.72839145,0.27246524,-9.85544021,-5.70431676,-0.63966349,-0.9609616
20.615,44.56916978,-7.43507414,-11.81857672,-94.30759752,10.27433574,-3.71666098,-6.37445126,-0.06436753,-9.79978676,-4.70401139,-1.44412952,-0.85728647
20.62,45.00131148,-7.39962248,-12.21786165,-93.94725528,10.51239322,-3.53649616,-6.98861407,-0.30056865,-9.67163858,-3.73523602,-2.01456768,-0.77651157
20.625,45.36386467,-7.36522836,-12.65633265,-93.48423183,10.72207073,-3.31608093,-7.57919307,-0.56211593,-9.48074253,-2.82462585,-2.56680109,-0.83136087
20.63,45.69607838,-7.32320516,-13.07232589,-92.96522277,10.88798083,-3.11459617,-8.14286159,-0.82010695,-9.21128512,-1.97004643,-3.06349982,-0.97509758
20.635,46.12634691,-7.31631356,-13.32311988,-92.46469528,10.96450191,-3.06399176,-8.63855761,-0.9269551,-9.04432537,-1.16100012,-3.34947335,-0.86467557
20.64,46.4107206,-7.21077094,-13.79525378,-91.77031648,11.0976169,-2.87061918,-9.04193406,-1.28519282,-8.81108423,-0.49125186,-3.98808448,-0.95466308
20.645,46.75683326,-7.19140416,-14.00148966,-91.16021089,11.12400426,-2.79229501,-9.46890386,-1.38454979,-8.58010369,0.1430424,-4.1108913,-0.95327427
20.65,46.79960957,-7.06371425,-14.64782211,-90.29776592,11.23857881,-2.4288133,-9.88003078,-1.89535226,-8.0735396,0.70863824,-4.7090636,-1.5874417
20.655,47.08667266,-7.02190578,-14.78820013,-89.60255628,11.23782442,-2.35987333,-10.22485308,-1.96088129,-7.84370757,1.1914256,-4.80839394,-1.5814659
20.66,47.07279318,-6.88324245,-15.34699128,-88.68953318,11.29022739,-2.01036681,-10.58981389,-2.41921374,-7.30051751,1.64850871,-5.28264534,-2.28065651
20.665,47.29965106,-6.81845612,-15.44246425,-87.92750543,11.26878355,-1.94034479,-10.82747883,-2.47805689,-7.10002002,1.95211357,-5.30863289,-2.29601852
20.67,47.46637073,-6.83241252,-15.4849521,-87.15049962,11.25776113,-1.90136255,-10.99416899,-2.43646609,-7.0308627,2.0706325,-5.29882563,-2.31546959
20.675,47.25619183,-6.47541568,-16.26800016,-86.02390352,11.21463963,-1.33364877,-11.27323288,-3.22474309,-6.13235624,2.43473131,-5.63712909,-3.28407626
20.68,47.35647864,-6.44963764,-16.25378142,-85.2178545,11.2049569,-1.29841015,-11.39654581,-3.17444388,-6.03029681,2.48067002,-5.60431073,-3.31703379
20.685,47.07601955,-6.16078881,-16.78504725,-84.16065058,11.16843603,-0.81280466,-11.66255054,-3.72420261,-5.19360396,2.63078053,-5.70003055,-4.39895035
20.69,47.09480795,-6.02927657,-16.74621346,-83.31818382,11.14709283,-0.75154831,-11.74446913,-3.71969251,-4.9785329,2.56884607,-5.64814248,-4.47277225
20.695,46.76382106,-5.80400696,-17.19202164,-82.30193781,11.12777543,-0.31891851,-11.94517824,-4.16273214,-4.24969588,2.59752376,-5.6259937,-5.5739212
20.7,46.72303863,-5.6217016,-17.11404157,-81.46852676,11.1061436,-0.25271437,-11.9630194,-4.16727131,-4.00034761,2.42508784,-5.53893409,-5.67749234
20.705,46.32750328,-5.38607621,-17.44905226,-80.50405715,11.11513858,0.1409138,-12.14401905,-4.52066681,-3.26586225,2.33345878,-5.4828295,-6.90126133
20.71,46.15154145,-5.17442207,-17.51589392,-79.65786408,11.09653778,0.29127071,-12.13298428,-4.64701292,-2.85679553,2.0984197,-5.15370984,-7.33747474
20.715,46.01153628,-4.96143289,-17.42036833,-78.87471029,11.10205769,0.34643696,-12.08799296,-4.64762716,-2.59919515,1.80487338,-5.06718655,-7.45217586
20.72,45.53793125,-4.70741496,-17.7810862,-77.97065679,11.19604359,0.67479629,-12.16359014,-5.03314164,-1.85653687,1.56143227,-4.90013752,-8.56123901
20.725,45.36222819,-4.46530381,-17.64604591,-77.25047027,11.22334791,0.71229602,-12.07960753,-5.02196939,-1.58724183,1.20097095,-4.74382612,-8.72021024
20.73,44.87174114,-4.24545432,-17.84997553,-76.46802647,11.38411529,0.92878227,-12.1721197,-5.24718505,-0.90537114,0.91838232,-4.58613252,-9.92639772
20.735,44.66264456,-4.00570185,-17.72850652,-75.82479275,11.44731272,0.94147151,-12.05273122,-5.23649042,-0.64167713,0.50631561,-4.42364467,-10.06320343
20.74,44.3181136,-3.78857011,-17.81226641,-75.15942976,11.66583741,0.97166354,-11.95231406,-5.37421374,-0.15564913,0.10251846,-3.99126703,-10.59793658
20.745,44.06067057,-3.55722372,-17.64641048,-74.60456734,11.71995388,0.98033751,-11.84915888,-5.3256903,0.07634313,-0.31780436,-3.94545573,-10.67500845
20.75,43.78485158,-3.32882817,-17.52801345,-74.07370785,11.83700775,0.96720107,-11.71535412,-5.30747799,0.3206579,-0.76347798,-3.83586058,-10.80788643
20.755,43.27890384,-3.14143743,-17.77139109,-73.47385464,12.29446588,0.96055359,-11.64256175,-5.5401264,0.91156119,-1.18976396,-3.56121593,-11.56056247
20.76,42.98905584,-2.93789564,-17.60554543,-73.02538724,12.37387088,0.94699523,-11.52733583,-5.47227669,1.10084622,-1.5983627,-3.54895075,-11.60825338
20.765,42.67936199,-2.72772929,-17.49529168,-72.6147874,12.58096724,0.88413434,-11.35737157,-5.45569832,1.30002825,-2.10690077,-3.5097228,-11.6993783
20.77,42.322027,-2.57762571,-17.49222977,-72.1888554,13.05212563,0.7208109,-11.15076213,-5.47665109,1.50235902,-2.62145385,-3.43924233,-11.84881651
20.775,41.94467028,-2.43476079,-17.46985604,-71.80657709,13.4501124,0.59855846,-10.99461213,-5.47994392,1.73064328,-3.09044386,-3.4643488,-11.90423236
20.78,41.55793396,-2.30540315,-17.43609182,-71.45935044,13.83452705,0.49057783,-10.83234616,-5.47324705,1.91134702,-3.57332407,-3.56169723,-11.87646668
20.785,41.14713445,-2.17701902,-17.41207124,-71.10669814,14.27228271,0.3901922,-10.66389719,-5.48157193,2.06932423,-4.06020026,-3.70756447,-11.71359869
20.79,40.79923041,-2.04468152,-17.25631013,-70.80709718,14.3606918,0.36762295,-10.51169397,-5.39604018,2.1718095,-4.48997366,-3.77551553,-11.67798409
20.795,40.41789259,-1.9830286,-17.24472693,-70.50369236,14.83187761,0.20795038,-10.1824374,-5.38320508,2.10017873,-5.19266379,-4.09010408,-11.45419273
20.8,40.03805424,-1.88485686,-17.08296936,-70.20357272,14.98202537,0.16434313,-10.01995856,-5.28940527,2.19576998,-5.64029664,-4.21576033,-11.34683265
20.805,39.63577389,-1.90227012,-17.13172425,-69.8997132,15.65710484,-0.03919434,-9.61763363,-5.26888309,2.01184843,-6.40344752,-4.75920505,-10.81287407
20.81,39.23411318,-1.80882892,-16.94543929,-69.59445502,15.76512507,-0.05927209,-9.44670854,-5.17126309,2.10353423,-6.86645717,-4.87643381,-10.69256373
20.815,38.81389545,-1.87145049,-16.99713232,-69.28325095,16.39233644,-0.20120442,-8.96196068,-5.1378722,1.79598491,-7.77690504,-5.50675191,-10.00218547
20.82,38.49920004,-1.8014542,-16.87728819,-68.96454813,17.03335901,0.01053135,-8.46854685,-5.14032418,1.32134426,-8.62623152,-5.27451769,-7.72317622
20.825,38.04389747,-1.8210667,-16.81554144,-68.61678224,17.30836023,-0.0861673,-8.06508522,-5.07405053,1.14562885,-9.4688629,-5.73794439,-7.43508263
20.83,37.6069446,-1.8559646,-16.75167776,-68.23038111,17.737834,-0.13392847,-7.59438491,-5.01645494,0.91700475,-10.33330586,-6.33602841,-6.70862477
20.835,37.13437222,-1.90959523,-16.68189932,-67.84784653,17.96884931,-0.13808927,-7.09287831,-4.9375385,0.64380925,-11.34921927,-6.71010505,-6.36743338
20.84,36.78606946,-1.94691425,-16.58594347,-67.42181993,18.43155403,0.05496457,-6.403868,-4.90305414,0.20463377,-12.4596747,-6.96958903,-4.9928251
20.845,36.27924197,-2.00315094,-16.53195609,-66.9507872,18.72187595,0.04268493,-5.81258249,-4.85577309,-0.08133059,-13.60741143,-7.5017633,-4.52625316
20.85,35.72832734,-2.08428885,-16.47348751,-66.45775113,18.88294435,0.05877624,-5.203538,-4.78480573,-0.39791996,-14.87153631,-7.87167194,-4.34383968
20.855,35.16016226,-2.16065945,-16.41021899,-65.92433599,19.08696252,0.08926662,-4.54747998,-4.72993233,-0.71335049,-16.22297822,-8.32436297,-4.08600224
20.86,34.60867285,-2.24952244,-16.36384243,-65.33540303,19.339008,0.15590632,-3.79275003,-4.69168468,-1.06711757,-17.66039538,-8.83611274,-3.72525623
20.865,34.1612593,-2.27198615,-16.35110693,-64.67813456,19.73941569,0.39062196,-2.84499245,-4.73642739,-1.411224,-19.20642866,-9.38460179,-2.93875717
20.87,33.52086674,-2.35240435,-16.27742609,-64.05417117,19.82475352,0.46114636,-2.07892274,-4.68223836,-1.74753727,-20.85709214,-9.61906296,-2.87541199
20.875,33.16060295,-2.34602744,-16.33446811,-63.31474559,20.13896838,0.76564271,-0.86483144,-4.80049391,-2.07578918,-22.67915461,-9.93928108,-2.35838388
20.88,32.61905338,-2.38080423,-16.32464062,-62.56876063,20.27679044,0.89300599,0.17716076,-4.83003238,-2.37121355,-24.53941032,-10.21507654,-2.32954855
20.885,31.89374487,-2.45144288,-16.24472046,-61.8023986,20.33385316,0.94599423,1.04649019,-4.78859769,-2.6946056,-26.44358733,-10.45821914,-2.41487597
20.89,31.3851672,-2.36217813,-16.40550648,-60.89686933,20.49342632,1.14077096,2.33658936,-4.9941179,-2.84935436,-28.51810263,-10.81460348,-2.7377644
20.895,30.63151067,-2.42307357,-16.32259998,-60.05521463,20.52173369,1.20284154,3.27493019,-4.94813444,-3.14582672,-30.56844661,-10.99811087,-2.89237603
20.9,29.85430325,-2.42876373,-16.24928009,-59.18979331,20.55261458,1.2768383,4.23798441,-4.94923891,-3.37706876,-32.70243165,-11.16821152,-3.10425183
20.905,29.38071899,-2.14333389,-16.61090486,-58.07011727,20.61458836,1.4816856,5.8494324,-5.37190408,-3.29943005,-35.07402265,-11.41181469,-4.118852
20.91,28.87472883,-2.12301154,-16.69480128,-57.09652028,20.57453632,1.56402462,7.26920811,-5.42075415,-3.34256557,-37.38609351,-11.68221138,-4.95197233
20.915,28.11838601,-1.93289956,-16.79273507,-56.0135094,20.55646158,1.66960522,8.4974174,-5.62423664,-3.40197961,-39.75040396,-11.71840368,-5.59978319
20.92,27.35796506,-1.7574794,-16.90407423,-54.90836854,20.49287162,1.75807584,9.74556439,-5.80456198,-3.43734691,-42.13288521,-11.74767693,-6.28553131
20.925,26.63389842,-1.54299609,-17.0839313,-53.7518835,20.36489436,1.8288361,11.09895923,-6.02022254,-3.38659867,-44.56973228,-11.80729761,-7.14875937
20.93,25.8083428,-1.4986753,-16.9948566,-52.66797919,20.29028417,1.9061522,12.20099008,-5.9907455,-3.50128006,-46.9057418,-11.79609758,-7.50775464
20.935,25.03315899,-1.03162597,-17.32688376,-51.33606695,20.08431293,2.00438374,13.64861178,-6.42807621,-3.27348232,-49.41800583,-11.66110283,-8.65943814
20.94,24.25117446,-0.77126453,-17.51438855,-50.09810834,19.85670898,2.04650975,14.99086173,-6.63911853,-3.1662341,-51.86949356,-11.62981725,-9.51427504
20.945,23.36848068,-0.76920237,-17.42428719,-48.9455469,19.7377025,2.12118781,16.04088766,-6.54204138,-3.27736306,-54.14030638,-11.57824581,-9.7932609
20.95,22.52646837,-0.19039389,-17.80875207,-47.50994642,19.36233856,2.22658833,17.47950478,-7.03636502,-2.96521149,-56.6397441,-11.26355533,-10.95269623
20.955,21.64267945,-0.19808574,-17.7279848,-46.31398158,19.20763706,2.29577119,18.52909405,-6.90755894,-3.0502006,-58.84429222,-11.19565183,-11.20719181
20.96,20.76347229,0.36581599,-18.11422595,-44.8460327,18.70784848,2.37334186,19.91600476,-7.35176329,-2.71045011,-61.25517502,-10.8343936,-12.21518553
20.965,19.87373696,0.35901154,-18.05489915,-43.60043755,18.51328273,2.45398497,20.94905764,-7.21624546,-2.80129389,-63.36450174,-10.69673006,-12.45608857
20.97,18.93746079,0.88456599,-18.41992895,-42.1195907,17.92134384,2.53723149,22.23197551,-7.59471184,-2.47581626,-65.65273257,-10.2200227,-13.20954512
20.975,18.02119239,1.11596803,-18.5554212,-40.74721493,17.46667777,2.59727324,23.34599758,-7.67706689,-2.38870104,-67.74846302,-9.83463253,-13.57111879
20.98,17.12196862,1.0669924,-18.51056467,-39.46412465,17.23442437,2.71543372,24.30457576,-7.50169375,-2.52787119,-69.64640301,-9.61538229,-13.73852097
20.985,16.10907725,1.47505574,-18.81076382,-38.00995227,16.51390773,2.93664524,25.37966867,-7.753714,-2.30337729,-71.69019434,-8.8616838,-14.07670643
20.99,15.16208557,1.59907715,-18.95068429,-36.66437335,15.95613211,3.11995831,26.34529599,-7.75588536,-2.31664992,-73.54373247,-8.27013898,-14.20178617
20.995,14.21118393,1.70661228,-19.08783535,-35.32256506,15.40503242,3.3164185,27.27702105,-7.74195406,-2.32942462,-75.31692149,-7.65029845,-14.20739429
21,13.36579872,1.59426149,-19.06538869,-34.06695943,15.17941988,3.43720112,28.18058999,-7.5321716,-2.53147922,-76.92175065,-7.42553211,-14.27440515
21.005,12.30400503,1.86593387,-19.38961626,-32.68543075,14.2771919,3.76204229,29.02340296,-7.69461322,-2.41645702,-78.61848728,-6.19840485,-13.76684026
21.01,11.39311673,1.84549072,-19.5085815,-31.41133967,13.66125351,4.04077749,29.83057769,-7.61163556,-2.57296265,-80.09451535,-5.38569757,-13.46522631
21.015,10.55059411,1.75145011,-19.63957345,-30.23773145,13.01569774,4.36086909,30.64189486,-7.48524703,-2.77403315,-81.4999555,-4.66697928,-13.359745
21.02,9.64210007,1.72303165,-19.7501528,-29.02846906,12.41805367,4.68679005,31.37993415,-7.41237321,-2.92792067,-82.8395139,-3.68342211,-12.67105429
21.025,8.90242387,1.57449835,-19.82482845,-27.89871348,12.07792136,4.86280698,32.20626004,-7.26173141,-3.2113053,-84.04636583,-3.36187435,-12.72997226
21.03,8.12478985,1.38040167,-20.02092809,-26.81866616,11.09157614,5.35357914,32.9127831,-7.10054488,-3.51456818,-85.14378599,-2.37763215,-12.62610838
21.035,7.25983078,1.32866017,-20.1246473,-25.75198787,10.54236642,5.77233102,33.53269542,-7.0945963,-3.73575343,-86.24605536,-1.1040001,-11.30556419
21.04,6.59700539,1.12067519,-20.24529969,-24.77924763,9.84687096,6.09587987,34.26991227,-6.94711121,-4.07269825,-87.19179659,-0.43155581,-11.23454695
21.045,5.95285547,0.96970628,-20.31861885,-23.82286243,9.45557163,6.30575914,35.01628882,-6.84239171,-4.37266311,-88.07460805,-0.01318434,-11.17203014
21.05,5.24160846,0.76844264,-20.38617167,-22.95306307,8.64252294,6.85921951,35.55400332,-6.81339386,-4.76656033,-88.86977608,1.49280769,-9.77557045
21.055,4.6702371,0.55889908,-20.45897506,-22.12537313,7.96435119,7.15087634,36.24067847,-6.70825379,-5.12597851,-89.57480945,2.18446352,-9.62886837
21.06,4.11641797,0.34471083,-20.4913803,-21.35128094,7.31309486,7.47438732,36.87945099,-6.63754612,-5.51143963,-90.19517257,3.00315843,-9.19957899
21.065,3.58732472,0.15034181,-20.50429567,-20.60469339,6.74918642,7.7453742,37.51054414,-6.58591422,-5.8939729,-90.73255457,3.7307695,-8.83553117
21.07,3.07991638,-0.02408837,-20.38622106,-19.94026493,6.29200196,7.98155676,38.08112517,-6.61756954,-6.29332605,-91.21349337,4.75544663,-7.70893098
21.075,2.61138234,-0.15482839,-20.38531871,-19.28128572,5.91486724,8.13582668,38.74606554,-6.5786699,-6.58526126,-91.63624095,5.16016506,-7.68596706
21.08,2.20311262,-0.38903584,-20.33315643,-18.71730099,5.1787436,8.39956607,39.32698873,-6.53502856,-7.00465283,-91.92606507,5.98950837,-7.42216587
21.085,1.81315434,-0.53255241,-20.36017366,-18.31492504,5.10605122,8.43008007,39.96416149,-6.53294255,-7.29312518,-92.26993263,6.10751846,-7.38204628
21.09,1.49771319,-0.79890184,-20.05797017,-17.77053295,4.11991519,8.71974317,40.4884399,-6.51062763,-7.79676514,-92.33955736,7.48066513,-6.56442169
21.095,1.18766216,-0.93961625,-19.73092987,-17.34030137,3.80404191,8.64376906,41.03022096,-6.63769875,-8.22071419,-92.44534299,8.45210041,-5.28413808
21.1,0.83718075,-1.04071691,-19.71273415,-17.01621364,3.74829923,8.66652236,41.62380353,-6.64439872,-8.44188029,-92.56941581,8.55639859,-5.26510586
21.105,0.59865176,-1.23559303,-19.34768062,-16.60844346,3.02379809,8.73146464,42.15916344,-6.63883475,-8.84931007,-92.46267746,9.64836988,-4.69852497
21.11,0.28210824,-1.31720398,-19.31051918,-16.35351341,2.99719796,8.73747468,42.71623547,-6.65430594,-9.0574712,-92.44564944,9.736526,-4.64735392
21.115,0.15403443,-1.55034183,-18.73651782,-16.05590976,2.40862552,8.55520684,43.2160702,-6.69605196,-9.54099244,-92.18489564,10.99446997,-3.53241264
21.12,-0.13301162,-1.60373563,-18.65536757,-15.83035057,2.39698437,8.55396209,43.75059687,-6.69743711,-9.7076454,-92.02045164,11.07844135,-3.46327557
21.125,-0.22924199,-1.721675,-17.96648702,-15.60400703,2.0451919,8.02744774,44.25119756,-6.83080753,-10.0983403,-91.70257448,12.24435034,-1.83270264
21.13,-0.47377313,-1.76596362,-17.85353932,-15.43521321,2.01449755,8.03728788,44.75654308,-6.8092202,-10.22544348,-91.398243,12.35618358,-1.79562783
21.135,-0.53747875,-1.96806271,-17.32796864,-15.329625,1.71766201,7.74744451,45.21399194,-6.77404518,-10.58580548,-90.91136917,13.28760962,-0.96651218
21.14,-0.76901352,-1.98903831,-17.22028789,-15.20045299,1.72376852,7.73925328,45.68436452,-6.76384058,-10.71538699,-90.51789318,13.35305173,-0.89200064
21.145,-0.96941757,-2.01855103,-17.01720156,-15.09496058,1.72353691,7.71998018,46.13498564,-6.6967488,-10.80724913,-90.02898541,13.47605836,-0.77128753
21.15,-0.89044669,-2.37769069,-16.2196077,-15.0473696,1.64254045,7.01857386,46.54075504,-6.6505572,-11.38252117,-89.36869249,14.69631161,0.96016215
21.155,-1.01367817,-2.32661166,-15.80976,-14.96476592,1.57689014,6.57235548,46.975345,-6.74125806,-11.50479456,-88.84455076,15.10978359,2.04181395
21.16,-1.10808987,-2.42429293,-15.44174636,-14.92688317,1.64924539,6.29235598,47.36514978,-6.65221067,-11.68610985,-88.1743574,15.42433179,2.63196577
21.165,-1.27369719,-2.39200323,-15.31995992,-14.90937412,1.6797586,6.28416475,47.72382718,-6.61407937,-11.73382491,-87.52924301,15.45375052,2.69834785
21.17,-1.28282063,-2.62749733,-14.77572146,-14.88704301,1.91855331,5.78924382,48.06814057,-6.45248626,-12.059348,-86.75111311,15.86482171,3.83052611
21.175,-1.43811379,-2.5673878,-14.66968412,-14.88462293,1.95186291,5.77944515,48.37546665,-6.42278641,-12.09746504,-86.05202841,15.88159357,3.89717942
21.18,-1.46761538,-2.75365965,-14.07957876,-14.84209716,2.16929354,5.21683898,48.65691034,-6.28263121,-12.38552613,-85.23270988,16.23713299,5.17110248
21.185,-1.61024378,-2.73981559,-13.84906709,-14.80044745,2.33281403,5.10400938,48.93636439,-6.14902614,-12.43476136,-84.47556934,16.21977641,5.39326954
21.19,-1.73825023,-2.67192571,-13.74840197,-14.79710268,2.41353172,5.06528375,49.17351071,-6.10348456,-12.46365227,-83.71532763,16.20879857,5.48711081
21.195,-1.7831159,-2.91582221,-13.27233185,-14.77415834,2.94931198,4.4585252,49.35003043,-5.86770358,-12.77278482,-82.82853375,16.192929,6.54489545
21.2,-1.91647379,-2.82116681,-13.17534744,-14.75241858,3.00486877,4.44079733,49.53980585,-5.82441643,-12.79430078,-82.07606382,16.18275877,6.60605718
21.205,-2.07496807,-2.82983482,-12.84587521,-14.62338512,3.27357592,4.27937605,49.70283517,-5.59502762,-12.84252112,-81.25948444,16.07325926,6.8736782
21.21,-2.19960188,-2.74225844,-12.76887847,-14.59504103,3.39470046,4.2133758,49.83798313,-5.54922617,-12.87772256,-80.51436422,16.02504451,6.97165161
21.215,-2.38925305,-2.98334178,-12.28733875,-14.48418184,3.98451957,3.49339493,49.77490499,-5.30036305,-13.23127955,-79.63265419,15.81067064,7.79831613
21.22,-2.57173658,-2.91443965,-12.10533281,-14.35171346,4.19372963,3.37466267,49.84003866,-5.16011383,-13.25238445,-78.89515808,15.70324938,7.89461617
21.225,-2.69730368,-2.80107491,-12.05859145,-14.28911473,4.29287244,3.33271746,49.90563086,-5.1159819,-13.27587545,-78.21204879,15.65790826,7.92583535
21.23,-2.99458029,-2.86165689,-11.79556618,-14.08922984,4.90142855,2.87442548,49.80293102,-4.84424393,-13.40145565,-77.46245935,15.29854776,8.02756129
21.235,-3.11920103,-2.73516033,-11.76824572,-14.01095249,4.95776305,2.85621866,49.82432916,-4.81197984,-13.43720336,-76.84827318,15.27695623,8.02901138
21.24,-3.39807357,-2.68142667,-11.50418108,-13.721099,5.19060632,2.7517361,49.74897636,-4.592858,-13.4522272,-76.18380317,15.1704949,7.98328696
21.245,-3.93347627,-2.79379226,-11.35661359,-13.49804365,5.52966397,2.22592933,49.28498863,-4.34592955,-13.68659137,-75.49984509,14.80881455,7.40063456
21.25,-4.07080583,-2.67093456,-11.33420322,-13.35652898,5.59824749,2.21333409,49.23514434,-4.29681237,-13.69329211,-74.96736384,14.79751021,7.37823997
21.255,-4.41333838,-2.57373815,-11.17683162,-13.00797909,5.82887292,2.12093603,49.06989459,-4.10598126,-13.69316627,-74.44436455,14.77839651,7.1643668
21.26,-4.93559887,-2.57878691,-11.18023936,-12.76316607,6.02333354,1.87628991,48.62435881,-3.86381225,-13.7781936,-73.91018113,14.6255112,6.30449017
21.265,-5.05567623,-2.45152642,-11.19163273,-12.63282389,6.05710943,1.87611467,48.51447141,-3.82766547,-13.78428368,-73.48804594,14.63098224,6.26420586
21.27,-5.73397114,-2.46655325,-11.17351498,-12.24515058,6.09562711,1.80245438,47.93188807,-3.51882264,-13.83807067,-73.01161943,14.57856118,5.20700112
21.275,-5.85293733,-2.35002178,-11.18897427,-12.10829517,6.11739534,1.80927665,47.78293379,-3.48443585,-13.83480637,-72.64759543,14.61438695,5.15398146
21.28,-6.38478371,-2.31049134,-11.23518801,-11.74124242,6.00431274,1.8567297,47.31355827,-3.21496951,-13.81828597,-72.28275475,14.93497194,4.14813406
21.285,-6.48373399,-2.20102184,-11.26452375,-11.65351471,6.00529376,1.86825991,47.11405505,-3.19158932,-13.8113193,-71.97234109,14.95616862,4.0950979
21.29,-6.89446222,-2.152262,-11.29161302,-11.33765591,5.69828563,2.0291201,46.70156632,-2.98516539,-13.78457451,-71.66770415,15.42515995,3.30534168
21.295,-7.38701078,-2.19849351,-11.48117458,-11.19246785,5.52925399,2.22251666,46.07613213,-2.77085134,-13.82944666,-71.3436291,15.35636361,2.34595507
21.3,-7.44892364,-2.09603434,-11.50441653,-11.15910144,5.47799695,2.25477536,45.83079847,-2.74243946,-13.76570458,-71.09650592,15.43296851,2.27171752
21.305,-7.70495906,-2.06602886,-11.58634171,-10.98329972,4.87968212,2.55009292,45.42633567,-2.5880941,-13.7301245,-70.85442225,16.11873445,1.57408798
21.31,-7.73927322,-1.98808595,-11.63698613,-11.04903422,4.78483125,2.59520498,45.12839536,-2.56060134,-13.655085,-70.64037835,16.19690964,1.45960561
21.315,-7.94774294,-2.02054692,-11.83458759,-11.05159358,3.93659866,3.03028506,44.63188888,-2.39629581,-13.61727913,-70.38694504,16.87195475,0.55292664
21.32,-7.94140177,-1.95210328,-11.87067618,-11.20195998,3.83887358,3.07823254,44.29515843,-2.3732802,-13.50857512,-70.18217474,16.92546139,0.45526744
21.325,-8.03634113,-2.03340957,-12.10037755,-11.3938809,2.8427269,3.60269552,43.77580556,-2.22187939,-13.4835147,-69.92153872,17.55791943,-0.40996866
21.33,-8.0826893,-2.10052808,-12.28589079,-11.66115508,2.24218959,4.01715992,43.26529932,-2.08681647,-13.39696434,-69.654371,17.7870282,-1.04340805
21.335,-7.96682507,-2.14499833,-12.43098047,-12.0843077,1.73473972,4.2750562,42.81744953,-2.03319127,-13.31900104,-69.39699427,18.04567776,-1.38673996
21.34,-7.90186297,-2.24420996,-12.58819546,-12.49875207,0.96365666,4.79785096,42.30336205,-1.88702755,-13.22034655,-69.10049229,18.32089041,-1.98919965
21.345,-7.67443773,-2.32193376,-12.71899631,-13.08272289,0.28792936,5.13861749,41.8411574,-1.82942773,-13.11803797,-68.79939994,18.61402676,-2.34696668
21.35,-7.36165672,-2.38893181,-12.82596266,-13.80801319,-0.29074932,5.35299432,41.39461404,-1.80464664,-12.99267037,-68.51130301,18.85764538,-2.56245603
21.355,-7.00244239,-2.50282239,-12.91002719,-14.55762478,-1.21491655,5.73532827,40.92920557,-1.74930217,-12.89025254,-68.15155667,19.18826609,-2.90847054
21.36,-6.56817041,-2.61044727,-12.96823444,-15.45911823,-1.96598126,6.01246009,40.46308836,-1.69893878,-12.75871444,-67.79480316,19.39962243,-3.18019124
21.365,-6.06589002,-2.71294596,-13.02767173,-16.5038929,-2.59744628,6.17750057,39.99107476,-1.68173086,-12.61232264,-67.43169888,19.58254295,-3.35037243
21.37,-5.48463611,-2.8490535,-13.0330316,-17.61937516,-3.42987978,6.38102705,39.5108853,-1.65066941,-12.48666981,-67.00146874,19.78601621,-3.56620854
21.375,-4.84144829,-2.97932018,-13.02059933,-18.86878306,-4.13394927,6.48841079,39.02101459,-1.62955844,-12.34043863,-66.56012251,19.926482,-3.7271965
21.38,-4.10212822,-3.13407395,-12.9624229,-20.23189726,-4.91300398,6.55069498,38.53733315,-1.61078168,-12.22323443,-66.0757893,20.05488774,-3.89612231
21.385,-3.18097394,-3.30409396,-12.81146254,-21.72834905,-5.65788028,6.40519501,38.13936492,-1.60331995,-12.13988885,-65.55744803,20.07634338,-4.11123366
21.39,-2.28639764,-3.44494812,-12.67928645,-23.30972406,-6.32748743,6.27035694,37.65536377,-1.60613996,-12.01576444,-65.00551819,20.13279198,-4.23425497
21.395,-1.63580177,-3.45772196,-12.62775314,-24.84989636,-6.56233832,6.22409756,36.99748896,-1.60279143,-11.70578506,-64.4608568,20.14487047,-4.22616572
21.4,-0.25830244,-3.78257469,-12.26628117,-26.81616917,-7.49067704,5.65833501,36.68129996,-1.60059635,-11.85305442,-63.80245226,20.10924125,-4.43557929
21.405,0.80139307,-3.91817733,-12.05671444,-28.71646776,-8.0181286,5.3562256,36.15430861,-1.60103704,-11.72323573,-63.17908988,20.11286893,-4.51612918
21.41,1.69625159,-3.99070813,-11.99123706,-30.66370034,-8.2480127,5.2280711,35.48204699,-1.58506083,-11.45792108,-62.55663841,20.10251661,-4.49483867
21.415,2.80028987,-4.16037366,-11.77002046,-32.74517959,-8.62655329,4.90234192,34.86528969,-1.55483803,-11.36254469,-61.8606109,20.07593286,-4.52250784
21.42,4.3355753,-4.4770288,-11.2020915,-34.9656706,-9.10194814,3.92554684,34.45501299,-1.48953144,-11.56615304,-61.01543476,19.87533847,-4.6965355
21.425,5.34001669,-4.5148663,-11.11871572,-37.12699476,-9.22315853,3.73211783,33.73556798,-1.48281049,-11.29703983,-60.30224471,19.83052487,-4.66826833
21.43,6.96679256,-4.86608435,-10.5498781,-39.52733752,-9.48363176,2.69159742,33.29550375,-1.36531032,-11.55181116,-59.40498489,19.61213774,-4.82887388
21.435,8.36444562,-5.03270037,-10.21632193,-41.87384719,-9.58147098,2.02325981,32.74396877,-1.29542573,-11.53121424,-58.56532413,19.44231,-4.92028329
21.44,9.42670069,-5.05403978,-10.11108632,-44.16693813,-9.58024199,1.8025586,31.95768033,-1.2689792,-11.26816749,-57.75354617,19.37448931,-4.87230933
21.445,11.02512184,-5.49633287,-9.54589303,-46.69460027,-9.46020563,0.75548294,31.34815149,-1.00773393,-11.59091407,-56.7194024,19.12816929,-4.97325787
21.45,12.11077703,-5.47896935,-9.44780665,-48.99814701,-9.41243213,0.51934003,30.5353215,-1.00028272,-11.33098761,-55.83892798,19.03425793,-4.93355306
21.455,13.96693404,-5.93159948,-8.83542279,-51.60792456,-9.26969959,-0.66482206,30.1136461,-0.68234032,-11.70321002,-54.76594948,18.6237475,-5.26396146
21.46,15.02440894,-5.88634567,-8.75707802,-53.88622884,-9.12222124,-0.8929534,29.23515262,-0.67729668,-11.44035965,-53.8072201,18.53734995,-5.18973467
21.465,16.52644249,-6.42654494,-8.22363036,-56.45419393,-8.54586225,-1.93024,28.43571357,-0.23266551,-11.80766799,-52.62293244,18.26346087,-5.19634872
21.47,17.87599301,-6.67592138,-7.88290979,-58.85925099,-8.22712721,-2.55574227,27.62700485,0.0098415,-11.90909048,-51.48691568,17.98995595,-5.26658626
21.475,19.18015074,-6.91712482,-7.58366353,-61.21922219,-7.82575021,-3.15153591,26.77915579,0.25508833,-11.99715233,-50.32311732,17.71333231,-5.32459872
21.48,20.45145646,-7.14465774,-7.29858848,-63.53653386,-7.36888813,-3.71553328,25.89988231,0.50246612,-12.07410589,-49.12438622,17.42448645,-5.36485217
21.485,21.69428879,-7.37166134,-7.01047902,-65.81407815,-6.90448028,-4.22524051,24.98964728,0.75697598,-12.16853228,-47.9013345,17.10796348,-5.41562221
21.49,22.8850608,-7.57832509,-6.76832219,-68.01370581,-6.36138946,-4.70795386,24.04428428,0.99937258,-12.2518866,-46.63510214,16.78326601,-5.4373609
21.495,24.04830732,-7.77389084,-6.52841583,-70.16166938,-5.81785635,-5.12395685,23.07647867,1.23566206,-12.34494569,-45.34596275,16.43358871,-5.46353152
21.5,25.15187721,-7.93151706,-6.34617478,-72.22099987,-5.18823638,-5.5304208,22.08308056,1.43652914,-12.40394876,-44.03985622,16.07952513,-5.43385034
21.505,26.23484812,-8.1056111,-6.1301714,-74.23383849,-4.5813875,-5.85545039,21.06170734,1.65813832,-12.5049276,-42.70766788,15.68652989,-5.42603779
21.51,27.21819015,-7.95549495,-6.22129902,-76.03481145,-4.34791994,-5.98771116,20.11913544,1.5368583,-12.38207917,-41.46263169,15.52895192,-5.33751883
21.515,28.20885483,-8.22989221,-6.00512624,-77.90620868,-3.24393228,-6.52073211,19.00293179,1.84199263,-12.59039441,-40.01619495,14.93545416,-5.16599302
21.52,29.22940897,-8.43919566,-5.77034605,-79.73977128,-2.59301038,-6.62640825,17.92598298,2.10029606,-12.79130823,-38.62224823,14.43116521,-5.17538264
21.525,30.16619832,-8.56335343,-5.68599368,-81.42488698,-1.85992645,-6.69782507,16.85985283,2.25316448,-12.91861881,-37.22822387,13.91263838,-5.16064588
21.53,31.09940535,-8.41563323,-5.84977541,-82.94145808,-1.61395791,-6.78790793,15.94839017,2.09930839,-12.84364819,-35.95264582,13.73159135,-5.05426965
21.535,31.92497203,-8.63376448,-5.65311371,-84.50679781,-0.56119586,-6.76528254,14.7495929,2.3697285,-13.06674832,-34.47168992,12.9847909,-4.95216291
21.54,32.7724349,-8.59495554,-5.76400496,-85.88889115,0.14692438,-6.88072532,13.76372164,2.31946198,-13.13653299,-33.13543125,12.44856873,-4.75917586
21.545,33.59603955,-8.60286247,-5.82686667,-87.22103879,0.87761929,-6.8899478,12.73916594,2.32069557,-13.2523713,-31.78472755,11.87382489,-4.56173983
21.55,34.47565284,-8.5231205,-6.06852448,-88.44054847,1.11605759,-6.94015495,11.89082609,2.17002074,-13.29738641,-30.53589078,11.67952156,-4.43929964
21.555,35.18782129,-8.51323152,-6.11027681,-89.59858898,2.1355571,-6.94628198,10.79608794,2.17653227,-13.45093357,-29.16026424,10.78895123,-4.0891354
21.56,35.91941374,-8.51916474,-6.26256854,-90.67407147,2.82878652,-6.77048485,9.79921324,2.14131757,-13.59050179,-27.83094002,10.18865747,-3.88566923
21.565,36.56464094,-8.57541227,-6.40628315,-91.69138485,3.60979252,-6.23876703,8.74545579,2.15586084,-13.65506594,-26.52647934,9.59528977,-3.81509412
21.57,37.3821666,-8.50922798,-6.68699347,-92.59711697,3.87266661,-6.31300889,7.95435751,2.00589921,-13.70787193,-25.32608637,9.32149049,-3.63905218
21.575,38.12949307,-8.41719227,-6.95158728,-93.4245211,4.2788054,-6.39128183,7.12001534,1.85863296,-13.75894603,-24.12167201,8.85962982,-3.38203595
21.58,38.76009871,-8.33169908,-7.21141253,-94.14277303,5.1936453,-6.28532201,6.21484628,1.70118988,-13.93923119,-22.92175962,7.79844611,-2.93831711
21.585,39.47574042,-8.28294636,-7.48596096,-94.81858225,5.49745662,-6.2508965,5.40103398,1.5909127,-13.95362227,-21.73472585,7.47526208,-2.74845845
21.59,39.94484208,-8.28210792,-7.81468844,-95.3903692,6.3886606,-5.62696985,4.43587227,1.46750018,-14.00439458,-20.57967472,6.59845836,-2.52410813
21.595,40.66785599,-8.23759372,-8.11114271,-95.93073151,6.63192624,-5.66717716,3.71453214,1.34871668,-14.01531625,-19.48875076,6.27999169,-2.33285471
21.6,41.27489982,-8.14423364,-8.49314653,-96.3421709,7.18416138,-5.61072314,2.98191857,1.1422374,-14.07190171,-18.45277166,5.44572616,-2.00860811
21.605,41.85674083,-8.09021883,-8.86677084,-96.69374526,7.64113465,-5.42315791,2.23261803,0.97446323,-14.0564455,-17.39505867,4.82850654,-1.80762562
21.61,42.50264322,-8.04980473,-9.17441236,-97.02045101,7.87481728,-5.39725525,1.53947376,0.86584735,-14.01028369,-16.36990376,4.50820969,-1.63678457
21.615,43.14299743,-8.01666073,-9.50058836,-97.26480138,8.11778319,-5.37807917,0.90124342,0.74885332,-13.99316765,-15.41118206,4.13779068,-1.45641238
21.62,43.71658198,-7.92248013,-9.84661415,-97.41231233,8.46380097,-5.31925543,0.2201076,0.59050898,-13.89613381,-14.41622818,3.5544689,-1.22126091
21.625,44.14263703,-7.84008298,-10.37275901,-97.42514754,9.01502187,-5.00663429,-0.41890303,0.30085504,-13.80350624,-13.5636546,2.62041884,-1.08224503
21.63,44.72210798,-7.80181824,-10.66048306,-97.4867545,9.17673581,-4.93199114,-1.0441392,0.22055204,-13.66049334,-12.66453183,2.41259874,-0.99171412
21.635,45.2475914,-7.73544681,-11.00591784,-97.44060695,9.41731238,-4.82877393,-1.64543703,0.08211753,-13.50532139,-11.79517115,1.99911437,-0.87327131
21.64,45.45603926,-7.69417311,-11.65013992,-97.22089215,9.969446,-4.14215558,-2.34362914,-0.25145207,-13.0881686,-10.98260976,1.17948629,-1.26362436
21.645,46.00712327,-7.63705749,-11.89859406,-97.09079982,10.09495693,-4.11903056,-2.88909493,-0.32005744,-12.93067738,-10.19315169,0.94514521,-1.14538251
21.65,46.48887688,-7.55035812,-12.24070971,-96.84184143,10.28342238,-4.01037834,-3.40683931,-0.47132005,-12.74025693,-9.42767171,0.53761847,-1.06810224
21.655,46.8095425,-7.44229325,-12.7781475,-96.46505371,10.60065683,-3.59496301,-3.92479839,-0.78663545,-12.39170049,-8.73613372,-0.08931493,-1.31372586
21.66,47.27894813,-7.37691984,-13.01246091,-96.14372195,10.67881477,-3.49508585,-4.42043427,-0.85093135,-12.16218152,-8.04821915,-0.19863154,-1.30278704
21.665,47.7102246,-7.27615285,-13.27955706,-95.73309806,10.77693459,-3.34773961,-4.89251286,-0.960487,-11.88974304,-7.38977173,-0.39855296,-1.29971971
21.67,48.146376,-7.27709329,-13.54919789,-95.32226725,10.8250735,-3.25798104,-5.24776354,-1.0267374,-11.82292535,-6.92022755,-0.4763824,-1.31290949
21.675,48.18316276,-7.02544699,-14.30112467,-94.57878131,11.21520767,-2.30484637,-5.80386458,-1.59395885,-11.02849368,-6.21199514,-1.24127993,-2.10015719
21.68,48.58387375,-6.98597231,-14.47428646,-94.08165044,11.23079548,-2.21989725,-6.18512395,-1.60969846,-10.84864462,-5.72234775,-1.22790806,-2.1207362
21.685,48.8502619,-6.82383241,-14.73554381,-93.43795707,11.27770377,-1.8634419,-6.63727831,-1.76441392,-10.41272826,-5.13743405,-1.3799898,-2.35255663
21.69,48.8683848,-6.67049972,-15.31529275,-92.64024819,11.49388389,-0.97412816,-7.07851444,-2.16281853,-9.76133192,-4.67383614,-1.77401165,-3.2941385
21.695,49.16907688,-6.56585289,-15.42852992,-91.99139105,11.48590383,-0.84388818,-7.43393497,-2.17633726,-9.47788803,-4.24588863,-1.74632182,-3.36044025
21.7,49.21762158,-6.40954047,-15.87354657,-91.16967959,11.52852126,-0.08944844,-7.821375,-2.48018949,-8.91649674,-3.82392236,-1.9243883,-4.16343695
21.705,49.32468392,-6.28796071,-16.11778175,-90.40205736,11.56560354,0.36255818,-8.19466125,-2.60755946,-8.45813634,-3.43898084,-1.99934205,-4.7011223
21.71,49.5432237,-6.15784245,-16.2152751,-89.65352862,11.52949624,0.49842993,-8.44095013,-2.633682,-8.20177496,-3.16581962,-1.93693246,-4.77877434
21.715,49.6852897,-5.95886157,-16.3625795,-88.85316398,11.42896818,0.81063021,-8.72125399,-2.73404127,-7.79866221,-2.85250225,-1.81235771,-5.02068152
21.72,49.43033274,-5.83243255,-16.90070895,-87.9029334,11.58511868,1.84072824,-9.14359334,-3.10432196,-7.04342307,-2.53870001,-2.08031897,-6.4307516
21.725,49.55522862,-5.67872048,-16.94103054,-87.11470165,11.49716114,1.9669723,-9.31763096,-3.10133469,-6.80262075,-2.39094646,-1.95105452,-6.53004999
21.73,49.55750453,-5.48393594,-17.10960748,-86.27755316,11.28231538,2.42513485,-9.56949966,-3.22109702,-6.36236229,-2.15589139,-1.63992386,-7.0597567
21.735,49.27538538,-5.34223628,-17.4782464,-85.36342493,11.40284435,3.13073166,-9.92432465,-3.46271823,-5.69736941,-1.95423112,-1.89778463,-8.28353662
21.74,49.30569624,-5.2777576,-17.45961535,-84.60418308,11.37455282,3.1690931,-10.02376665,-3.35515534,-5.61647393,-1.93255159,-1.82340942,-8.31837123
21.745,49.16469492,-4.99681888,-17.71252248,-83.73837795,11.13231505,3.69373853,-10.21758619,-3.59335231,-5.031327,-1.82709226,-1.31130776,-9.10550359
21.75,48.8785782,-4.8296309,-17.93113692,-82.90422494,11.19799296,4.1081273,-10.5128211,-3.72751195,-4.48620127,-1.69258428,-1.43135661,-9.97344804
21.755,48.82090632,-4.6566993,-17.88944655,-82.16636279,11.16018904,4.16777682,-10.58868868,-3.66506965,-4.28265232,-1.71359295,-1.29051721,-10.06473466
21.76,48.5781774,-4.4644632,-18.08045469,-81.39123344,11.10816501,4.46933197,-10.757094,-3.79431348,-3.81931941,-1.6730117,-0.93246252,-10.78120723
21.765,48.46386732,-4.36441271,-18.02869113,-80.72493731,11.10601663,4.49012782,-10.81182673,-3.6753293,-3.72717355,-1.71465075,-0.87817286,-10.81940615
21.77,48.28983843,-4.13600871,-18.01021877,-80.04075177,11.11801158,4.54002673,-10.87396854,-3.66270807,-3.46244305,-1.80472245,-0.7015384,-10.96336017
21.775,47.91469973,-3.94577313,-18.22616973,-79.33958666,11.2611844,4.67870931,-11.04864337,-3.80390256,-3.00307923,-1.80404454,-0.24904586,-11.70861381
21.78,47.73909241,-3.84024166,-18.16576685,-78.75734763,11.27309277,4.68639768,-11.06522006,-3.67904407,-2.9227097,-1.8667738,-0.22753532,-11.73533602
21.785,47.3277881,-3.60212458,-18.30257108,-78.11488246,11.59228223,4.61617731,-11.2120187,-3.79073665,-2.5176433,-1.94408166,-0.04738747,-12.20264005
21.79,47.12260616,-3.50509377,-18.23848219,-77.59548086,11.60346672,4.61656889,-11.2104684,-3.65111374,-2.45923121,-2.01667353,-0.0301527,-12.21987785
21.795,46.80498888,-3.2828333,-18.19869557,-77.05154205,11.78046622,4.53920041,-11.20955072,-3.64772168,-2.26449452,-2.23003577,0.01353241,-12.29935674
21.8,46.49899098,-3.13326931,-18.16934181,-76.56385861,11.98622936,4.43223389,-11.20429457,-3.57282405,-2.1318611,-2.3759297,0.04491669,-12.35236496
21.805,46.22758979,-3.01913771,-18.09840353,-76.11216997,12.09102006,4.37675399,-11.17875126,-3.45807163,-2.06023373,-2.47737235,0.05580305,-12.36409843
21.81,45.76170885,-2.82538236,-18.21185927,-75.60864866,12.91649981,3.88065489,-11.18541257,-3.54756846,-1.86784537,-2.69673138,-0.0311364,-12.33879098
21.815,45.4554625,-2.71036133,-18.1219463,-75.20386478,12.97736535,3.84032154,-11.14038747,-3.43199764,-1.79893072,-2.83655525,-0.04814272,-12.32159808
21.82,45.02019045,-2.53742966,-18.16600685,-74.75218343,13.54421865,3.47945816,-11.05898019,-3.46587982,-1.72987994,-3.14638074,-0.29490102,-12.12364467
21.825,44.46889563,-2.3379018,-18.21884346,-74.2861782,14.0201554,2.96334557,-11.10472072,-3.545152,-1.70497163,-3.35365723,-0.43399516,-11.56601311
21.83,44.07675768,-2.22048066,-18.16167095,-73.89460512,14.46073413,2.69146537,-10.98011529,-3.48770833,-1.72450156,-3.65515801,-0.69930535,-11.23004617
21.835,43.69432535,-2.09889007,-18.0592326,-73.52243455,14.6947172,2.55775547,-10.83472857,-3.41035193,-1.69540948,-3.97986387,-0.87582594,-11.06122711
21.84,43.29429765,-2.01985108,-18.03957408,-73.11266756,15.32884606,2.19130408,-10.59692845,-3.38582637,-1.77702702,-4.37877016,-1.38396109,-10.57227432
21.845,42.89649904,-1.9020197,-17.94868583,-72.73259443,15.86267271,1.83462171,-10.3957005,-3.34707735,-1.81080132,-4.74568091,-1.80292672,-9.86813076
21.85,42.47876305,-1.82125929,-17.88047915,-72.31972023,16.19550085,1.64165177,-10.10080656,-3.30705261,-1.90117122,-5.25989577,-2.13417938,-9.49611307
21.855,42.06092208,-1.75942806,-17.79382789,-71.90512446,16.68225963,1.37121091,-9.77797562,-3.26437568,-1.99094662,-5.79304812,-2.66160147,-8.9300697
21.86,41.64158517,-1.70360967,-17.70309136,-71.48189867,17.14609767,1.11926126,-9.41265364,-3.22376009,-2.09143717,-6.38931865,-3.20268571,-8.29813428
21.865,41.22762479,-1.65173807,-17.59296953,-71.04417173,17.60694182,0.87617885,-8.99703014,-3.18141133,-2.20889905,-7.04066785,-3.76141154,-7.53257294
21.87,40.88099778,-1.55404178,-17.45863986,-70.58336878,18.00861309,0.66433911,-8.46555045,-3.18757048,-2.38115694,-7.79592015,-4.12278033,-6.35102292
21.875,40.39262099,-1.56942303,-17.34770038,-70.11250198,18.27522256,0.55417735,-7.97686539,-3.11403402,-2.5483418,-8.68441107,-4.57081134,-6.07349716
21.88,39.96719052,-1.5575263,-17.23960541,-69.59343707,18.75366707,0.37897023,-7.3809556,-3.08896266,-2.66286145,-9.5785484,-5.35444837,-5.27782504
21.885,39.57278332,-1.5719505,-17.11546095,-69.06985239,19.07693702,0.29847158,-6.66809221,-3.04657518,-2.86360588,-10.65588891,-5.86967614,-4.58370903
21.89,39.02149715,-1.59707536,-16.98169311,-68.51521326,19.28451598,0.24148025,-6.05163939,-2.98921337,-3.03793247,-11.82480724,-6.3498053,-4.40476917
21.895,38.45330855,-1.62619362,-16.8477165,-67.93277312,19.52441844,0.1856466,-5.38533728,-2.94122103,-3.19845206,-13.09434286,-6.93983466,-4.17034964
21.9,38.10144958,-1.67372147,-16.7846824,-67.29014247,19.9149927,0.16945309,-4.39776243,-2.94232164,-3.36848592,-14.45161016,-7.80104625,-3.49073157
21.905,37.50710585,-1.72961608,-16.66033647,-66.65098462,20.08220962,0.15678198,-3.60078478,-2.89254243,-3.60159231,-15.97798829,-8.29260887,-3.37481024
21.91,37.08793567,-1.76242535,-16.60239338,-65.92814073,20.32301285,0.19107538,-2.51613416,-2.9202022,-3.77915821,-17.59848967,-8.99070084,-3.11425114
21.915,36.4220216,-1.82641934,-16.47442403,-65.22379759,20.42434107,0.2047721,-1.64637597,-2.87756737,-4.04865836,-19.35792825,-9.40639778,-3.13529156
21.92,35.7086831,-1.85865411,-16.35056408,-64.49279512,20.51153333,0.2291645,-0.77635786,-2.86205739,-4.27740563,-21.20176363,-9.82354876,-3.17991232
21.925,35.27952081,-1.81102587,-16.44290107,-63.5907101,20.69292859,0.29406974,0.60674737,-3.05457935,-4.46297735,-23.20722341,-10.64313747,-3.39533518
21.93,34.53330324,-1.8865529,-16.33110265,-62.78980184,20.71443585,0.33994436,1.59849198,-3.02680536,-4.76012032,-25.28162544,-10.93825081,-3.57229534
21.935,34.11947613,-1.78168208,-16.4588533,-61.85165376,20.74800141,0.40516673,3.12750916,-3.26542559,-4.84273019,-27.53267262,-11.58476502,-4.36333117
21.94,33.33199865,-1.84738647,-16.35331076,-60.99053654,20.7493166,0.45431036,4.19337805,-3.25531497,-5.14889381,-29.79889804,-11.85646775,-4.62072543
21.945,32.51631358,-1.84838259,-16.27378298,-60.09482675,20.74140039,0.51183138,5.28146869,-3.31114585,-5.40567054,-32.13738744,-12.12511945,-4.9582081
21.95,32.04782358,-1.54070986,-16.63431816,-58.95306389,20.62192913,0.54456612,7.03983369,-3.79790898,-5.33298533,-34.69262386,-12.75338473,-6.59010206
21.955,31.27815607,-1.50068416,-16.55325413,-58.02710041,20.56946435,0.59409704,8.26902061,-3.87304276,-5.51626499,-37.20041392,-13.00290836,-7.18500439
21.96,30.64008139,-1.26595152,-16.83362824,-56.85949488,20.38491352,0.60162575,9.85374272,-4.22938877,-5.46546248,-39.76673624,-13.47247883,-8.77115203
21.965,29.908994,-1.11208461,-16.93441135,-55.7970619,20.2346311,0.62095201,11.27284835,-4.44157097,-5.50468286,-42.37437955,-13.81016136,-9.945268
21.97,29.13866466,-0.88260081,-17.09492792,-54.66526966,20.04696636,0.64850377,12.7001588,-4.7310355,-5.47870977,-45.00924673,-14.09038738,-11.19987703
21.975,28.36528568,-0.67000959,-17.25663649,-53.51902205,19.82016813,0.64222109,14.13819541,-4.97674518,-5.40746292,-47.63423075,-14.42359188,-12.53742423
21.98,27.49525159,-0.36368112,-17.36858653,-52.33574172,19.61801147,0.7238534,15.46663033,-5.29350094,-5.38171557,-50.26385525,-14.44099716,-13.62117113
21.985,26.58113981,-0.30927197,-17.30256039,-51.26183891,19.47166857,0.80540273,16.62343465,-5.32646044,-5.45929362,-52.78853853,-14.43419892,-14.11780755
21.99,25.67733274,0.2466145,-17.68141603,-49.89764458,19.09385908,0.87909141,18.06932183,-5.90285611,-5.18888158,-55.44737875,-14.37801364,-15.71825676
21.995,24.79113124,0.52844258,-17.87677395,-48.65281205,18.74592139,0.87054764,19.40258588,-6.14823096,-4.99255181,-57.97271928,-14.50314614,-16.94472316
22,23.88936205,0.78788212,-18.01236346,-47.42683975,18.4062032,0.90324925,20.6597467,-6.35583499,-4.852776,-60.44522996,-14.48956854,-18.01878548
22.005,22.93853677,1.05650324,-18.12382869,-46.16123742,18.04954338,1.00730836,21.83880605,-6.55915813,-4.73314947,-62.8312414,-14.24923349,-18.92121495
22.01,21.97769439,1.29067555,-18.23644998,-44.9208084,17.67035344,1.12683639,22.96538681,-6.73131839,-4.61936712,-65.16295227,-13.92884865,-19.69702442
22.015,20.99427644,1.54230332,-18.37710819,-43.63046104,17.25730778,1.23256468,24.06588614,-6.89949847,-4.4598145,-67.40993669,-13.57272518,-20.40985947
22.02,20.056548,1.47301094,-18.27584078,-42.49495574,17.06355384,1.33420977,25.01198426,-6.75099685,-4.51858418,-69.47095527,-13.36380676,-20.64520794
22.025,19.02312038,1.96553667,-18.61319535,-41.11179386,16.374104,1.47387065,26.11588976,-7.14310233,-4.16105755,-71.68499154,-12.54967891,-21.38167112
22.03,18.05441137,2.05380022,-18.64781273,-39.90294827,15.87632864,1.68169419,27.02044955,-7.16289038,-4.14755357,-73.63823169,-11.78143878,-21.77071426
22.035,17.03200406,2.25417206,-18.77494558,-38.64931679,15.35528935,1.82449121,27.90153223,-7.27540064,-3.99635878,-75.56626951,-10.86716929,-21.73721088
22.04,16.03709403,2.34855834,-18.85430828,-37.44287217,14.83832031,2.03036036,28.70617955,-7.31439221,-3.95255875,-77.35597394,-9.81164573,-21.56523526
22.045,15.13672544,2.29553401,-18.85535225,-36.29183106,14.2858837,2.30740742,29.49068188,-7.20245598,-4.00214275,-78.98605015,-8.82259988,-21.71171459
22.05,14.13258655,2.39212023,-18.9570644,-35.05426336,13.67586736,2.61273093,30.19673276,-7.23499415,-3.93210765,-80.56631885,-7.36249898,-21.13314729
22.055,13.1957536,2.33906828,-18.96944757,-33.98570047,13.1190811,2.87183209,30.84698607,-7.16550192,-3.97866254,-82.0561484,-5.99318852,-20.5333135
22.06,12.21565634,2.34054225,-19.00689047,-32.85595159,12.57398195,3.14083348,31.41421527,-7.16499536,-4.0008076,-83.44188198,-4.18561616,-19.14395257
22.065,10.91567101,3.51798126,-18.88181619,-31.61507669,12.07479508,3.4644518,34.12484896,-9.06067627,-4.71163833,-87.74963923,-6.35538938,-19.09782127
22.07,10.27098792,3.39619948,-19.03736575,-30.62614549,11.32472034,3.60103314,35.17793626,-8.94783922,-4.77739567,-89.16692951,-5.53536769,-19.35574315
22.075,9.62611029,3.40669325,-19.03179425,-29.64487603,10.69991832,3.78187977,36.19204865,-9.04799294,-4.88495498,-90.55173513,-4.34810641,-18.2959964
22.08,8.88621382,3.15336721,-19.05052988,-28.73660938,10.01352663,4.12792608,36.99367815,-8.8940641,-5.13342392,-91.7272461,-3.49599794,-18.01927933
22.085,8.07318128,3.00708443,-19.05616401,-27.81666345,9.49611249,4.51029658,37.70064071,-8.90388224,-5.35122411,-92.86277055,-2.10654364,-16.56928016
22.09,7.34466589,2.80843932,-19.05422619,-26.9538499,8.90013642,4.83822261,38.44298021,-8.85445101,-5.59657349,-93.88550574,-1.01553907,-15.64657072
22.095,6.67320562,2.55754224,-19.08231927,-26.09263331,8.24809577,5.1527648,39.20568911,-8.73860316,-5.89485242,-94.76633611,-0.34665123,-15.483052
22.1,5.93832751,2.39288724,-19.01575637,-25.31588072,7.69973183,5.51511565,39.84461991,-8.78056782,-6.15463361,-95.6440222,1.10576061,-13.79301787
22.105,5.28129796,2.17139656,-18.96891257,-24.56684065,7.1198067,5.82972369,40.51466535,-8.75639721,-6.45581694,-96.37806719,2.14553978,-12.7833285
22.11,4.68170565,1.93867086,-18.96039508,-23.85523447,6.46482619,6.12770422,41.23342082,-8.68740836,-6.75205273,-97.03610436,2.81713944,-12.46491087
22.115,4.02602243,1.73917948,-18.84532628,-23.16070721,5.99610077,6.39783748,41.81835148,-8.72869672,-7.07801919,-97.60735858,3.9611533,-11.04587713
22.12,3.45258154,1.53867447,-18.79669447,-22.51358221,5.3803158,6.64281909,42.47901218,-8.71413212,-7.37186531,-98.08984274,4.65507806,-10.56047268
22.125,2.88392568,1.33401516,-18.72198508,-21.87364252,4.79671813,6.88269984,43.0993619,-8.70730957,-7.69453345,-98.46802819,5.32247462,-10.06211753
22.13,2.27886065,1.20033816,-18.51768226,-21.29233744,4.39767056,6.9736625,43.6234894,-8.81677962,-7.99227054,-98.80573592,6.38499517,-8.5677513
22.135,1.77887849,1.00412433,-18.41631249,-20.75044714,3.83139846,7.16217958,44.2394443,-8.80036851,-8.2937761,-99.02661514,6.9091186,-8.23015095
22.14,1.26910427,0.83113182,-18.27504394,-20.22023544,3.39778837,7.28336524,44.80889892,-8.81556355,-8.60926956,-99.16159611,7.43173606,-7.73769714
22.145,0.83548009,0.70508255,-18.23686252,-19.83244793,3.33197615,7.31397401,45.47045576,-8.82474993,-8.82605673,-99.30465916,7.53471744,-7.67952813
22.15,0.25836543,0.51430179,-17.77114479,-19.27588013,2.62132644,7.25774177,45.78476009,-8.92774241,-9.24488285,-99.19447771,8.79074313,-5.93485839
22.155,-0.15089504,0.42120765,-17.71216766,-18.91144864,2.54512107,7.29302533,46.4070314,-8.94043072,-9.43750123,-99.16814682,8.8824186,-5.90522779
22.16,-0.59861219,0.25213848,-17.3826989,-18.4398958,1.79982053,7.35573024,46.85021357,-8.93119112,-9.7739247,-98.92381622,9.55476832,-5.3485382
22.165,-0.9679072,0.18257702,-17.31897362,-18.14767946,1.78062599,7.36023003,47.43135451,-8.94919787,-9.95736367,-98.73868916,9.62134397,-5.28975381
22.17,-1.45250555,-0.01808941,-16.7002359,-17.72476042,1.25531656,6.91915659,47.67566086,-8.99952048,-10.38452334,-98.31049165,10.52915486,-3.87773963
22.175,-1.79533984,-0.05592284,-16.59077986,-17.45872823,1.21919255,6.93579456,48.20975378,-8.99474658,-10.51932959,-97.96027246,10.59592095,-3.83609108
22.18,-2.22603934,-0.17936736,-16.03683697,-17.10435698,0.75716131,6.47288687,48.4949588,-9.02977869,-10.85283593,-97.44469826,11.26357924,-2.84906739
22.185,-2.55209678,-0.2200696,-15.81218809,-16.84644636,0.6816312,6.47097999,48.96724861,-8.95933048,-10.97851938,-96.9278885,11.36647208,-2.75761902
22.19,-2.83073173,-0.43062636,-15.42781947,-16.61499391,0.39283758,6.18608471,49.295607,-8.89411588,-11.33992239,-96.25341312,11.75141044,-2.23348725
22.195,-3.12142967,-0.55914464,-14.98971966,-16.43157684,0.28406135,5.75287506,49.59943786,-8.86274326,-11.62192176,-95.56680005,12.07220471,-1.56724506
22.2,-3.40359846,-0.5684294,-14.72968755,-16.24510372,0.26099386,5.70136486,49.99198892,-8.77362842,-11.71611666,-94.86724446,12.15550578,-1.42878217
22.205,-3.62869737,-0.77305395,-14.25043412,-16.0991059,0.12226015,5.17012224,50.21980632,-8.69724502,-12.06981712,-94.02058592,12.51676233,-0.67230253
22.21,-3.86209641,-0.76124148,-13.99981899,-15.97531415,0.1431759,5.13599401,50.57193457,-8.59461062,-12.12678032,-93.21894214,12.55574762,-0.56412146
22.215,-4.02281626,-1.018074,-13.53273053,-15.90108619,0.14270415,4.54781697,50.74650101,-8.46491524,-12.50883614,-92.25522475,12.84055242,0.22621981
22.22,-4.25897859,-1.06876367,-13.09021099,-15.79174782,0.09775963,4.14295762,50.92393386,-8.40117617,-12.6976942,-91.32419963,13.05770493,0.81796797
22.225,-4.43514269,-1.05027342,-12.83370303,-15.72918884,0.16074303,4.08389057,51.18317683,-8.2674157,-12.73743782,-90.40133384,13.0689772,0.94929474
22.23,-4.5578983,-1.24641459,-12.44726262,-15.68913085,0.35186594,3.6414726,51.32144671,-8.0734764,-13.01493614,-89.35860052,13.14774424,1.54096917
22.235,-4.67592088,-1.40284472,-12.01881968,-15.68232181,0.38078734,3.20452677,51.40653147,-7.96909544,-13.2918131,-88.30760536,13.32869367,2.18949261
22.24,-4.82689138,-1.34817054,-11.75431424,-15.66820507,0.45968453,3.15666255,51.55949886,-7.8190966,-13.28489265,-87.32071162,13.317265,2.30995654
22.245,-4.95399382,-1.28975938,-11.57866188,-15.66310144,0.55735668,3.08862823,51.68299817,-7.72483673,-13.29649053,-86.33002498,13.29768672,2.43593089
22.25,-4.97664085,-1.72608892,-11.028826,-15.70095985,0.91366657,2.32747454,51.61064564,-7.45895964,-13.83984274,-85.14882529,13.39188119,3.46850903
22.255,-5.1558083,-1.75769543,-10.65242167,-15.70085306,1.03428742,2.0099717,51.53951486,-7.33196404,-13.94798576,-84.11218437,13.45689856,3.9323013
22.26,-5.26461546,-1.70114914,-10.41973696,-15.70530855,1.1449382,1.95225031,51.57403799,-7.17667128,-13.93666682,-83.13637301,13.42681305,4.0463708
22.265,-5.36150311,-1.91371274,-10.06040127,-15.74498306,1.44137518,1.52124385,51.42726958,-6.99792948,-14.24763861,-82.07172292,13.44012917,4.61697925
22.27,-5.45970718,-1.83241833,-9.87407378,-15.75961342,1.54137022,1.48204381,51.3984946,-6.87147095,-14.2112523,-81.1336327,13.41370721,4.69732988
22.275,-5.60836416,-2.04681759,-9.51687787,-15.77276355,1.86139888,1.09049955,51.15548259,-6.67274111,-14.53067435,-80.13418638,13.43639405,5.1968381
22.28,-5.70843037,-1.98016176,-9.3366814,-15.7786765,1.98640593,1.03885632,51.07633645,-6.53068231,-14.51447228,-79.26789052,13.41599986,5.27227306
22.285,-5.81401303,-1.94429547,-9.15814539,-15.77858239,2.1653138,0.94624907,50.95588479,-6.38095577,-14.54339678,-78.4359602,13.40377144,5.37101583
22.29,-5.90255171,-1.87005297,-9.06889406,-15.77883072,2.28335575,0.89022354,50.82592785,-6.2904417,-14.5458007,-77.66766688,13.39973161,5.42921542
22.295,-6.2337663,-2.21974928,-8.69934163,-15.75975751,2.63243846,0.55623471,50.23780227,-6.04149199,-14.9998447,-76.75182201,13.55349955,5.80751766
22.3,-6.31120174,-2.10339519,-8.6726744,-15.75080946,2.6835682,0.54700454,50.10786414,-5.99355504,-14.98418671,-76.11101047,13.55521495,5.81780972
22.305,-6.56612807,-2.28437924,-8.42321931,-15.71102786,2.89245416,0.47927766,49.65870847,-5.73339441,-15.20388651,-75.34651934,13.71986555,5.83034446
22.31,-6.64220882,-2.17292794,-8.41201888,-15.67881149,2.93138674,0.47808882,49.49971844,-5.68378086,-15.1956464,-74.80254774,13.7389647,5.82596243
22.315,-6.80011127,-2.14009334,-8.25309578,-15.58838404,2.99068049,0.4962191,49.24138639,-5.50443698,-15.19132308,-74.23877184,13.90318658,5.75526216
22.32,-7.06041595,-2.24892573,-8.23579022,-15.53348955,3.02181254,0.58632157,48.77507601,-5.3136761,-15.34739074,-73.67679165,14.33035487,5.5072545
22.325,-7.21572385,-2.18263801,-8.16477444,-15.43365832,3.00464269,0.65206912,48.50937502,-5.20856243,-15.34429632,-73.2441079,14.41397,5.4477305
22.33,-7.46249358,-2.21054703,-8.18684842,-15.34575804,2.85058349,0.86472881,48.08831013,-5.06159087,-15.40874201,-72.81720634,14.81180789,5.17006624
22.335,-7.53722027,-2.12777222,-8.20451572,-15.30847103,2.8379468,0.89597065,47.85379432,-5.01679808,-15.38984801,-72.48714554,14.8483917,5.13902128
22.34,-8.06554983,-2.29379811,-8.31166262,-15.1546317,2.59005496,1.49896647,47.12789796,-4.71833308,-15.50080584,-72.07486069,15.30893368,4.6098829
22.345,-8.12419758,-2.21709709,-8.33753052,-15.1239245,2.53864524,1.54027935,46.88493879,-4.68277139,-15.46784129,-71.82322884,15.37613149,4.5683461
22.35,-8.32818877,-2.2191164,-8.37583678,-14.97771105,1.96950517,1.94442424,46.51051068,-4.53715603,-15.46165125,-71.56617478,16.02876067,4.17468294
22.355,-8.37174199,-2.15590467,-8.42697608,-14.98191036,1.89594863,2.00312796,46.24534725,-4.50498813,-15.41239488,-71.37030877,16.09583463,4.12147451
22.36,-8.6025515,-2.20722505,-8.59073698,-14.88569266,1.08033568,2.65570941,45.80129401,-4.32932694,-15.38658998,-71.15319778,16.83396676,3.58870616
22.365,-8.79616763,-2.24781597,-8.79186609,-14.87682368,0.59552085,3.22702559,45.36517278,-4.17324061,-15.34292911,-70.96017006,17.20386271,3.20294329
22.37,-8.94203633,-2.29221334,-8.96893185,-14.89647098,0.07758595,3.76729216,44.95402904,-4.03751396,-15.28298079,-70.79231081,17.5689491,2.8588911
22.375,-9.15359921,-2.41243315,-9.28045817,-14.95109538,-0.33281045,4.60190817,44.45728173,-3.80816402,-15.21569457,-70.60540327,17.83287081,2.41321583
22.38,-9.16132968,-2.43087124,-9.38144666,-15.05088268,-1.01387314,4.97936427,44.12421093,-3.75004929,-15.14969807,-70.47358973,18.25226299,2.16554109
22.385,-9.14738694,-2.46408903,-9.52667413,-15.21604781,-1.72911032,5.42057846,43.78011364,-3.67792138,-15.06001449,-70.34256232,18.64730952,1.90320869
22.39,-9.1091112,-2.51642096,-9.68845139,-15.44214408,-2.43952073,5.89545271,43.42917776,-3.59558149,-14.95529592,-70.21155876,19.00679486,1.64127912
22.395,-9.05694132,-2.58751196,-9.892047,-15.70939028,-3.18101442,6.48960493,43.05573226,-3.48370429,-14.83666918,-70.05029767,19.34372777,1.34265909
22.4,-8.93686053,-2.66981849,-10.05362468,-16.10193199,-3.88877759,6.9687634,42.69043649,-3.40079338,-14.71806015,-69.90931756,19.66208776,1.09505569
22.405,-8.79005223,-2.76130621,-10.21816034,-16.53851041,-4.63737543,7.47872096,42.30778326,-3.30837805,-14.58912687,-69.73207737,19.96742298,0.84357317
22.41,-8.58101984,-2.85875809,-10.35836435,-17.09758318,-5.32322078,7.89372377,41.91954235,-3.23278489,-14.45878728,-69.54652476,20.23586582,0.6338898
22.415,-8.33032868,-2.96815695,-10.4843515,-17.7273114,-6.05190721,8.30238172,41.52090631,-3.1531184,-14.32963523,-69.33591262,20.50628982,0.42364515
22.42,-8.03597848,-3.0971513,-10.5825749,-18.45483318,-6.75053318,8.67888928,41.09871001,-3.05891704,-14.18612191,-69.09345208,20.74028052,0.21995306
22.425,-7.6671348,-3.20378329,-10.66984355,-19.29306832,-7.37883465,8.93222961,40.66622027,-3.00973043,-14.05941927,-68.79955337,20.95622842,0.05555885
22.43,-7.28250997,-3.29273862,-10.69021314,-20.28637524,-7.78258703,9.02406221,40.20507924,-2.96668855,-13.87952501,-68.5618784,21.08909199,-0.02077379
22.435,-6.77540423,-3.46790411,-10.68200292,-21.32601547,-8.56717188,9.18529471,39.73830497,-2.88111188,-13.79362575,-68.1743343,21.32891184,-0.22048787
22.44,-6.22973683,-3.5928538,-10.63579769,-22.51465721,-9.04972104,9.14966135,39.24593902,-2.83452465,-13.66888934,-67.79559468,21.46947844,-0.34506017
22.445,-5.72111892,-3.6398945,-10.61391266,-23.81959182,-9.26662999,9.09474284,38.68385813,-2.81427596,-13.45295515,-67.42913806,21.5334482,-0.35971144
22.45,-5.11088355,-3.73139282,-10.53019493,-25.25961,-9.60637266,8.97397,38.10869055,-2.79315879,-13.29646223,-67.0127004,21.6683297,-0.41445509
22.455,-4.45741782,-3.81403607,-10.41611765,-26.789995,-9.86806705,8.7886128,37.48653179,-2.76330458,-13.13804678,-66.52290758,21.76710656,-0.44855553
22.46,-3.44838774,-4.05767522,-9.97413645,-28.47960917,-10.32462228,7.84505662,36.97480423,-2.73369644,-13.29193133,-65.89347658,21.86282948,-0.59366557
22.465,-2.74809561,-4.06137605,-9.89189781,-30.2253169,-10.39327184,7.64953598,36.28338312,-2.71909472,-13.04813573,-65.36735767,21.88853847,-0.57799176
22.47,-1.9046437,-4.12203685,-9.69109432,-32.12240123,-10.41262287,7.21937468,35.58774397,-2.70443867,-12.92201408,-64.77643157,21.95186863,-0.58767579
22.475,-0.75637736,-4.33295185,-9.14047167,-34.16433183,-10.36301143,6.01077852,34.94830516,-2.68303809,-13.13124685,-64.02966978,21.99558969,-0.64319171
22.48,0.13198258,-4.32775751,-8.99955947,-36.22184585,-10.34521881,5.64533493,34.1966235,-2.65782965,-12.91882115,-63.37938375,21.97079519,-0.60406964
22.485,1.38638362,-4.51330769,-8.4492596,-38.45703524,-10.12601219,4.34040147,33.53160271,-2.61046785,-13.12974929,-62.58575279,21.944769,-0.62888384
22.49,2.30718646,-4.46756866,-8.30821311,-40.61995093,-10.05381089,4.0145563,32.70033123,-2.57667017,-12.89398589,-61.84017759,21.90375805,-0.57655802
22.495,3.88587976,-4.71994081,-7.6658379,-43.0635402,-9.88332718,2.34652234,32.17375933,-2.46274778,-13.23592618,-60.96149459,21.77528399,-0.6401664
22.5,4.83024993,-4.64555255,-7.51138213,-45.31372842,-9.69389996,2.04137912,31.29104396,-2.41457887,-12.99539759,-60.17838282,21.73818244,-0.57768358
22.505,6.44667659,-4.99095103,-6.87456816,-47.85893401,-9.30679237,0.47449135,30.69764314,-2.17464863,-13.41253818,-59.21371855,21.58425398,-0.63321074
22.51,7.66005774,-5.14113242,-6.50765019,-50.26865311,-8.79489054,-0.41054798,29.8598753,-2.00628344,-13.54545191,-58.30255228,21.51861378,-0.58938177
22.515,9.00064336,-5.3583215,-6.09037662,-52.7012395,-8.49617313,-1.35382752,29.09778599,-1.74847701,-13.7101193,-57.34342718,21.36774191,-0.57878428
22.52,10.32243267,-5.55018003,-5.71061253,-55.09375784,-8.17589477,-2.23831449,28.33774213,-1.49025077,-13.86038228,-56.37694687,21.2073163,-0.58406149
22.525,11.40516748,-5.56386989,-5.48776189,-57.38024927,-7.75522064,-2.81672261,27.49343117,-1.34769786,-13.81283799,-55.52700296,21.12949811,-0.52953002
22.53,12.8575964,-5.98561404,-4.91509615,-59.74646987,-7.38968282,-3.95391081,26.76365544,-0.85785883,-14.17349783,-54.42619684,20.8875427,-0.54556521
22.535,14.06753044,-6.16751396,-4.58668614,-61.95449968,-6.92768794,-4.74373571,25.98761372,-0.55551991,-14.30124862,-53.44003842,20.72889532,-0.54147801
22.54,15.41849228,-6.43832366,-4.20353352,-64.13040422,-6.71058325,-5.51203824,25.3595516,-0.15275652,-14.46447662,-52.45116445,20.43541859,-0.69133779
22.545,16.52549424,-6.63708602,-3.86468183,-66.16632574,-6.33266748,-6.17872568,24.5842955,0.19145525,-14.59307101,-51.49254585,20.27071983,-0.62501577
22.55,17.59688019,-6.83998947,-3.54557742,-68.09278309,-5.95179769,-6.81666052,23.85021888,0.54389672,-14.72072803,-50.55341998,20.0877699,-0.59488291
22.555,18.39082284,-6.68852452,-3.47411679,-69.77581991,-5.79082016,-7.00776656,23.09499556,0.5742528,-14.55998267,-49.78276191,19.98956789,-0.52844235
22.56,19.58176665,-7.21879335,-2.93843931,-71.60210303,-5.29249959,-7.92651023,22.47403372,1.23651028,-14.93198714,-48.76350984,19.71553221,-0.50854694
22.565,20.57042018,-7.41696739,-2.65334267,-73.18979696,-5.08107694,-8.37071046,21.92640028,1.59865393,-15.01045314,-47.93254567,19.45250915,-0.61474887
22.57,21.43989111,-7.56642801,-2.41308011,-74.6231463,-4.81397356,-8.76377242,21.38815796,1.90684389,-15.06103,-47.15979696,19.24090667,-0.65670234
22.575,22.0717158,-7.41940652,-2.37336089,-75.86709399,-4.71731278,-8.88649975,20.80679637,1.90892492,-14.94515535,-46.53718262,19.14949138,-0.60352631
22.58,22.91955441,-7.75169281,-1.99687162,-77.12246773,-4.42658856,-9.44994265,20.36203759,2.38384439,-15.14266931,-45.79971766,18.90368498,-0.59486343
22.585,23.42571821,-7.65255077,-1.96773667,-78.07306488,-4.33402337,-9.5508133,19.91791544,2.40090487,-15.06825703,-45.28733272,18.82232679,-0.56461879
22.59,24.26418875,-7.95216079,-1.66573906,-79.06723392,-4.11553666,-9.88124375,19.73531693,2.84154454,-15.15889786,-44.69180604,18.50200355,-0.81268834
22.595,24.63116529,-7.88291232,-1.64946211,-79.77727646,-4.0299277,-9.9596259,19.39424426,2.84970572,-15.11537303,-44.32372355,18.45119804,-0.76426278
22.6,26.90425084,-10.0221643,-0.11341434,-80.88066723,-3.15718041,-9.12364747,20.02344519,5.20997961,-15.97319578,-42.80449491,17.71615787,-1.64423642
22.605,27.08615731,-9.96648591,-0.18584929,-81.3178288,-3.13840891,-9.14392151,19.78431689,5.16205968,-15.98141867,-42.61506662,17.69363473,-1.62600787
