time,hip_flexion_l_velocity,hip_adduction_l_velocity,hip_rotation_l_velocity,knee_angle_l_velocity,ankle_angle_l_velocity,subtalar_angle_l_velocity,hip_flexion_r_velocity,hip_adduction_r_velocity,hip_rotation_r_velocity,knee_angle_r_velocity,ankle_angle_r_velocity,subtalar_angle_r_velocity
102.79,57.5520044132174,65.3131022514327,-39.4310164917645,237.268221603273,-24.9116714421112,96.6898240978793,-108.652150943255,-63.9862723035028,-16.8340680471542,45.0982088950825,-5.16814652501116,-2.91871496724329
102.795,57.9347481889017,64.79262649702,-39.0447769034637,237.331680092814,-26.1692968714268,96.924098150594,-108.404785238307,-63.4631025637567,-16.4129699638612,45.2415226197096,-4.66201871229226,-3.49542658736961
102.8,58.6138911994681,63.4277415435205,-37.9226004731507,236.736669006314,-29.1428690328802,97.2716810495529,-107.443506785742,-62.0800955118665,-15.3305722297576,45.2757998693665,-3.45172397267176,-4.74057031854725
102.805,59.1058419276554,61.4421253967424,-36.1035795908259,234.715577580022,-33.0201797471892,97.3872647182202,-105.569393999137,-60.0485393269472,-13.7743906267771,44.7903872117669,-1.85097017784534,-6.15173899290742
102.81,59.3786798320117,58.8979270988896,-33.6008305783729,231.312424505796,-37.7583968753948,97.2889970506875,-102.831142609487,-57.426107155765,-11.7644049355638,43.7575143674854,0.121169656416264,-7.68979164276302
102.815,59.3950640689123,55.8719963375458,-30.4432289843792,226.587582797029,-43.2810441782777,96.9912775085377,-99.2926382405724,-54.2856631034941,-9.33381624567332,42.1538540946403,2.42960035346073,-9.30754630082478
102.82,59.1132208070559,52.4535325462249,-26.6746313718554,220.61657053829,-49.4793964636176,96.5042521800756,-95.0304149731665,-50.7129911228873,-6.52831266103549,39.9605287388414,5.02272353711572,-10.9511204187738
102.825,58.4882509388833,48.7412931278843,-22.3526545861355,213.48874819632,-56.2150108502923,95.8335756105556,-90.1307329367418,-46.8040706045712,-3.40492585786308,37.1630313633774,7.83242515380389,-12.5616261071702
102.83,57.4737025190065,44.8404563389176,-17.5470624159874,205.305931320777,-63.3232982386696,94.9804300834135,-84.6863875369921,-42.6619964106866,-0.0305169330101329,33.7510695164828,10.774564513583,-14.077174441673
102.835,56.0233327318967,40.8592538334709,-12.3378233043861,196.180924134843,-70.6180036329585,93.9417807034697,-78.7933784155931,-38.3936589213218,3.5200530548865,29.7183406725324,13.7499857423898,-15.4351278289689
102.84,54.0929712593803,36.9055012333172,-6.81291298246067,186.235977642669,-77.8964349519043,92.7108349061247,-72.5475740589962,-34.1063113947176,7.16599872647782,25.0622489979474,16.646059377795,-16.5745260565154
102.845,51.6423923739972,33.0831606537624,-1.06594218204838,175.601174955819,-84.9452576967899,91.2776684857198,-66.0415065951129,-29.9041564013951,10.8228539229711,19.7835733708661,19.3387477450167,-17.4386010188858
102.85,48.6371064316133,29.4890667823488,4.80630799854655,164.412746483231,-91.5466575650249,89.6299768916776,-59.3614213126371,-25.8850803717573,14.4048005535236,13.8860965874911,21.6951729362044,-17.9772877727109
102.855,45.0499908542587,26.2099388297245,10.7063615890345,152.81131856715,-97.4846649552312,87.753909887586,-52.5846886501459,-22.1376562930809,17.8270002485452,7.37620550107696,23.5766509780749,-18.1496357855392
102.86,40.8626940969791,23.3197858165984,16.5384567360595,140.940101183807,-102.551434284724,85.6349490478023,-45.7776649819273,-18.7385205153514,21.0078500961136,0.262471557087335,24.8421404720735,-17.9260240863499
102.865,36.0667616652067,20.8777936476458,22.2108174412753,128.943023447271,-106.553276930196,83.2587904594366,-38.9940644216187,-15.7502117493254,23.8710904656803,-7.44477910090195,25.3520390426259,-17.2900874822735
102.87,30.6644495664893,18.926760615181,27.6377258635828,116.962829725715,-109.316259078866,80.6121991429037,-32.2738786916477,-13.2195399091221,26.347701965985,-15.7338969987087,24.9722467889175,-16.2402680197622
102.875,24.669206565039,17.4921246540836,32.7413429665895,105.139153973702,-110.691194370227,77.6838069694786,-25.6428572084787,-11.1765306228117,28.377539412967,-24.5923332896647,23.5784030826815,-14.7909163081026
102.88,18.1058214325917,16.5816020082271,37.4532362079129,93.6065950933538,-110.557885147614,74.464831951377,-19.1125360746822,-9.63396901560768,29.9106627859763,-34.0070472756532,21.060191963481,-12.9728808984428
102.885,11.0102443977909,16.1854339870073,41.7155844599434,82.4928213918636,-108.828494238212,70.9497030921549,-12.6807836777678,-8.58754458417916,30.9083379302014,-43.9648880622959,17.3256024994984,-10.8335401192608
102.89,3.42910270506308,16.2772170250305,45.4820420897137,71.9167371038666,-105.449960018378,67.1365807407333,-6.33281290509683,-8.01657828877421,31.3436925521717,-54.4529402883703,12.3050242141452,-8.43624895493574
102.895,-4.58106164306632,16.8152719652604,48.7182557657149,61.9867481055276,-100.40539982119,63.0277670513949,-0.0425961246883265,-7.88529395023037,31.2020252538585,-65.4588230938808,5.95505440360524,-5.8591930535453
102.9,-12.9547982481452,17.744491854607,51.4020387400878,52.7991670128284,-93.7144795542593,58.6300046122475,6.22539075334634,-8.14457913308461,30.480776548644,-76.9709306835615,-1.73810577680616,-3.1936621818035
102.905,-21.6189617312904,18.9985938959155,53.5232177298395,44.4367995334793,-85.4327599120187,53.9546637514118,12.5141747046703,-8.73416630443499,29.1891807617595,-88.9786021147973,-10.7557859412981,-0.541775882905475
102.91,-30.4940937806428,20.5026907126125,55.0831768004349,36.9677539988738,-75.6500608990143,49.017820675172,18.872124249942,-9.58515342937786,27.347626274754,-101.472207397737,-21.0446239309038,1.98628581755698
102.915,-39.4959356363938,22.1760887962293,56.0941306154595,30.4445142816455,-64.4879156097546,43.8402295922555,25.3507008938255,-10.6227744223373,24.9867585823545,-114.443136757732,-32.5150870790598,4.27547468896677
102.92,-48.5370342445017,23.935217870974,56.5781658843951,24.9033127274827,-52.0962105926194,38.447192518497,32.0021997854596,-11.7693240581123,22.1463659857863,-127.883680123547,-45.0408234441142,6.20940007851068
102.925,-57.5284075202331,25.6965937962463,56.5660946833956,20.3638343021354,-38.6491331257674,32.8683307884913,38.8775495718875,-12.9471390374823,18.8740914161839,-141.786784747638,-58.4589108570545,7.67408346669459
102.93,-66.3812367610028,27.3797193475124,56.0961664541745,16.8292759655796,-24.3405648733243,27.1372626676575,46.0242331840383,-14.0815368264423,15.2240158910556,-156.145680515485,-72.5710501697923,8.56182468216235
102.935,-75.0085568922899,28.9098315294194,55.2126868745769,14.2867765109133,-9.37907614448062,21.2911920130617,53.4843819009471,-15.103616520788,11.2551595088599,-170.953365094422,-87.1457249541486,8.77505375090804
102.94,-83.3269176494551,30.220410710587,53.9645914651022,12.7082220083226,6.01731516638694,15.370413748351,61.2930850503333,-15.9528311691875,7.0299447560731,-186.201944675791,-101.921323714488,8.23003745697968
102.945,-91.2579907952817,31.2553755397643,52.4040198128454,12.0514209153437,21.6264512957566,9.41774304779312,69.4769476420486,-16.5792485426986,2.61266436052392,-201.881830666618,-116.610193187283,6.86030926038568
102.95,-98.7300999300355,31.9708980224179,50.5849327666891,12.2616312540072,37.2272411703328,3.47787661197284,78.0529185341457,-16.945427076948,-1.93200782669145,-217.980798184521,-130.903563353822,4.61969557099658
102.955,-105.679650335849,32.336785032805,48.5618100546146,13.2734104481493,52.6046042694282,-2.40330373696592,87.0274027249361,-17.0278454165251,-6.54042913142552,-234.482918397063,-144.477257292651,1.48482066209949
102.96,-112.05243666111,32.3373856461492,46.3884597229041,15.012746910619,67.5540018209535,-8.17947279665494,96.3956632665748,-16.817837407435,-11.1512950898566,-251.367383348996,-156.998072915784,-2.54301331974461
102.965,-117.804806211694,31.971997729192,44.1169638609931,17.3994217228556,81.8854219874176,-13.8046344986422,106.141511250469,-16.3219992290432,-15.7068184842129,-268.607248645126,-168.130699998424,-7.43665598562579
102.97,-122.904655349229,31.2547619357075,41.7967775517551,20.3495391941189,95.4267069280092,-19.2339085184135,116.237276397082,-15.5620513038131,-20.1537635156567,-286.168125921099,-177.545015719845,-13.1427097769374
102.975,-127.332236227747,30.2140463074478,39.4739902208816,23.7781571243093,108.026134742669,-24.4243125283456,126.644045971835,-14.574154279688,-24.4443240480413,-304.006863149332,-184.923586003752,-19.581937996046
102.98,-131.080751090035,28.8913397592948,37.1907509317405,27.6019415755764,119.554197391105,-29.3355204312736,137.312155928709,-13.4076953007089,-28.5368403659737,-322.070256173164,-189.969188898084,-26.6504867157119
102.985,-134.156711858897,27.3396874965957,34.9848520520819,31.7417671783038,129.904545691631,-33.9305764611811,148.181915188661,-12.1235775008879,-32.3963538854779,-340.293839106526,-192.412170534098,-34.221897807609
102.99,-136.580044035406,25.6217155175461,32.8894594260979,36.1251826728848,138.99410332142,-38.1765454621394,159.184541622098,-10.7920617079348,-35.9950035354342,-358.600804076609,-192.01744417555,-42.1498609041712
102.995,-138.383916152948,23.8073044139222,30.9329719854298,40.6886626438933,146.762382189464,-42.045080994374,170.243286465024,-9.49022425704224,-39.3122709406712,-376.901101979131,-188.59094864682,-50.2716243191657
103,-139.614279378493,21.9709843061398,29.1389898389255,45.3795702693583,153.170060476933,-45.5128951415558,181.274722408351,-8.29910811891605,-42.3350839800233,-395.090775277358,-181.985393948136,-58.4119601582356
103.005,-140.329106390527,20.1891325464693,27.5263674464561,50.1577623316466,158.196910964731,-48.5621169310418,192.190169324788,-7.30065578458092,-45.0577897079553,-413.051571286769,-172.105138863584,-66.3875582981388
103.01,-140.597324428021,18.5370634359156,26.1093275887405,54.99677658369,161.839190048152,-51.1805300012629,202.897230420261,-6.57452110650024,-47.4820080199772,-430.650879801725,-158.910067355311,-74.0117086069582
103.015,-140.497444378243,17.0861043112669,24.8976124948926,59.884552620682,164.10661626375,-53.3616843675697,213.301410412217,-6.19486322338373,-49.6163768995448,-447.742032382472,-142.418356753883,-81.099121305691
103.02,-140.115895887746,15.9007547227841,23.8966506014525,64.8236503819895,165.019080561144,-55.1048816008354,223.307786053025,-6.22722853796976,-51.4761987917603,-464.164992269717,-122.708060160496,-87.4707318126756
103.025,-139.545087611166,15.0360248742078,23.1077208317821,69.8309449388257,164.603238453723,-56.4150371662585,232.822697873701,-6.72562631541788,-53.0829958582763,-479.747453962818,-99.9174568382281,-92.958338442603
103.03,-138.881221631793,14.535045955788,22.5281007726196,74.9367918874767,162.889136339873,-57.3024278265762,241.755430435767,-7.72989976498361,-54.4639798423213,-494.306360305105,-74.2441564203089,-97.4089284664265
103.035,-138.221901450103,14.4270384819987,22.1511903897912,80.1836740007862,159.907020816263,-57.7823357317113,250.019846774671,-9.26348750147773,-55.6514402413763,-507.649832857765,-45.9429743676573,-100.688559811652
103.04,-137.663583275187,14.7257153562834,21.9666086225318,85.624356299756,155.684471152508,-57.8746040219218,257.535941339217,-11.3316601974959,-56.6820526321552,-519.57949885209,-15.3226263398742,-102.685681690646
103.045,-137.298930120047,15.4281843090478,21.9602659685148,91.3195928690249,150.243981814409,-57.6031214129896,264.231274876729,-13.9203042491854,-57.5961074923466,-529.893185541704,17.258682760453,-103.313797294445
103.05,-137.214136824679,16.5143998347482,22.1144216893873,97.3354439992978,143.601104459965,-56.9952552097149,270.042254658208,-16.9953086557209,-58.4366589176691,-538.387940768143,51.398674051233,-102.513394893344
103.055,-137.486301072153,17.9471981005637,22.4077392361861,103.740276035198,135.763237561783,-56.0812533594174,274.915224391754,-20.5025933888427,-59.2485924666506,-544.863327409361,86.6572914498462,-100.253099551701
103.06,-138.180920248778,19.6729299195635,22.8153576453227,110.601528115176,126.729127194546,-54.8936363729125,278.8073302821,-24.36879773982,-60.0776121868793,-549.124929467154,122.56373941351,-96.5300252526354
103.065,-139.349596218279,21.6226873058428,23.3089997241754,117.982339361912,116.489115240517,-53.4665991504931,281.687133079048,-28.5026260524564,-60.969148824985,-550.987999193959,158.624107744683,-91.3693354272296
103.07,-141.02802932326,23.7140990362714,23.8571395560673,125.938136666025,105.026142266897,-51.8354410574596,283.534940804458,-32.796826623203,-61.96719432198,-550.281168176719,194.329421039077,-84.8230475975567
103.075,-143.234378741792,25.8536508508976,24.4252519336456,134.513286764233,92.3174828310807,-50.0360402891543,284.342843478447,-37.1307582630594,-63.1130718266053,-546.850141000708,229.163947028683,-76.9681441304061
103.08,-145.96805832143,27.9394673005053,24.9761645763199,143.737916718252,78.3371622087048,-48.1043860130543,284.114439904287,-41.3734790035024,-64.4441553917771,-540.561288269622,262.613600107404,-67.904075071871
103.085,-149.209025121698,29.8644755677818,25.4705303736039,153.625004121684,63.0589764900945,-46.0761791983074,282.864257413114,-45.387273499645,-65.9925589904665,-531.305056455396,294.174283418476,-57.7497596444807
103.09,-152.917602577601,31.5198574136146,25.867431605323,164.167832454471,46.4600133259363,-43.9865104093487,280.616877849551,-49.0315204122559,-67.7838202513783,-518.99911515677,323.360024203265,-46.6402089950905
103.095,-157.034862358236,32.7986840941396,26.1251214558509,175.337898114661,28.5245488590547,-41.8696199447651,277.405795989742,-52.1667887937326,-69.8356101193462,-503.591167539421,349.710771438056,-34.7229029824962
103.1,-161.48356970579,33.5996209052145,26.2019005533905,187.083344029323,9.24817811217788,-39.7587423481755,273.272048927493,-54.6590435048604,-72.1565051832527,-485.061356624188,372.799740772275,-22.1540573904288
103.105,-166.169677286236,33.8305831530408,26.0571181235874,199.327980720404,-11.3579780569136,-37.6860334477444,268.262665839348,-56.3838341543004,-74.7448643140026,-463.424208317041,392.240208293378,-9.09491482599295
103.11,-170.984333198779,33.4122240128418,25.6522790528012,211.970939701849,-33.263155697712,-35.6825738019203,262.428996297409,-57.2303401484929,-77.5878551133751,-438.730061314153,407.691670936707,4.29181669783762
103.115,-175.806350508494,32.2811370418478,24.9522301277123,224.886986601491,-56.413090463718,-33.7784379593778,255.824981489472,-57.1051462516783,-80.6606780927201,-411.065943981367,418.865306930529,17.8452678478642
103.12,-180.505069154134,30.3926620608256,23.9263913776644,237.927502970495,-80.7265887287765,-32.0028145434001,248.505436037204,-55.9356285520196,-83.9260371080726,-380.555868742864,425.528683968683,31.4093633149774
103.125,-184.943526945434,27.7231925910745,22.5499922023533,250.922126928792,-106.092687870884,-30.384158111048,240.524408431695,-53.672839764256,-87.3339030544651,-347.360525197636,427.509675187423,44.835357940677
103.13,-188.981845123921,24.2718958267318,20.8052671863643,263.681024180049,-132.368552921018,-28.9503502820047,231.933685433968,-50.2937951500629,-90.8216139203548,-311.676363936295,424.699552981715,57.9839056346196
103.135,-192.480726040476,20.061771971169,18.6825634797791,275.997743099743,-159.378237681224,-27.7288450582169,222.781500250099,-45.8030757374932,-94.3143478787409,-273.734073721427,417.055238106154,70.7266360502012
103.14,-195.30495621166,15.1399983296855,16.1813105716991,287.652591117541,-186.912414247652,-26.7467718355013,213.111496133288,-40.2336836468899,-97.7259971324728,-233.796465223076,404.60068664788,82.9472363895843
103.145,-197.326807546115,9.57752438413385,13.3108043303713,298.416454997817,-214.729146265857,-26.0309695728714,202.961986628411,-33.6471047745473,-100.960458873674,-192.155784785001,387.427400876257,94.5420565852701
103.15,-198.429232949986,3.46790665665773,10.0907603849147,308.054975331418,-242.555749003092,-25.6079271152871,192.365541381283,-26.1325563719903,-103.913346228934,-149.130491670262,365.694052357099,105.420274654903
103.155,-198.508759756275,-3.07460404380024,6.55159725899486,316.33297598524,-270.091744423566,-25.5036079057784,181.348912792983,-17.8054206942209,-106.47410681054,-105.061541851929,339.625207873319,115.503674810809
103.16,-197.477995238786,-9.91768598939969,2.73441703178463,323.019042721336,-297.012883010851,-25.7431423275621,169.933304403671,-8.80489034297912,-108.528519953633,-60.3082306376203,309.509151461672,124.726103749651
103.165,-195.267672433139,-16.9142192124739,-1.30933949760101,327.89014186885,-322.976167270424,-26.3503775074923,158.134967399968,0.709124475406076,-109.961526521383,-15.2436551649796,275.694799953797,133.032680111438
103.17,-191.828180977126,-23.9061229365024,-5.51857541372258,330.73616982725,-347.625775849736,-27.3472821096823,145.966097734749,10.5597526962444,-110.660328113097,29.7501340740098,238.587715226851,140.378837641862
103.175,-187.130545959698,-30.7286520129304,-9.82355839728607,331.364327179369,-370.599753230988,-28.7532118149834,133.435993673309,20.5574868913383,-110.517676521962,74.2872162287377,198.645224168714,146.729283330649
103.18,-181.166837055484,-37.2150284222272,-14.1472672268006,329.603217088929,-391.537299210277,-30.5840492865799,120.552422690917,30.5049596241302,-109.435260246543,117.983034886583,156.370667377341,152.056947520635
103.185,-173.950009786292,-43.2012694046144,-18.407038853691,325.306576184576,-410.086466123801,-32.8512402204597,107.323137952609,40.2020393352733,-107.327083548495,160.459696883657,112.306810112418,156.341994379853
103.19,-165.513199932665,-48.531063506921,-22.516478212779,318.356556975961,-425.912051226702,-35.5607545893515,93.7574783432403,49.4511006454993,-104.12272563269,201.351243639163,67.0284641973103,159.5709496158
103.195,-155.908510275517,-53.0605401431013,-26.3875811120878,308.666493626787,-438.703457822267,-38.7120094259858,79.8679823146466,58.0623152069903,-99.7703635428861,240.308801347144,21.1343873842975,161.735989445014
103.2,-145.205345253588,-56.6627774696165,-29.9330101212148,296.183097158292,-448.182292436531,-42.2967961198809,65.6719448318264,65.8588048636345,-94.2394427088844,277.005515878196,-24.7614532825013,162.834421651583
103.205,-133.488362959867,-59.2318977245729,-33.0684549812859,280.888041326062,-454.109466951847,-46.2982604533398,51.1928486389717,72.6814992636687,-87.5228839891921,311.141179624114,-70.0391461616183,162.868376353674
103.21,-120.855124444108,-60.6866088370225,-35.7150032566194,262.798915923634,-456.291584270907,-50.6899866726674,36.4616060155553,78.3935455218967,-79.6387256284539,342.446460928841,-114.082498057562,161.844710786842
103.215,-107.41352714019,-60.9730660950011,-37.8014440843122,241.969539572668,-454.586403653662,-55.4352374734675,21.5175548908246,82.8841282158868,-70.6311127735147,370.686652355278,-156.288944813836,159.775119239113
103.22,-93.2791123981314,-60.0669477753699,-39.266428031935,218.489638692367,-448.907206965201,-60.4864002018166,6.40916298489188,86.0715738653473,-60.5705659058003,395.664861977301,-196.079539158566,156.676426938438
103.225,-78.5723368436298,-57.9746634375379,-40.060409146245,192.483912917471,-439.22591896687,-65.7846864291445,-8.80559528133366,87.90563478714,-49.5534823711775,417.22458221473,-232.908828487853,152.571036023337
103.23,-63.4158939576845,-54.7336423091064,-40.1473011229528,164.11051945461,-425.574872356782,-71.2601276998143,-24.0592127382114,88.3688722803868,-37.7008514236612,435.251583346871,-266.274421714985,147.487483257058
103.235,-47.932166142675,-50.4116807463629,-39.5057880293554,133.559019503036,-408.04715005946,-76.8319045235396,-39.274986154785,87.4770876483746,-25.1561917728741,449.67509344067,-295.726035327049,141.461063001312
103.24,-32.2408788055454,-45.1053607450189,-38.130241043398,101.047838750931,-386.79548162918,-82.4090380300482,-54.3677157552797,85.278780542694,-12.0827501356139,460.468242500458,-320.873805513167,134.534465023245
103.245,-16.4570168307315,-38.937584365694,-36.0312060058541,66.8213009897745,-362.029715892374,-87.8914635240028,-69.2447558130401,81.8536463059362,1.33997182103422,467.647765542529,-341.395656638155,126.758374803194
103.25,-0.689050583977751,-32.0543002323,-33.2354417749523,31.1462990502227,-334.012936491089,-93.1714922776283,-83.8073927188861,77.3101561404169,14.9202679778843,471.27297636084,-357.043527064232,118.191984035776
103.255,14.9624960926631,-24.6205266770316,-29.7855057247753,-5.69132935985464,-303.056329249854,-98.1356527256002,-97.9525154104858,71.7822948479744,28.4587380868984,471.444040409274,-367.648271557589,108.903360909853
103.26,30.40611870935,-16.8158006063694,-25.7388993566319,-43.3906515645422,-269.512948793455,-102.666885750239,-111.57453247779,65.4255594678949,41.7531211148187,468.299591018939,-373.123085006815,98.9696334524069
103.265,45.5600435665243,-8.82920088407179,-21.1668029939619,-81.6396458375483,-233.770565227736,-106.647052055662,-124.567481244845,58.4123473532473,54.6033006064071,462.013747685446,-373.465324323569,88.4769446722915
103.27,60.352589501545,-0.854109213341369,-16.1524431239783,-120.119294351233,-196.243798775174,-109.959693609342,-136.827267091506,50.9268830905579,66.81632247662,452.792607991628,-368.756643320847,77.5201454130956
103.275,74.7222039427986,6.91712046176248,-10.7891485042766,-158.507695876102,-157.365770089519,-112.492976418158,-148.253966408786,43.159849301287,78.2112631198218,440.870295479962,-359.161397972682,66.2021996884002
103.28,88.617207552735,14.2984114975764,-5.17816116013448,-196.484133397433,-117.579505894117,-114.142729058423,-158.75412394017,35.3028960635871,88.6237894831474,426.504654128735,-344.923325432491,54.6332877258766
103.285,101.995289701798,21.1149655543971,0.573724545295551,-233.733034873706,-77.3293432379233,-114.81548099059,-168.242974876697,27.5432070100525,97.9102626861538,409.972685803835,-326.360547996979,42.9296037563677
103.29,114.82280244437,27.2078589343272,6.35661774817048,-269.947768934123,-37.0525710398755,-114.431397429767,-176.646523962179,20.05829693911,105.951252454153,391.565830074362,-303.859001151074,31.2118583480863
103.295,127.073903468155,32.4380951748873,12.0600042947783,-304.834221343715,2.82846491604944,-112.92700413749,-183.903418010032,13.0112061786593,112.654350348304,371.585186139521,-277.864431124057,19.6035082246163
103.3,138.729598690136,36.6899967184101,17.5751625360094,-338.114102534299,41.9135870452594,-110.257596607166,-189.966554551917,6.54624138790589,117.956194569219,350.336774448127,-248.873150224497,8.22874933112845
103.305,149.776732950998,39.8738442217916,22.7974526757201,-369.527941427667,79.8311605095731,-106.399234104689,-194.804377634443,0.785391613791584,121.823646891506,328.126931065739,-217.421775873918,-2.78967922291611
103.31,160.206972944723,41.927700577996,27.6284190000378,-398.837726223019,116.243467801823,-101.350229811595,-198.401821717447,-4.17447696937729,124.254091909631,305.257921126577,-184.076210160081,-13.3328223098769
103.315,170.01582056917,42.8183868444778,31.9776546977355,-425.829158868738,150.850969169613,-95.1320634110072,-200.76087575596,-8.26357315870512,125.274859079998,282.023848986603,-149.420139570418,-23.2879003933038
103.32,179.201687829866,42.541607803216,35.7643907368724,-450.31349667203,183.395372822276,-87.7896611631623,-201.900751372585,-11.4402365702491,124.941797861114,258.706932217982,-114.043348379215,-32.5506925262393
103.325,187.765056822514,41.1212545608212,38.9187827220637,-472.128961961687,213.66147857735,-79.3910100880371,-201.857651065496,-13.6910867027008,123.337064425241,235.574194684132,-78.5301433858787,-41.0278337161618
103.33,195.707740682638,38.6079392120791,41.3828821776764,-491.141708879933,241.477798525493,-70.0260965018078,-200.684144205958,-15.0302870617258,120.566203842897,212.874621014588,-43.4481821902761,-48.63894853367
103.335,203.032254185861,35.0768410252839,43.111290683362,-507.24634512638,266.715997121089,-59.8051839162424,-198.448169758101,-15.4979770490561,116.754633359819,190.83680130544,-9.33798219474681,-55.3185448180616
103.34,209.741296276659,30.6249639327645,44.071506193334,-520.366015628166,289.289229634126,-48.8564701454451,-195.231694855305,-15.1579524098885,112.043649641506,169.667081239841,23.2966363543132,-61.0175964147538
103.345,215.837341444296,25.3679206215591,44.2439802701803,-530.452064431027,309.149491020797,-37.3231872373295,-191.129067310892,-14.0946992381735,106.586095171412,149.548219445709,53.996951811679,-65.7047518850983
103.35,221.322332679773,19.4363687647691,43.621912565199,-537.483300313185,326.284115972289,-25.360229449007,-186.245107617976,-12.4099059348832,100.541826148149,130.638541137971,82.3564041918753,-69.3671167269171
103.355,226.197465766752,12.9722297221195,42.2108145233603,-541.46490038227,340.71159428277,-13.1304129338236,-180.692991868318,-10.2185914071667,94.0731262574745,113.071565272275,108.026180870665,-72.0105694351607
103.36,230.463052838997,6.12481943406224,40.0278779431444,-542.426993855495,352.476883006368,-0.800485303830518,-174.591981219396,-7.64499576866275,87.3402077980643,96.9560718963536,130.719233498057,-73.6595862956694
103.365,234.118452389148,-0.952984463745988,37.1011857500038,-540.422974988373,361.6464076566,11.462986855732,-168.065056032807,-4.81838172093581,80.4969341610537,82.3765674090974,150.212684058857,-74.3565657014446
103.37,237.162053138436,-8.10842557441065,33.4688023237571,-535.527599411152,368.30294873059,23.4977196243173,-161.236513588427,-1.86889080036258,73.6868860664059,69.394098235736,166.348627338702,-74.1606595430793
103.375,239.591300264321,-15.1923022156844,29.1777792143461,-527.834921732808,372.540607163054,35.1496702733268,-154.229587363637,1.07641084270381,67.039878814717,58.0473581324862,179.033384481737,-73.1461363443924
103.38,241.402754266507,-22.0620692332971,24.2831093747265,-517.456134009085,374.46003316577,46.2767265350065,-147.164143332694,3.89717684756128,60.6690198005093,48.3540310106284,188.235306163725,-71.4003177101327
103.385,242.592174968246,-28.5845452975919,18.8466593996362,-504.517364407664,374.164087653766,56.7520116060836,-140.154504759763,6.48301327659651,54.6683754347562,40.3123098189003,193.981262726839,-69.0211456520338
103.39,243.154625479151,-34.6381830992857,12.9361049232993,-489.157493066779,371.754084614366,66.4667051776116,-133.307451774779,8.73621871021556,49.1112952787459,33.9025325781751,196.35199132115,-66.114452734976
103.395,243.084593100399,-40.1148799476442,6.62388953580749,-471.526037768664,367.32673704608,75.3322992099509,-126.720435898712,10.5739739101531,44.0494194172801,29.0888790009385,195.476495856783,-62.7910190431009
103.4,242.376125918801,-44.9213251929419,-0.0137774298101815,-451.781155789482,360.971899380933,83.2822276876183,-120.480042884861,11.9299465852281,39.5123736413145,25.8210750933629,191.525713853243,-59.1635091254488
103.405,241.022985065652,-48.979897814595,-6.89787388181525,-430.087800393601,352.771166662056,90.2728311621396,-114.660730021866,12.7552997070387,35.5081365173863,24.0360585500723,184.705674837613,-55.3433879061644
103.41,239.018813264797,-52.229141818221,-13.9474631392438,-406.616061257703,342.797356367781,96.2836386356795,-109.32385661252,13.0191132966816,32.0240434302369,23.6595643998579,175.25037782119,-51.4379167544409
103.415,236.357320491779,-54.623858434153,-21.0805360356616,-381.539708094231,331.114863974249,101.316970776593,-104.517018797988,12.7082489409036,29.0283756106235,24.607597993899,163.414610799235,-47.547329387785
103.42,233.032487602925,-56.1348624547763,-28.2147993676655,-355.034946436838,317.780849526111,105.396889570571,-100.273692231412,11.8267030612395,26.472467318562,26.7877707643132,149.46692354667,-43.7622820828009
103.425,229.038788946645,-56.748455490498,-35.2684158762258,-327.279384495491,302.847180944004,108.567540297807,-96.6131783338157,10.3945088809394,24.2932520025754,30.1004829169824,133.68294680511,-40.1616640048063
103.43,224.371435280046,-56.4656715442809,-42.1607027532813,-298.451200625301,286.363031537902,110.890951555745,-93.5408421873813,8.44625784107651,22.4161586112675,34.4399460301461,116.339227151001,-36.8108416834441
103.435,219.026638536222,-55.3013501035546,-48.8127965707012,-268.728492582127,268.378004822681,112.444376483436,-91.0486229419542,6.02931857834762,20.7582624316081,39.6950470533389,97.7077185741287,-33.760397174167
103.44,213.00189978992,-53.2830889777239,-55.1482926969325,-238.288782580117,248.945639598919,113.31727177694,-89.1157913793393,3.20183523284673,19.2315909005766,45.7500630849499,78.0510404147523,-31.0454027063894
103.445,206.296320998346,-50.4501236527476,-61.0938668320784,-207.30864643902,228.127132715471,113.608019585913,-87.7099242856037,0.0305868117129793,17.7464837151048,52.4852432467655,57.6185781340156,-28.685256113105
103.45,198.910939848711,-46.8521725468225,-66.5798853164887,-175.963431035815,205.995106463809,113.420500970203,-86.7880615906162,-3.41121407370777,16.2149081125109,59.7772797449121,36.6434696829267,-26.68408161786
103.455,190.849085551511,-42.5482789448947,-71.5410093894777,-144.427022032071,182.637242785651,112.860628877095,-86.298009773435,-7.04611100301296,14.5536342405487,67.499694652022,15.3404872138153,-25.0316802743768
103.46,182.116751899611,-37.6056713064727,-75.9167966554484,-112.871623520278,158.159607975031,112.032944368882,-86.1797536851089,-10.7945183729646,12.6871819069019,75.5231719598919,-6.09520725142442,-23.7049942477216
103.465,172.722982547149,-32.0986547933741,-79.6523007279292,-81.4675128120628,132.689499552751,111.037372932576,-86.3669385882187,-14.5767070288918,10.5504585051688,83.7158659887828,-27.4884817338028,-22.6700299641124
103.47,162.680262371203,-26.1075388774678,-82.6986674269489,-50.3827369853557,106.377661167224,109.96622889615,-86.7883847674915,-18.3146177516194,8.09101832603555,91.9437173288196,-48.6839036596234,-21.8841676863377
103.475,152.004907989605,-19.7175992169368,-85.0137230660563,-19.7827228231712,79.3997310198571,108.901545702885,-87.3695985023295,-21.9334703368529,5.27088547707421,100.070806230664,-69.5447524877414,-21.2987699788229
103.48,140.717449947137,-13.0180668762482,-86.5625473993621,10.1702218849049,51.9568137242754,107.912798187551,-88.0342455191645,-25.3631466619283,2.0678958962921,107.959770894183,-89.9514846453792,-20.8619894187663
103.485,128.84299863826,-6.10113449308476,-87.3180208980218,39.3175304233284,24.2750941881952,107.055070183686,-88.705556225831,-28.5393362613899,-1.52347192070486,115.472314569675,-109.799770223944,-20.5216673148042
103.49,116.411585624938,0.939032835415398,-87.2613334307017,67.5051295373993,-3.39555542802568,106.367707182188,-89.3076359463459,-31.4044423071984,-5.49179321709829,122.46982092676,-128.998226623087,-20.2282105494805
103.495,103.458471600051,8.00729441635202,-86.382439360534,94.5843210918874,-30.7839891345263,105.873479978,-89.7666578306768,-33.9082543259222,-9.80892123634862,128.814091909359,-147.465975735536,-19.9373332595885
103.5,90.0244118409448,15.0085498087104,-84.6804426812059,120.412784231185,-57.6011970704455,105.578271738273,-90.0119209279374,-36.0084013028476,-14.4307258090325,134.368216468975,-165.130148667182,-19.6125539635415
103.505,76.1558695990498,21.8487823584768,-82.1638951271818,144.855682071791,-83.5446506290409,105.471287738953,-89.9767609664385,-37.6706048397803,-19.2983186406014,138.997572402773,-181.923455558064,-19.2273467258102
103.51,61.9051674713917,28.436135528768,-78.8509901879478,167.78685057283,-108.303485369544,105.525773962077,-89.5993066108347,-38.8687565957006,-24.3397246440187,142.57095730912,-197.781927903331,-18.7668566589849
103.515,47.330566383489,34.6820227169286,-74.7696366398614,189.090041903017,-131.564391364792,105.700217823419,-88.8230792782899,-39.5848472590767,-29.4719468658401,144.961838691824,-212.642927112231,-18.2291051545491
103.52,32.4962613852269,40.5022662670695,-69.9573966230608,208.660190550547,-153.018051884798,105.939991837653,-87.5974398517625,-39.8087757689496,-34.6033622127217,146.049707728627,-226.443496420317,-17.6256283687762
103.525,17.4722830690309,45.8182561059389,-64.4612754632748,226.404667737907,-172.365947700211,106.179389496463,-85.8778906479731,-39.5380674814078,-39.6363764990813,145.721516349953,-239.119114464385,-16.9815132292681
103.53,2.33429316249455,50.5581131484206,-58.3373533439859,242.244488462305,-189.327326559195,106.343992436174,-83.6262455822306,-38.7775285868031,-44.4702605208481,143.873173183095,-250.602888739704,-16.3348179246765
103.535,-12.8367371348002,54.6578376422785,-51.6502524920963,256.115435667847,-203.646126169537,106.353299383264,-80.8106854255373,-37.53886148167,-49.0040841299612,140.411070691851,-260.825206694648,-15.7353876547238
103.54,-27.954977064791,58.0624182421877,-44.4724376380349,267.969067592882,-215.097634760572,106.123540582598,-77.4057182003546,-35.8402621862959,-53.1396628165206,135.253613529054,-269.713842236533,-15.2431004159688
103.545,-42.9303244968103,60.7268740800489,-36.8833520279379,277.773577105031,-223.494676251766,105.570596591293,-73.3920669799514,-33.7060165069368,-56.7844312057832,128.332716730397,-277.194496699179,-14.9256008470432
103.55,-57.6691407797347,62.6171996411772,-28.9683960572536,285.514475672708,-228.693117228575,104.612937586082,-68.7565085275409,-31.1661067146988,-59.8541601728495,119.595241883344,-283.191736528368,-14.8556016993521
103.555,-72.0751382001931,63.7111810048638,-20.8177604617533,291.195079306516,-230.596510097225,103.174498751364,-63.4916861953829,-28.2558352701491,-62.2754389387218,109.004339729401,-287.63027561935,-15.1078512725864
103.56,-86.0504225089941,63.9990520317453,-12.5251306969265,294.836779075038,-229.159710506841,101.187408886619,-57.5959191585566,-25.0154667542598,-63.9878504660778,96.5406686936124,-290.436538794683,-15.7558800545649
103.565,-99.4966883799331,63.4839603972128,-4.18628344002688,296.479084391695,-224.39133671577,98.5944930538032,-51.0730273417244,-21.4898838813501,-64.945777595941,82.2034604732563,-291.54043461625,-16.8686499609985
103.57,-112.316560068265,62.1822159755684,4.10240006248461,296.179432955953,-216.354973148827,95.3514758299795,-43.9321874563785,-17.7282485456308,-65.1197884518821,66.0114059726766,-290.87726075014,-18.5072345926431
103.575,-124.415063273697,60.1232979572133,12.2454758304472,294.012766836602,-205.169058850819,91.4288194819935,-36.1878307209416,-13.7836546308196,-64.4975623953437,48.0033374767259,-288.389663511103,-20.7216589012075
103.58,-135.701207718221,57.3496021864116,20.1500034756508,290.070879564191,-191.005442614909,86.8131410396182,-27.8595874893862,-9.71275613533495,-63.0843318777378,28.2386859521059,-284.029574942935,-23.5480219375963
103.585,-146.089653635835,53.9159164448369,27.7271041554634,284.461544120578,-174.086628822844,81.5081636351343,-18.9722785633614,-5.57535230261338,-60.9028304630916,6.79769570306213,-277.760055623483,-27.0060173616104
103.59,-155.502429568324,49.888618616672,34.8934757671306,277.307436243357,-154.681779936726,75.5351703353666,-9.55594775163128,-1.43391104670336,-57.9927525820734,-16.2186177520452,-269.556978925049,-31.0969535004704
103.595,-163.870663795709,45.3446006283231,41.5728302516198,268.744871373175,-133.101581555029,68.932942673027,0.354074476978916,2.64698693839255,-54.4097456868804,-40.6887768169025,-259.410502165881,-35.8023583029569
103.6,-171.136287509608,40.3699294686371,47.6972180496365,258.922376743279,-109.692112476946,61.7571807809437,10.7170905051822,6.60129845812484,-50.2239698987472,-66.4714241198013,-247.326281301523,-41.0832348758849
103.605,-177.253664445077,35.0582651180571,53.2082059544071,247.999122438365,-84.827893934256,54.0794169868368,21.4869560193215,10.3622737132403,-45.518273525038,-93.406179994565,-233.326397814233,-46.8800107272831
103.61,-182.191099058817,29.5090634800728,58.0578769085247,236.143236659874,-58.9043178547572,45.9854494551535,32.6120221922767,13.8633240885009,-40.3860445550499,-121.314773065133,-217.449978548433,-53.1131987932524
103.615,-185.932173533435,23.8256000766856,62.2096237048939,223.530030914853,-32.3296727349563,37.5733365118766,44.0351228700671,17.0390022838193,-34.9288080119867,-150.002437892377,-199.75350076634,-59.6847615315723
103.62,-188.476863177177,18.1128570704396,65.6387130029513,210.340160467313,-5.51699670156317,28.9510052832533,55.6936317420913,19.8260887657333,-29.253646448631,-179.25956977917,-180.310785203253,-66.4801420076845
103.625,-189.842380625641,12.4753219153275,68.3326014263002,196.75774431034,21.1240097654687,20.2335399452372,67.5196149949266,22.1647716311644,-23.4705255992479,-208.863622976959,-159.212689232781,-73.3708994791983
103.63,-190.063702098174,7.014750478669,70.2909916059031,182.968467343906,47.194784227254,11.5402250168037,79.4401038533599,23.9998999311102,-17.6896090289346,-238.581234557607,-136.566520548246,-80.2178630428438
103.635,-189.193734125363,1.8279506862753,71.5256227089102,169.157685588044,72.3152016704804,2.99142753825935,91.3775084143759,25.2822836107235,-12.0186444682145,-268.170551999352,-112.495199215427,-86.8746967377412
103.64,-187.30308668534,-2.99535553295184,72.0597970779096,155.508553281663,96.1301790975664,-5.29459162339825,103.250189256788,25.9700068575105,-6.56050041274174,-297.383738080484,-87.1362024523357,-93.1917539303884
103.645,-184.479428307505,-7.37453416500302,71.9276519157019,142.200188699609,118.315418278103,-13.2048430791048,114.973196735035,26.0297162135795,-1.41092464756842,-325.969622116343,-60.6403315542264,-99.0200881256181
103.65,-180.826409959098,-11.2398488025169,71.1731922755335,129.405893507569,138.582151706991,-20.6346553146502,126.459180128004,25.4378406789644,3.34341311118964,-353.676462165869,-33.1703433962403,-104.215481485527
103.655,-176.462156926654,-14.5340256675083,69.8491087054111,117.291438513007,156.680793121877,-27.4905084510864,137.619460439961,24.1816985323756,7.62654389968277,-380.254778852411,-4.89948957534862,-108.642351269027
103.66,-171.517341041643,-17.2135270807442,68.0154094626533,106.013426835115,172.403433305122,-33.6925665601116,148.365252059572,22.2604449869955,11.3744503060856,-405.4602181088,23.9899953845009,-112.177398413582
103.665,-166.132859164283,-19.2494939068613,65.7379029718217,95.7177438960184,185.585163074732,-39.1768276682226,158.609009970418,19.6858162827143,14.5359227257764,-429.056397602305,53.3084187988661,-114.712872016387
103.67,-160.45715749411,-20.6283266164821,63.0865708936373,86.538102302478,196.104246817301,-43.8968212771554,168.265871045036,16.4826294887315,17.0730135636,-450.817689917935,82.8601343522138,-116.159338674529
103.675,-154.643254568215,-21.3518851293416,60.1338756190646,78.5946886824694,203.881209772429,-47.824796289275,177.255150495055,12.6890030888925,18.961096949797,-470.531894903435,112.444998813113,-116.447865952968
103.68,-148.845528174228,-21.437299116376,56.9530480818682,71.9929188700307,208.876938605264,-50.9523572197865,185.501848235144,8.35627111008677,20.1885558132484,-488.002754079953,141.859759617406,-115.531553441066
103.685,-143.216342247085,-20.9163924433808,53.6164024163662,66.8223074732179,211.089926023096,-53.2905230844305,192.938115219059,3.54857276609544,20.7561309854736,-503.052261885045,170.899358819106,-113.386371465477
103.69,-137.902598589819,-19.8347374162353,50.1937231224208,63.1554577758662,210.552815317468,-54.8692009835021,199.504627134944,-1.65789010654729,20.6759778927965,-515.522731874,199.358146290097,-110.011295241639
103.695,-133.042304514715,-18.2503659352541,46.7507680271091,61.0471780718961,207.328419166531,-55.7360847310174,205.151812495444,-7.17592461446617,19.9704849778199,-525.278580888936,227.031002878375,-105.427749964667
103.7,-128.761250906115,-16.2321750988739,43.3479265104664,60.5337308728959,201.505398338016,-55.9550073640552,209.840884279525,-12.9087331139223,18.6709140187502,-532.207800518126,253.714382171492,-99.6784089717794
103.705,-125.169895510858,-13.8580737493906,40.0390673103505,61.6322219329283,193.193789732027,-55.6037944119916,213.544628928337,-18.7515893472038,16.815925830182,-536.223092722614,279.207287149898,-92.8254114989364
103.71,-122.360543287192,-11.2129235054031,36.8706038901223,64.3401366676609,182.520569493823,-54.7716818524567,216.247913656451,-24.5937697870441,14.4500554215329,-537.262655060678,303.31220509251,-84.9480876067309
103.715,-120.404909318657,-8.38633265732199,33.8807980343341,68.6350322691303,169.625426109592,-53.556378228571,217.9478825979,-30.3206972616713,11.6221986973131,-535.290610188532,325.83603043088,-76.1402946401153
103.72,-119.352140269709,-5.47036377276307,31.0993143154052,74.4743945703713,154.656901060172,-52.0608639006835,218.653823908743,-35.8162473437702,8.38416841788873,-530.297083850592,346.591010448218,-66.50748140207
103.725,-119.227358041492,-2.55721604781593,28.5470297358654,81.79566939514,137.769031400879,-50.3900312081697,218.386702924287,-40.9651632204507,4.78937061594769,-522.297944885581,365.395752107213,-56.1636026006612
103.73,-120.030774775031,0.263058408810996,26.2360946091237,90.5164786021131,119.118600376629,-48.6472767902679,217.178369975314,-45.6555217879376,0.89164422523026,-511.334229349565,382.076329179386,-45.2280068545481
103.735,-121.737412236813,2.9047487643872,24.1702329384018,100.535031155299,98.8630699524276,-46.9311610122857,215.070464740166,-49.7811924781406,-3.2557033312249,-497.471278283188,396.46752685556,-33.8224165808969
103.74,-124.297441420913,5.28853955398213,22.3452634502288,111.730739191237,77.1592342525304,-45.3322491582755,212.113051462243,-53.2442307491678,-7.60064296282826,-480.797624640062,408.414256097135,-22.0681076597533
103.745,-127.637140428988,7.34338017703184,20.7498162784488,123.965048099584,54.1625968225662,-43.9302447379045,208.363030473851,-55.9571500677201,-12.0929432202787,-461.423669212519,417.773162259027,-10.0833815688892
103.75,-131.660450933576,9.0081319515485,19.3662153154378,137.082488001679,30.0274389189407,-42.7915169557849,203.882380700101,-57.8450192574779,-16.6844639574191,-439.480187835557,424.414442153945,2.01859606524769
103.755,-136.251096388605,10.2329616838659,18.1714926188914,150.91195164577,4.90751226151487,-41.9671122664375,198.736294718423,-58.8473359735258,-21.3292375783564,-415.116712618227,428.223871045917,14.1315374702841
103.76,-141.275209131505,10.9804573946615,17.1384990308638,165.268200618137,-21.0427406785459,-41.4913243337813,192.991272278556,-58.9196316185342,-25.9833615375937,-388.499828511393,429.105026597277,26.1573241990481
103.765,-146.584399041086,11.2264482571796,16.2370742728293,179.953597922681,-47.6665614771736,-41.3808781550722,186.713239890411,-58.0347681839183,-30.6047347916289,-359.811423374719,426.981681254796,38.0068390602205
103.77,-152.019183862366,10.9605168451617,15.4352401210932,194.760060489804,-74.8029882343177,-41.6347632161895,179.965763187992,-56.18389322062,-35.1526781447625,-329.246925105391,421.800318673508,49.6003507602631
103.775,-157.412691062084,10.1861973518035,14.700381717387,209.471220173725,-102.284861736716,-42.2347279683999,172.808415337077,-53.3770253125388,-39.5874836225752,-297.013553597969,413.532714202974,60.8674828166837
103.78,-162.594533465209,8.92085845683125,14.0003844847198,223.864776452446,-129.93688759454,-43.1464243326191,165.295358903381,-49.6432489230843,-43.8699409772572,-263.328608611111,402.178504820682,71.7468144967991
103.785,-167.394756178398,7.19527400108448,13.3046973235769,237.715018534407,-157.573915516412,-44.3211670797265,157.47419057722,-45.0305042470791,-47.9608900924549,-228.417807374106,387.767660831161,82.1851737250641
103.79,-171.647750561876,5.05288871121541,12.585296560007,250.795489088067,-184.999588436593,-45.6982496221617,149.385088312208,-39.6049647571049,-51.8208463867664,-192.513678387589,370.362760864807,92.1366897027851
103.795,-175.196032308826,2.54879016110206,11.8175293064409,262.88175655415,-212.005498869212,-47.2077358922824,141.060289209075,-33.4500026161804,-55.4097423411304,-155.85401081409,350.060964008475,101.561676633506
103.8,-177.893785007481,-0.251597688305834,10.9808193059868,273.754258207986,-238.370968424104,-48.773628557997,132.523914325928,-26.664750231362,-58.6868220754687,-118.680352580895,326.995569154182,110.425420262624
103.805,-179.610077801537,-3.27407932101758,10.059222824808,283.201172049922,-263.863539933092,-50.3172977950979,123.792143992564,-19.3622751114937,-61.6107176361779,-81.236545256138,301.337052663809,118.69693701448
103.81,-180.231675732251,-6.43748538007375,9.04182662153104,291.02127242312,-288.240241281755,-51.7610429653592,114.873734616011,-11.6673948689165,-64.1397256302224,-43.7672802278073,273.293481673542,126.347772151837
103.815,-179.665373715443,-9.65567168825893,7.92298435283786,297.026722137662,-311.249646993689,-53.0316522879638,105.770855846173,-3.71416941929344,-66.2322915271437,-6.51665887464527,243.11021172779,133.350898709385
103.82,-177.839799443323,-12.8396815757543,6.70239187616769,301.045752904387,-332.634729030304,-54.0638230982916,96.480215757639,4.35688226620915,-67.8476969493023,30.2732607193439,211.068793429541,139.679772568886
103.825,-174.706646302206,-15.9000271417877,5.38500571308412,302.925186095204,-352.136453358378,-54.803307558914,86.9944317841461,12.4017836345409,-68.9469332262968,66.363946473178,177.485032741192,145.307590572825
103.83,-170.241314136322,-18.7490391329442,3.98081240586954,302.532747265117,-369.498044888093,-55.2096556606681,77.3035968344437,20.2762540792608,-69.4937330218724,101.521917449946,142.706172776331,150.206788026172
103.835,-164.442952862712,-21.3032299422176,2.5044596451148,299.759130492158,-384.469811719545,-55.2584389814251,67.3969835337077,27.8389407395172,-69.4557215199757,135.520320202262,107.107190704496,154.348799791691
103.84,-157.333921117781,-23.4856101061029,0.974762918224135,294.519772398769,-396.814391538776,-54.9428549746321,57.264824943581,34.9546488392225,-68.8056399817079,168.140559809994,71.0862310539749,157.704096350935
103.845,-148.958688903136,-25.2278958491339,-0.585895913619883,286.756300669476,-406.31225964768,-54.2746325202708,46.9001073773107,41.4974868165102,-67.5225878759231,199.173983045731,35.0592255157653,160.242493805353
103.85,-139.382229150311,-26.4725439595248,-2.15225925632386,276.437627870003,-412.767320497974,-53.2841847339609,36.300310006882,47.3538406482127,-65.5932255788698,228.423604600868,-0.546221514495357,161.933725721754
103.855,-128.687957656199,-27.1745509050903,-3.69695265111937,263.560668209318,-416.01239351746,-52.0199836492028,25.4690269152054,52.4250924011774,-63.0128780861083,255.705860712998,-35.297573998921,162.748255255576
103.86,-116.975293296403,-27.302955977983,-5.19128922366365,248.150662307761,-415.914400016923,-50.5471619284302,14.4174101901495,56.6300014649525,-59.7864814443117,280.852368238626,-68.7645977306595,162.658297835976
103.865,-104.35692024808,-26.8419936722611,-6.60609605292445,230.261102768463,-412.379061325914,-48.9453777030947,3.16537761108013,59.9066733749187,-55.9293177347286,303.711661587031,-100.526928531494,161.639017504052
103.87,-90.9558407969619,-25.7918485417811,-7.91253852320937,209.973261146082,-405.354928989348,-47.306008658903,-8.25746469055955,62.2140506645462,-51.4674913132892,324.150875291115,-130.181798061716,159.669853660869
103.875,-76.9023109716832,-24.1689763264433,-9.08291924080844,187.395324536347,-394.83658549774,-45.728769342478,-19.8112257199962,63.5328726165009,-46.438108348105,342.057336577251,-157.351725666988,156.735929628005
103.88,-62.3307516411587,-22.0059678573519,-10.0914294475538,162.661157251102,-380.866877954381,-44.31787013409,-31.4454904387945,63.86606576509,-40.8891330523235,357.34003026489,-181.691975969357,152.829490193791
103.885,-47.376724853206,-19.3509467069029,-10.9148330423454,135.928709699747,-363.538076390262,-43.1778562978297,-43.0994579708114,63.2385440546284,-34.8789068471242,369.930897768819,-202.897579547544,147.951312335375
103.89,-32.1740592914909,-16.2665071768295,-11.5330662382449,107.378102518984,-342.991882007117,-42.4092801952015,-54.702465301942,61.696416082265,-28.4753304059407,379.785932922336,-220.709718396886,142.112031741108
103.895,-16.8522001393639,-12.8282153483715,-11.9297393755277,77.2094190842316,-319.418247175657,-42.1043686418401,-66.1748922322656,59.3056161445562,-21.7547224845282,386.886039741017,-234.9212889936,135.333327822347
103.9,-1.53384778997722,-9.12271180357433,-12.0925312989348,45.6402437559276,-293.053007137423,-42.3428501766979,-77.4294309779585,56.1499950729664,-14.8003829663725,391.237620967366,-245.381473556348,127.648911772909
103.905,13.6670628107496,-5.24546948084514,-12.0134708179449,12.9029865638273,-264.174361615412,-43.1881035025785,-88.3726917713425,52.328925249797,-7.70089999613636,392.872871063358,-251.999174116935,119.105265997427
103.91,28.6470043625077,-1.29827320207128,-11.6891039258844,-20.7579624598463,-233.098281542073,-44.6837785626121,-98.9071043702279,47.9544909311656,-0.548251842661928,391.84975300255,-254.745193645359,109.762088893883
103.915,43.3140978301553,2.61350192703043,-11.1205494511015,-55.0892043790281,-200.172950605354,-46.8510259902651,-108.933064905697,43.148349357392,6.56423724579646,388.251644528562,-253.653082814152,99.6924064671572
103.92,57.588943167787,6.38372823718111,-10.3134494134009,-89.8313819894742,-165.772382208234,-49.6864497549399,-118.351268398049,38.0383595454112,13.5440217599408,382.186646317795,-248.818608878014,88.9823214118205
103.925,71.4050460405201,9.90838967405376,-9.27782333287359,-124.722263755898,-130.289378798278,-53.1608727529142,-127.065160014488,32.7550837110119,20.3014712049068,373.786551566021,-240.397843265363,77.7303809023952
103.93,84.7088594195852,13.088381463383,-8.02783793165426,-159.499815003045,-94.1280215198557,-57.2189769520553,-134.983433099145,27.4282706251309,26.7519479718148,363.20548373729,-228.603905433058,66.0465560837754
103.935,97.4594702007956,15.8321564652112,-6.58150503956895,-193.905210969986,-57.6958930635739,-61.7798494710798,-142.022499366547,22.1834306123066,32.8177585512179,350.61821634112,-213.702440905559,54.0508388372838
103.94,109.627970257602,18.0581350988723,-4.96032111872473,-227.685747473286,-21.3962449318461,-66.7384345539717,-148.108856438784,17.1386082316676,38.4299141567703,336.218195392036,-196.005949773434,41.8714744425821
103.945,121.1965584166,19.6968047449486,-3.18886177745152,-260.597606587736,14.379678124316,-71.9678596872684,-153.181280050164,12.4014510168225,43.5296436282781,320.215291437306,-175.867116845748,29.6428618603013
103.95,132.15742465821,20.692446539572,-1.29434409717046,-292.408436972461,49.2599489674767,-77.3225730622229,-157.192772613149,8.06666127340106,48.0696104874181,302.833313556019,-153.671324802767,17.5031660918648
103.955,142.511470405785,21.0044419176473,0.693831305101354,-322.899711243899,82.8987083893829,-82.6422002343161,-160.112206269146,4.2139033180067,52.0147968081429,284.307322438917,-129.828555910834,5.59169895756366
103.96,152.266919170696,20.6081274185706,2.74454768789828,-351.868826125845,114.98217663993,-87.7560012584462,-161.92560683779,0.906221336747717,55.3430285990838,264.880783508557,-104.764905194938,-5.95386485305527
103.965,161.437870254107,19.4951833240298,4.82543955561917,-379.13091502267,145.233770728202,-92.4877868425774,-162.637034991227,-1.81099598377568,58.0451300802816,244.802604012385,-78.9139377329302,-17.0003610069374
103.97,170.042844927072,17.6735588281756,6.90335183169643,-404.520347225516,173.418199235553,-96.6611341200591,-162.269032222153,-3.9104879189809,60.1247069938704,224.324100088864,-52.7081245669073,-27.4220163837822
103.975,178.103369833563,15.1669528891932,8.94478406640534,-427.891893230229,199.344437181269,-100.104730280426,-160.862611386265,-5.38303531846761,61.5975714132438,203.695940922092,-26.5705856225841,-37.1032524854883
103.98,185.642636623698,12.0138850189411,10.9163142790061,-449.121541637916,222.867517204146,-102.657666112958,-158.476784378362,-6.23683899636943,62.490831992293,183.165117214447,-0.907354364532002,-45.941325844367
103.985,192.684270344059,8.26640347197781,12.7849983242677,-468.106959770757,243.889109166861,-104.174501833645,-155.187632447595,-6.49640473612066,62.841683897828,162.971980295919,23.8996416547337,-53.8487223776334
103.99,199.251232165317,3.98848912481221,14.5187418235577,-484.767597334762,262.356897153216,-104.52993437431,-151.086937410043,-6.20099289301064,62.6959415408045,143.347396276452,47.4987168797148,-60.7552280098201
103.995,205.364874871131,-0.745778592522551,16.0866426684861,-499.044440009248,278.262799329109,-103.622908286108,-146.280404247334,-5.40270404016615,62.1063644602959,124.510056810342,69.5735448975087,-66.6096059518248
104,211.044162432154,-5.85422231413312,17.459302891883,-510.899427532713,291.640110813224,-101.380030995103,-140.885516970108,-4.16428236488754,61.1308321483396,106.663984392282,89.8471570851231,-71.3808215620395
104.005,216.305058211052,-11.248660642777,18.6091093410691,-520.314558475822,302.5596811754,-97.7581766232492,-135.029079864284,-2.55672521714349,59.830427116817,89.9962657660014,108.084761991553,-75.0587684279136
104.01,221.160080112863,-16.8370233574811,19.5104831253567,-527.290711220135,311.125265256333,-92.7461900861295,-128.844505050289,-0.656790153698414,58.2674870594858,74.6750421237355,124.095364755652,-77.6544637988683
104.015,225.618015473444,-22.5254201692861,20.1400982983529,-531.84621744526,317.468207812969,-86.365633729013,-122.468914450406,1.45551000330463,56.5036865841286,60.8477794553799,137.732205690581,-79.199697298256
104.02,229.683783824041,-28.2201021420938,20.4770707697059,-534.015230411415,321.74163863214,-78.6705513328462,-116.04012958678,3.69933804144335,54.5982067407677,48.6398368679923,148.892075329237,-79.7461334710536
104.025,233.35843209685,-33.8292640381892,20.5031191485866,-533.845935287622,324.114365218744,-69.7462578091801,-109.693625918356,5.99531098631497,52.6060465112965,38.153345178513,157.513598387097,-79.3638857730084
104.03,236.639244547039,-39.2646468008132,20.2027001813943,-531.398652540439,324.764655074818,-59.7071961193663,-103.559529488931,8.26755918226775,50.5765246606643,29.4664027989276,163.574610007718,-78.139596657579
104.035,239.519948656534,-44.4429115255471,19.5631225830053,-526.74388779494,323.874098921031,-48.693934680467,-97.7597324692217,10.4455117821145,48.5520131264541,22.63259099335,167.088773209771,-76.1740748994653
104.04,241.990998257548,-49.2867688089664,18.574644140048,-519.96038242748,321.621739828431,-36.869407613388,-92.4052009157626,12.4653693842957,46.566934843879,17.6808059860197,168.101605801715,-73.5795564439463
104.045,244.039915659861,-53.7258594819095,17.2305577200719,-511.13321830524,318.178641117593,-24.4145256152897,-87.5935430288714,14.271239939025,44.6470500169924,14.6154010883789,166.68609760528,-70.4766680799482
104.05,245.65167545644,-57.6973937859427,15.5272720971717,-500.352027531831,313.703048405402,-11.5233060060569,-83.4068995742962,15.8159292293718,42.809045724227,13.4166279744357,162.938104301496,-66.9911834616696
104.055,246.809114011359,-61.1465656518105,13.4643933059118,-487.709353937858,308.336279100483,1.60231441935687,-79.9102099521283,17.0613916465572,41.0604346335525,14.0413625019874,156.97170243832,-63.2506680907847
104.06,247.493350696699,-64.0267667230767,11.0448116634586,-473.299207637305,302.199447004363,14.7578116716274,-77.1498975582246,17.9788602366456,39.3997596663441,16.4240971156865,148.91468118619,-59.3811137106178
104.065,247.684209939165,-66.299631038072,8.274798746402,-457.215847532813,295.391101586409,27.7413787446157,-75.1530066024257,18.5486867613989,37.8170928474028,20.4781789304258,138.904330683898,-55.5036631853902
104.07,247.360636907632,-67.9349456625657,5.16411747024294,-439.552819390214,287.985831999988,40.3590344433984,-73.9268097372837,18.7599323677625,36.2948085027668,26.0972701037264,127.083665072365,-51.7315244062843
104.075,246.501103692999,-68.9104647798116,1.72614689488283,-420.4022691131,280.033855862898,52.4293819212514,-73.4588923349163,18.6097568825169,34.808603631717,33.1570050597836,113.598191736378,-48.167166142843
104.08,245.084006424513,-69.211664538887,-2.02197865048565,-399.854542199269,271.561582969343,63.7878792620117,-73.7177057912734,18.1026592613286,33.3287318766483,41.5168175156674,98.5933082649522,-44.8998801332671
104.085,243.088056396914,-68.831473264743,-6.05921910343579,-377.998071177845,262.573115123638,74.2905052947103,-74.6535695105143,17.2496230556231,31.8214121723166,51.0219090851225,82.2123766548829,-42.0037822588839
104.09,240.492669727271,-67.7700066468253,-10.360472870491,-354.91954333766,253.052615893983,83.8167271140959,-76.2000896711294,16.0672189572585,30.2503689321801,61.5053305109503,64.5954917041789,-39.5363116822085
104.095,237.278360370805,-66.0343306817858,-14.8964249779425,-330.704331574976,242.967458955182,92.2717006441248,-78.2759527293675,14.5767118532722,28.5784575361192,72.7901463057365,45.8789286451187,-37.5372707766806
104.1,233.427140649405,-63.6382669789688,-19.6334117493025,-305.437162038182,232.272041351905,99.5876612040836,-80.7870430174643,12.803212825737,26.7693269200631,84.6916537381001,26.195225026482,-36.0284310604553
104.105,228.922931899084,-60.602246068792,-24.5333176768245,-279.202983719906,220.912128794938,105.724486495178,-83.6288268974755,10.7749076648242,24.7890702386421,97.0196276402186,5.67382476363588,-35.0137117308434
104.11,223.751985547365,-56.9532051243832,-29.5535228089971,-252.087997509965,208.829584230441,110.669438866305,-86.6889408651415,8.52238329410219,22.6078148841933,109.58056338196,-15.557810883741,-34.4799183749768
104.115,217.903312160391,-52.7245176631107,-34.6469209207075,-224.180795763198,195.967318742094,114.43611670548,-89.8499177546451,6.07806275586267,20.2012046016469,122.1798915194,-37.3727390488002,-34.3980106635728
104.12,211.36911322804,-47.9559351175374,-39.7620296378274,-195.573558481708,182.274295943886,117.062666471171,-92.9919835774193,3.47574896234535,17.5517290360828,134.624139050742,-59.642844370857,-34.7248500666995
104.125,204.145208240171,-42.6935144476693,-44.8432132228552,-166.363249084547,167.710418089394,118.609327638208,-95.9958572353757,0.750268220517902,14.6498597756436,146.723013866674,-82.237055381872,-35.4053626526321
104.13,196.231448338023,-36.9895027687087,-49.831036675898,-136.652751660983,152.25112464564,119.155402716478,-98.7454861637086,-2.06280269152691,11.4949567652846,158.291390824102,-105.019603354474,-36.37503852366
104.135,187.632107519298,-30.9021494017115,-54.6627661737162,-106.551892607033,135.891542100077,118.795762588264,-101.130652901123,-4.92734709083155,8.09591477264648,169.151179864591,-127.848454207945,-37.5626788077266
104.14,178.35624269646,-24.4954174754073,-59.2730259094066,-76.17829246342,118.650036915574,117.637011942027,-103.049390895735,-7.80688067099053,4.47152623727616,179.133058718186,-150.574033865393,-38.8932934393962
104.145,168.418014408277,-17.8385706652856,-63.5946154894998,-45.6579983376901,100.571041262652,115.793448819439,-104.410152797518,-10.6647107355803,0.650544149148638,188.078054970314,-173.038352175209,-40.2910481458161
104.15,157.836960393189,-11.0056154168426,-67.5594855449569,-15.1258532615794,81.7270429492223,113.382955506851,-105.133681136051,-13.4641073506387,-3.32856358894578,195.838964620464,-195.0746110206,-41.6821571582809
104.155,146.638214565116,-4.07458491539072,-71.0998623371204,15.2744339389696,62.2196564597759,110.522955789985,-105.154539447511,-16.1685096854475,-7.41816869001716,202.281596728428,-216.507359695139,-42.9976195824213
104.16,134.85266438531,2.87334182245966,-74.1495050069326,45.3905462802766,42.1797207150178,107.32656731943,-104.422271248988,-18.7417875050072,-11.5623378443339,207.285836343189,-237.153236241638,-44.1757026530883
104.165,122.517040378134,9.75488409043378,-76.6450718696185,75.0621623118975,21.7664001798105,103.899068681184,-102.902164401664,-21.1485727727396,-15.6979722799693,210.746520659673,-256.82230828654,-45.1640845930595
104.17,109.673932625863,16.4858561377575,-78.527565082244,104.121914086275,1.16529798871027,100.334789109511,-100.575609063241,-23.3546698553482,-19.7562063674228,212.574126232478,-275.320001736114,-45.9215831785077
104.175,96.3717303827233,22.9824963161522,-79.7438165348972,132.396696774785,-19.4143785915155,96.7145143522325,-97.440048360037,-25.3275454570228,-23.6640319178429,212.695268019023,-292.449581117534,-46.4194125191499
104.18,82.664482302406,29.1628999580642,-80.2479723999186,159.709316275152,-39.7435300148763,93.1034847378898,-93.5085318665189,-27.0368918193073,-27.3461072417863,211.053013921047,-308.015121895573,-46.6419289980142
104.185,68.6116760481851,34.9485195090235,-80.0029298003414,185.880450319539,-59.5776557863724,89.5500412399394,-88.8088926829185,-28.4552494751476,-30.7267033268002,207.607021243324,-321.824893442847,-46.5868470105881
104.19,54.2779372053186,40.2656891874323,-78.9816767872342,210.730888264892,-78.6620031344105,86.0849530200098,-83.3825790201336,-29.5586693599923,-33.7317339113651,202.33350400692,-333.69505230022,-46.2649254499434
104.195,39.7326484699802,45.0471269512956,-77.1684863962733,234.084005223953,-96.7372303125951,82.721436474323,-77.2831803729143,-30.3273886918474,-36.2908120610637,195.225042257075,-343.453529750173,-45.6991459877541
104.2,25.0494911145794,49.2333640620874,-74.5599170531436,255.768417757083,-113.545425429822,79.4558520695437,-70.5746962293984,-30.7464910279934,-38.3392733835369,186.290246306608,-350.943986202235,-44.9234230329806
104.205,10.3059117829554,52.7740522346538,-71.1655750137391,275.620761257004,-128.836309919675,76.269042041399,-63.3296015255412,-30.8065185300097,-39.8201054900168,175.553290185831,-356.02969792694,-43.9809017654481
104.21,-4.41748125456602,55.629100329668,-67.0085998052798,293.488523662032,-142.373448881009,73.128250154341,-55.6267675152617,-30.5040038826228,-40.6857248380203,163.053329401588,-358.597239613612,-42.9219142076203
104.215,-19.037587244227,57.7695967324665,-62.125840682349,309.232866430781,-153.940288726485,69.9895450056137,-47.5492993355764,-29.8418905765539,-40.8995456439228,148.843818462531,-358.559829306514,-41.8016738366641
104.22,-33.4695415203511,59.1784797837825,-56.5677007661605,322.731361944361,-163.345845902614,66.8006515568621,-39.1823523489183,-28.8298133227478,-40.4372909996861,132.991743562051,-355.860210555756,-40.6777969706236
104.225,-47.627496949935,59.850926586877,-50.3976355241179,333.880576735532,-170.429878811155,63.5040822943937,-30.6109884192486,-27.4842150311642,-39.2880034769377,115.57678539014,-350.472959873246,-39.6077441590482
104.23,-61.4254513004878,59.7944398558298,-43.6913031789808,342.598432172955,-175.067388291178,60.0404500717725,-21.9181306818343,-25.8282827840681,-37.4547211403188,96.6904263227304,-342.406125259346,-38.6462767999433
104.235,-74.7781132902338,59.0286228301166,-36.5353760722149,348.826278406894,-177.172309863424,56.3518395143803,-13.1826711662607,-23.8916922637959,-34.9547947662836,76.4350152443415,-331.702122919442,-37.843022865384
104.24,-87.6017998754692,57.584643310836,-29.0260335432271,352.530623446303,-176.700283068859,52.3851129528684,-4.47777996873858,-21.7101578967716,-31.8198328600122,54.9228020145519,-318.437843572864,-37.2402409984262
104.245,-99.8153572676911,55.5043991990488,-21.2671681681639,353.704467080465,-173.650409210664,48.0950301584575,4.13054223769016,-19.3247942933913,-28.095272420833,32.2749521015675,-302.723946258459,-36.87086480801
104.25,-111.341098269815,52.8394090892884,-13.368347838473,352.368198783237,-168.06593800309,43.4470685063002,12.5846344735337,-16.7813030566164,-23.8395849367075,8.62055020125612,-284.70334541638,-36.7568994283989
104.255,-122.105748675059,49.6494619747394,-5.4425856823501,348.570029435086,-160.03385517921,38.4198412854871,20.8360432984409,-14.1290072362978,-19.1231383761781,-15.9044001989161,-264.548925113402,-36.9082305543528
104.26,-132.041395489908,46.0010694280821,2.39602226148752,342.385938279964,-149.683375961543,33.0070262719135,28.8460722553761,-11.4197630927877,-14.0267465622138,-41.1579762616442,-242.460541158273,-37.3218922570623
104.265,-141.086429399369,41.9657712562888,10.0347258869532,333.919128578853,-137.183382311037,27.2187338581171,36.586006516185,-8.7067848957931,-8.6399468569486,-66.9933310498779,-218.661396093297,-37.9818239915292
104.27,-149.186472987766,37.6183511893282,17.3645472952369,323.298997504105,-122.738873868504,21.082263401181,44.0370160723102,-6.04342279425619,-3.05905523039425,-93.2596830951918,-193.393892417719,-38.8591295273418
104.275,-156.295284653511,33.0350223500429,24.2826347685738,310.679637534841,-106.586532305111,14.6422173455988,51.1897505065179,-3.48193604434407,2.61494572910077,-119.803300289745,-166.915084935867,-39.9128315249071
104.28,-162.375625948514,28.2916428861313,30.6944768303296,296.23789760925,-88.989525239885,7.95996437661102,58.0436477577879,-1.07230392868334,8.27862568139242,-146.468479326836,-139.491863143593,-41.0910959086239
104.285,-167.400077398092,23.4620201855748,36.5159135477953,280.171042271492,-70.2316979227453,1.11246461530476,64.6059880406017,1.13888544115036,13.8283694682233,-173.098522791576,-111.395998729251,-42.3328810391637
104.29,-171.351784970838,18.6163576580734,41.67488938084,262.694055802739,-50.6113178105674,-5.80950901313613,70.8907318791522,3.10943239438431,19.1626207245866,-199.536716458121,-82.8991917517091,-43.5699489637859
104.295,-174.225116634977,13.8198914329946,46.1129009512551,244.03664574449,-30.4345487982661,-12.7036992200672,76.9171877284903,4.80237878239642,24.1840442506056,-225.627309276136,-54.2682427561441,-44.7291607066346
104.3,-176.026206369734,9.131755945555,49.7861034490066,224.440006332768,-10.0088385297808,-19.4591704564457,82.7085595005777,6.18669347116561,28.8015487486757,-251.216497789646,-25.7604684999279,-45.7349656802588
104.305,-176.773362160913,4.60410777939703,52.6660502543144,204.153407245319,10.3635956218204,-25.9595046647226,88.2904271204842,7.23777415349641,32.9321170818219,-276.153415214585,2.38053232807974,-46.5119878609215
104.31,-176.497315257794,0.281526767995278,54.7400511452717,183.430676711092,30.3919984963913,-32.0862855510019,93.6892137886299,7.93775667819443,36.5023986469014,-300.291123118665,29.9286690148657,-46.9876090020743
104.315,-175.241290232911,-3.79929745487883,56.0111449283558,162.526650247836,49.802850490834,-37.7227603176099,98.9306920053287,8.27563019752351,39.4500274149566,-323.487600794772,56.6786226279323,-47.0944517613631
104.32,-173.060878731526,-7.60959631782265,56.4976924858975,141.693656766344,68.3450180292009,-42.7575613868473,104.038576996044,8.24716341511537,41.7246391262111,-345.606724339163,82.4485158605608,-46.7726724179948
104.325,-170.023703742417,-11.1282845131885,56.2326060871006,121.178112254759,85.7941349514901,-47.088368010375,109.033251417678,7.85465411568542,43.2885714844536,-366.519224511452,107.081936750845,-45.971982890632
104.33,-166.208865503482,-14.3414781731505,55.2622401861077,101.217287669296,101.956092441797,-50.6253889440782,113.930659472738,7.10652081881775,44.1172415282288,-386.1036099572,130.449281731969,-44.6533342638494
104.335,-161.706164728139,-17.2418035115699,53.6449775425506,82.0363121300161,116.669544026129,-53.2945525579656,118.741402003902,6.01676148339157,44.1992043033747,-404.247040488881,152.44840255837,-42.7902084419367
104.34,-156.615103711486,-19.8275388713023,51.449552080098,63.845465279415,129.807365020827,-55.0402996184319,123.4700569218,4.60430930477035,43.5359061817953,-420.846133930111,173.004561347078,-40.3694803392951
104.345,-151.043671007688,-22.1016396621156,48.7531562444551,46.8378039894801,141.277041215935,-55.8278861241328,128.114741599135,2.89231944557932,42.1411543360713,-435.807689575981,192.069717318468,-37.391829569154
104.35,-145.106920665805,-24.0706999413197,45.6393855594868,31.1871588250895,151.01999806919,-55.6451184929852,132.666925861198,0.907422753349278,40.0403307121092,-449.049311641394,209.621186949259,-33.8716972542404
104.355,-138.925362343718,-25.7439061450516,42.1960764566999,17.0465251448411,159.009917818274,-54.5034605302364,137.111496161617,-1.32101702996739,37.2693841508969,-460.499917177418,225.65973545281,-29.8367997577005
104.36,-132.623183843335,-27.1320376294433,38.5130951793779,4.54686280042212,165.250126319679,-52.4384703657341,141.427063697422,-3.76160743448861,33.8736380025893,-470.100114825549,240.207171234332,-25.3272263256902
104.365,-126.326332574702,-28.2465652547449,34.6801356174326,-6.20369258042568,169.770162873574,-49.5095453369388,145.586501815898,-6.38156083340758,29.9064526772385,-477.802443414791,253.303525907795,-20.394161427961
104.37,-120.160487031088,-29.0988933649191,30.7845823213646,-15.1202144462426,172.621673793302,-45.7989730538535,149.557691299334,-9.14723029550541,25.4277832492836,-483.571462724181,265.00391055753,-15.0982845669724
104.375,-114.2489534361,-29.6997823871221,26.9094917055797,-22.1409841302391,173.873793193471,-41.4103070905851,153.304446159638,-12.0245269873447,20.5026717426382,-487.383692642025,275.375144311266,-9.50791005351231
104.38,-108.710526206603,-30.058979205265,23.1317396957826,-27.227130617674,173.608191633562,-36.4661053729347,156.787587578198,-14.979206102104,15.199712344676,-489.227401317388,284.492254057806,-3.69693631097453
104.385,-103.657353645216,-30.1850708722746,19.5203780396222,-30.3619462588684,171.91398415955,-31.1050878065569,159.966129694875,-17.9770169725063,9.58952574600078,-489.102247532399,292.434944261316,2.25732157786368
104.39,-99.1928522035053,-30.0855646397315,16.1352345060347,-31.5499199721212,168.882693426096,-25.4787864608297,162.798538164125,-20.983722231258,3.74327624681342,-487.018787205838,299.284133276376,8.27634121069676
104.395,-95.4097136144889,-29.7671842781727,13.0257845731268,-30.8155344383127,164.603460755321,-19.7477762107322,165.244020825252,-23.9650001349653,-2.26873762774702,-482.997858452512,305.118647515494,14.2825710710614
104.4,-92.3880490827356,-29.2363598460509,10.2303142398008,-28.2018770373015,159.158688292514,-14.0775857777886,167.263809514823,-26.8862529879455,-8.37839135634811,-477.069863772924,310.012157596269,20.2015093778435
104.405,-90.1937135078803,-28.4998761019283,7.77538557025551,-23.769115787233,152.62027919327,-8.63439835823833,168.822392929078,-29.712352480994,-14.5209170664455,-469.273971544307,314.030431548066,25.9636227865882
104.41,-88.8768504512457,-27.5656343575614,5.6756087765626,-17.5928913707832,145.046620584331,-3.58065735078542,169.888662352054,-32.4073591326102,-20.6359395303214,-459.657261826902,317.228969546737,31.5060534449327
104.415,-88.4706953402651,-26.4434744319147,3.933717333074,-9.7626745664801,136.480426678647,0.929303947313499,170.436934772842,-34.9342573281484,-26.6683480171488,-448.273843395381,319.651072685833,36.7740729835031
104.42,-88.9906703370399,-25.1459980343556,2.54093600623922,-0.380135173906728,126.947527895699,4.75348941573609,170.447821251087,-37.254749273599,-32.5689903166127,-435.183969722234,321.326385297425,41.7222519181706
104.425,-90.4337994030877,-23.6893326830734,1.47762588383752,10.4424360242819,116.456657281683,7.76620725565276,169.908912322937,-39.329150339698,-38.2951792639563,-420.453181355363,322.269936824639,46.3153222163197
104.43,-92.7784663329851,-22.0937762050181,0.714185509274873,22.5836164099319,105.000249152175,9.86166597913724,168.815256865635,-41.1164248513847,-43.8110062243365,-404.151500833559,322.481695912333,50.5287196040023
104.435,-95.9845318752118,-20.3842658495664,0.212183020954464,35.9142225649066,92.5562279255242,10.9570963385647,167.169616264437,-42.5743956187765,-49.0874601414238,-386.352704106922,321.946636889759,54.3488009399245
104.44,-99.9938185726112,-18.5906228902411,-0.0743092945776135,50.2985413182667,79.090728796549,10.9953072829301,164.982481940568,-43.6601526870121,-54.1023548634909,-367.133689487844,320.635307589078,57.7727407663905
104.445,-104.730963798108,-16.7475330423158,-0.197209453158644,65.5954067319165,64.5616573887485,9.94659745340661,162.271851162972,-44.3306771936093,-58.8400715088561,-346.573961530754,318.504877602516,60.8081197531074
104.45,-110.104632822612,-14.8942347314725,-0.212782862330323,81.6591169418434,48.9229639185546,7.80995933423796,159.062763401115,-44.5436852339418,-63.2911266030174,-324.755243015093,315.500637607481,63.4722259798735
104.455,-116.009074814501,-13.0739007235286,-0.179897372907853,98.3401926817535,32.1294797129167,4.61353069490518,155.386607119769,-44.2586847234243,-67.4515805755894,-301.761223509912,311.557913224281,65.7910978156331
104.46,-122.325995652315,-11.332713325934,-0.15821286371388,115.485986886719,14.1421410349204,0.414267079721341,151.280214675897,-43.4382259113515,-71.3223049076829,-277.677447960215,306.604350864901,67.7983443627991
104.465,-128.926712620667,-9.7186487663357,-0.206342812192705,132.941161754726,-5.06659214933974,-4.70317057491664,146.78477057786,-42.049313906317,-74.9081297437717,-252.591343466215,300.562527881009,69.5337855094867
104.47,-135.674547776034,-8.28000190106753,-0.380025875279512,150.548055795299,-25.507325983168,-10.628298040947,141.944565487393,-40.064939758882,-78.2168970949818,-226.592377033769,293.352834652363,71.041957880813
104.475,-142.427409323031,-7.06369750995662,-0.730345808077491,168.146968514803,-47.1685391920661,-17.2274231172402,136.805634683422,-37.465675791157,-81.2584477999344,-199.772331674916,284.896571777385,72.3705348996935
104.48,-149.040504010332,-6.113448437111,-1.30203810866026,185.576394332852,-70.0118120307029,-24.3469365479068,131.414325007256,-34.2412714838329,-84.0435730754817,-172.225682956648,275.119201088781,73.5687085707458
104.485,-155.369118579741,-5.46783306460092,-2.13192159128982,202.673240003892,-93.967674394259,-31.8172005384452,125.815838360869,-30.3921788506351,-86.5829636583051,-144.050053066119,263.953684803537,74.6855775826044
104.49,-161.271404886409,-5.15837440813918,-3.2474926036689,219.273061181,-118.932254010951,-39.4569377591214,120.052802463007,-25.9309313313849,-88.8861910674939,-115.34671483726,251.343842819965,75.7685812059695
104.495,-166.611101637708,-5.20770988805144,-4.66571869922452,235.21035379003,-144.764883674573,-47.0780065136351,114.163920628767,-20.8832982595697,-90.9607562448782,-86.2211141619016,237.247654226145,76.862011871312
104.5,-171.260125961333,-5.62794394898415,-6.39206707489488,250.318934620556,-171.286799033072,-54.4904331900305,108.182751676548,-15.2891383449608,-92.8112405588206,-56.7833760231627,221.640425876923,78.0056323406704
104.505,-175.100970388848,-6.41927460195963,-8.41980078232984,264.432443091022,-198.281026375613,-61.5075620295011,102.136668555239,-9.20288076952638,-94.4385926718572,-27.1487572924334,204.517748863235,79.2334174883062
104.51,-178.028845441557,-7.56897924646984,-10.7295724366519,277.384992655805,-225.493524105072,-67.9511753836976,96.0460398685448,-2.69357166763614,-95.8395818954238,2.56199136415154,185.898163123178,80.57243701048
104.515,-179.953514817003,-9.05083476495043,-13.2893407707975,289.011995935033,-252.635603218497,-73.6564354533474,89.9236721968337,4.15556316107355,-97.0064443243115,32.2223915043958,165.825451452459,82.0418940600868
104.52,-180.800779036384,-10.8250322402587,-16.0546298678197,299.151182476969,-279.387612382396,-78.4765011669359,83.7745431214829,11.2480719761185,-97.9267423416973,61.7001658462293,144.370486881335,83.6523350606395
104.525,-180.513574037002,-12.8386283851053,-18.9691442310386,307.643822202338,-305.403833381052,-82.2866812758442,77.5958453726811,18.4757607961921,-98.583451203312,90.8573617081446,121.632561962715,85.4050466722002
104.53,-179.052663184574,-15.0265546765844,-21.9657450165184,314.33616113416,-330.318493994811,-84.9879966453958,71.3773518700537,25.7206996702684,-98.9552785969729,119.550695858327,97.7401350489665,87.2916561621826
104.535,-176.396914055699,-17.3131821049821,-24.9677837817989,319.081069107279,-353.752768684516,-86.5100406934091,65.102100013723,32.8577222041395,-99.0172146198214,147.632141816612,72.850937059062,89.2939507600447
104.54,-172.543164553799,-19.6144152858902,-27.8907801050385,321.739891900586,-375.32260368734,-86.8130463990955,58.7473818805067,39.7573669993936,-98.7413008453532,174.949773729364,47.151392446495,91.3839297013484
104.545,-167.505695894636,-21.840265435749,-30.6444186110399,322.184492746186,-394.647173189302,-85.8890905701817,52.2860154797072,46.2891883972829,-98.0975984225456,201.348873088699,20.8553200449051,93.5240995004283
104.55,-161.315342174654,-23.8978284060436,-33.1348296113604,320.299460539699,-411.357748113915,-83.7623903724551,45.6878613940187,52.3253443099566,-97.05532683107,226.673295972793,-5.79810675896007,95.668018564624
104.555,-154.018277156822,-25.6945726276753,-35.2671060935527,315.984454422309,-425.106739731437,-80.4886728822645,38.9215393540211,57.7443518266686,-95.5841373734706,250.767089376604,-32.5471454470159,97.7610917716677
104.56,-145.674528244283,-27.1418233829163,-36.9479985935201,309.156646884134,-435.576667648714,-76.1536252113052,31.9562908308284,62.4348874880678,-93.6554790556669,273.476335867491,-59.111002837441,99.7416094380943
104.565,-136.356275111854,-28.1583151585015,-38.0887190322312,299.753220324533,-442.488796528746,-70.8704601881839,24.7639267764482,66.2994993187114,-91.2440094907554,294.6511965562,-85.1940548681309,101.542018637814
104.57,-126.145995877868,-28.6736737125959,-38.607775449455,287.733865259362,-445.611188591276,-64.7766600242979,17.3207944107923,69.25809249079,-88.3290001112485,314.148113549963,-110.490715380603,103.090408421275
104.575,-115.134526783721,-28.6316845746272,-38.4337523149806,273.083222235205,-444.765929685122,-58.0299869481088,9.60969367899857,71.2510503409596,-84.8956834987008,331.832124988211,-134.690880088988,104.312184317085
104.58,-103.419101977437,-27.9932054900034,-37.5079462836386,255.81320416178,-439.835305255454,-50.803874589534,1.62167283339946,72.2418577011618,-80.9364911921716,347.579238799987,-157.485850139377,105.131901669586
104.585,-91.1014381962363,-26.7385870891738,-35.7867653237344,235.965131404891,-430.766728288146,-43.2823362146903,-6.64236643537315,72.2191042516367,-76.4521329890068,361.27880580151,-178.574618351294,105.475221986651
104.59,-78.2859249997006,-24.8694787937899,-33.2438004469241,213.611608794426,-417.5762534586,-35.6545449522716,-15.1703207712248,71.1977617396999,-71.452473442422,372.835828949443,-197.67038123974,105.270951659748
104.595,-65.0779747761432,-22.4099153934107,-29.8714841061356,188.858071860387,-400.350549177991,-28.1092558268876,-23.9378549233917,69.2196500755688,-65.9571677869198,382.173143664454,-214.507122196342,104.453118254248
104.6,-51.5825780933738,-19.4066033320587,-25.6822579224816,161.843929249173,-379.247240799669,-20.8292485382738,-32.9077429129406,66.3530329614308,-59.9960275831082,389.233404243281,-228.84609674473,102.963036095907
104.605,-37.9030992767509,-15.9283538399218,-20.709184793186,132.743229532921,-354.49358262885,-13.9859726268364,-42.02962397474,62.691313106039,-53.6090956174463,393.980813535322,-240.482040496107,100.751310154455
104.61,-24.1403347276908,-12.0646417301452,-15.0059564288144,101.764783675905,-326.383462222285,-7.73457255495362,-51.2402044964358,58.3508293214034,-46.84641962676,396.402537271293,-249.248915109851,97.7797253476808
104.615,-10.3918429353393,-7.92330283478268,-8.64626654323204,69.1516794530863,-295.272786373417,-2.20945930653648,-60.4639231879534,53.4677918016046,-39.767524799063,396.50975062878,-255.025007863844,94.0229674974664
104.62,3.2484590316213,-3.62741837183754,-1.72254163634978,35.1801313134811,-261.573342735521,2.47942234096254,-69.6140813049042,48.1944263942195,-32.4405952563527,394.338272654411,-257.737206855477,89.4701224161265
104.625,16.6904518822802,0.688530419375604,5.65595525170792,0.157618705313,-225.745272865596,6.24950511175097,-78.5944234105561,42.694432322626,-24.9413843756837,389.948753805012,-257.364286689735,84.1259011449659
104.63,29.8477560142936,4.88312075390613,13.3656082391686,-35.5797221569955,-188.28833031499,9.04759184026135,-87.3011374597558,37.1378891821943,-17.3518824138158,383.426392822081,-253.939058844663,78.0115423567246
104.635,42.6375036203993,8.81291317807469,21.271456278596,-71.6704736607019,-149.732130189604,10.8508646925486,-95.6252265623884,31.6957767392848,-9.75877712581869,374.880171088282,-247.549266576136,71.1653474834308
104.64,54.9799954652758,12.3376705340777,29.2306388220113,-107.732083000933,-110.625623566815,11.666881620704,-103.45518933416,26.5342938552699,-2.25174870079413,364.441605208443,-238.337135824214,63.642810306872
104.645,66.7983039489662,15.3256787327231,37.0961734192082,-143.365763785149,-71.5260507733266,11.5325673350654,-110.679931965157,21.8091796176485,5.07835572121955,352.263031477939,-226.497530422668,55.5163105839473
104.65,78.0178880810331,17.6589637732499,44.7209425569115,-178.162116460946,-32.9876414718482,10.5122426212188,-117.191823638043,17.660249485261,12.1414204729462,338.515448773222,-212.274700962012,46.8743507788393
104.655,88.5662865836894,19.2381937595912,51.9617547378378,-211.707408265951,4.44966345152032,8.69477080547001,-122.889798201048,14.2063610994344,18.8499847199471,323.385958808393,-195.957660535048,37.8203260780217
104.66,98.372952387819,19.9870572332448,58.6833376072069,-243.590429602859,40.271193201313,6.18993220013698,-127.68239946542,11.5410177731817,25.1211437516767,307.074854236307,-177.874265690557,28.4708304086709
104.665,107.369285283717,19.8559203203663,64.7621194964651,-273.409819518336,73.9979636109749,3.12416516760585,-131.490665518381,9.72880225580834,30.8783834092868,289.79241535972,-158.384125589132,18.9535149050576
104.67,115.488909589235,18.8245849723951,70.0896604934623,-300.781729058462,105.196274763276,-0.364165062731712,-134.250749299726,8.80280923862338,36.0533058494615,271.755484935431,-137.87050503398,9.4045298414706
104.675,122.668230720872,16.9039986233693,74.5756052297714,-325.34766852016,133.486255808248,-4.12979237435327,-135.91617852563,8.76321263730996,40.5872081331001,253.183897431613,-116.731426236772,-0.0344039218770888
104.68,128.847288982638,14.1368012288533,78.1500468830878,-346.782363915075,158.549149272012,-8.02568357309276,-136.459667836907,9.57706373706735,44.4324782338501,234.296843918791,-95.3702083752979,-9.21923293106154
104.685,133.970911345474,10.5966379202198,80.7652150021611,-364.801430233279,180.133158658371,-11.9080907058774,-135.874409608663,11.1793699552529,47.553775585942,215.309256380339,-74.1857117391166,-18.0070430942909
104.69,137.990143191331,6.38621313824371,82.3964278775001,-379.168655240204,198.057719228839,-15.6413374865453,-134.174786809339,13.4754527630731,49.9289650242324,196.428295520252,-53.5625731814355,-26.2596768540821
104.695,140.863922698367,1.63411355637908,83.0422820580788,-389.702678392042,212.216091495883,-19.1021674801882,-131.39647106946,16.3445290762168,51.549774008194,177.850024080861,-33.8617304971591,-33.8473952624165
104.7,142.560941518256,-3.50951944001973,82.724085555292,-396.282845733971,222.576218957826,-22.1835005106699,-127.595890944504,19.6444053722482,52.4221438121967,159.756343276252,-15.4115342652058,-40.6524753086814
104.705,143.061617441997,-8.87833355535833,81.4845752343605,-398.854023940501,229.179834692072,-24.7974686712547,-122.8490782693,23.2171204027172,52.5662466395149,142.31226329771,1.50026395174224,-46.5726262681003
104.71,142.360088731913,-14.2959405176786,79.3859906053774,-397.430165412765,232.139844499444,-26.8776333217243,-117.249923351616,26.8953233639099,52.0161432983816,125.663570171815,16.6333784458659,-51.524105590197
104.715,140.466126662479,-19.5826910554344,76.5076032801963,-392.096431855732,231.636056455382,-28.3803181350627,-110.907891204305,30.5091326896443,50.8190612367937,109.934940897195,29.8004731437346,-55.4444155869309
104.72,137.406853527071,-24.562780726106,72.9428212926054,-383.009706139871,227.909367242955,-29.2850288743105,-103.945269621798,33.8931892000562,49.0342815635644,95.2285472030297,40.8710640865967,-58.2944675859253
104.725,133.228148716008,-29.0713897328903,68.7959981680927,-370.397351454088,221.254553852265,-29.593966337387,-96.494034419057,36.893598777241,46.731637252559,81.6231759437382,49.773690372826,-60.0601108127726
104.73,127.995625746862,-32.9615443803787,64.1790771976457,-354.554112608341,212.011854353452,-29.3306734107201,-88.6924271283345,39.3744555035673,43.9896433187096,69.1738814693107,56.49625805359,-60.7529391352816
104.735,121.795067975583,-36.1103849378036,59.2081930929058,-335.837096679238,200.557552459633,-28.5378898140809,-80.6813467714848,41.2236459678644,40.8933021385304,57.9121725084542,61.0845214140143,-60.410309323371
104.74,114.732219476125,-38.4245337182212,54.0003394002249,-314.658818982815,187.293806326177,-27.2747189205008,-72.6006618942008,42.3576573686678,37.5316504833428,47.846723226897,63.6387296098066,-59.0945284586359
104.745,106.931840062319,-39.8442774494264,48.6701946417013,-291.478355767834,172.637981595031,-25.6132398989823,-64.5855535773252,42.7251440523924,33.9951358656421,38.9645852120359,64.3085319602486,-56.8911943512449
104.75,98.5359505385151,-40.3463098815322,43.3271859132393,-266.790707337713,157.011761910261,-23.6347243917563,-56.7630049666375,42.3090482853661,30.3729257331624,31.2328643573494,63.2863002809605,-53.9067006250225
104.755,89.7012179501401,-39.9448257461315,38.0728565479079,-241.114544812647,140.830317601773,-21.425637984038,-49.2485566883222,41.1271219663625,26.7502623766086,24.6008143172343,60.79908923394,-50.2649475553236
104.76,80.5954633407015,-38.6908181831535,32.9985939578104,-214.978590588227,124.491815955316,-19.0736200712603,-42.1434479792509,39.2307582433222,23.2059786986932,19.0022868311817,57.0995133755354,-46.1033312501316
104.765,71.3933186775475,-36.6695111191921,28.1837637596031,-188.906966539311,108.367555343745,-16.6636383421533,-35.5322578014196,36.7021173575875,19.8102853747758,14.3584692641983,52.4558698445088,-41.5681177965174
104.77,62.2711164722234,-33.9959569497335,23.694285678227,-163.403933924576,92.7930008788598,-14.2745035362028,-29.4811464569106,33.6496201517961,16.622928828736,10.5808315782856,47.1418759017964,-36.8093454776109
104.775,53.4011637734415,-30.8089456221033,19.5816750058421,-138.93854107852,78.0599907418713,-11.975905866853,-24.0367755203609,30.2019831463791,13.6918024699203,7.57419874659511,41.4264186120644,-31.9754358544329
104.78,44.9456260751248,-27.263495387979,15.8825608888485,-115.929781900833,64.4103685266049,-9.8260989463702,-19.2259536766511,26.5010738120918,11.0520717711656,5.23986000763423,35.5637283267267,-27.2077304723082
104.785,40.8409026467348,-25.4212978709529,14.1400186637104,-104.838355779472,57.8833354075649,-8.79489865327495,-16.9810408242503,24.6056173084761,9.8086365918395,4.22830136485673,32.626140472099,-24.857483970458
