time,hip_flexion_l_moment,hip_adduction_l_moment,hip_rotation_l_moment,knee_angle_l_moment,ankle_angle_l_moment,subtalar_angle_l_moment,hip_flexion_r_moment,hip_adduction_r_moment,hip_rotation_r_moment,knee_angle_r_moment,ankle_angle_r_moment,subtalar_angle_r_moment
102.79,0.410138225835376,-0.0422678235314581,-0.0385623263096101,-0.105680890687255,0.0236190426369602,-0.000914471480011294,NaN,NaN,NaN,NaN,NaN,NaN
102.795,0.296816211403946,-0.0292769804849779,-0.0236256297928011,-0.135061319335988,0.0173239973475217,-0.00119444510966472,NaN,NaN,NaN,NaN,NaN,NaN
102.8,0.18449271086968,-0.0165249812676268,-0.00877986421357351,-0.164598124861176,0.01126407414444,-0.0014782608740589,NaN,NaN,NaN,NaN,NaN,NaN
102.805,0.0744545445846737,-0.00408352899701116,0.00577659429156515,-0.194353925955424,0.005571585275248,-0.00176410167988755,NaN,NaN,NaN,NaN,NaN,NaN
102.81,-0.0313081417816477,0.00798491009594111,0.0198434169502037,-0.224057366608153,0.000378492884886,-0.00205020544067851,NaN,NaN,NaN,NaN,NaN,NaN
102.815,-0.132113200869981,0.0196281147554097,0.0332224682896325,-0.253460155195431,-0.00418775794762804,-0.00233483869386978,NaN,NaN,NaN,NaN,NaN,NaN
102.82,-0.22739628416763,0.0308048150608999,0.0457220309224652,-0.282305733210175,-0.00800872094157475,-0.00261624825915709,NaN,NaN,NaN,NaN,NaN,NaN
102.825,-0.316228591425827,0.0414850576126837,0.0571610182998007,-0.310467616131142,-0.0109796407554709,-0.00289259084948412,NaN,NaN,NaN,NaN,NaN,NaN
102.83,-0.397490591794676,0.0516501925297881,0.0673730853479796,-0.337965125988757,-0.0130142336996493,-0.00316184171303032,NaN,NaN,NaN,NaN,NaN,NaN
102.835,-0.470681103885772,0.0612924493470096,0.0762105495907804,-0.364572007370091,-0.014049420016322,-0.00342168457946447,NaN,NaN,NaN,NaN,NaN,NaN
102.84,-0.535331794555238,0.0704140751653523,0.0835480396973684,-0.390106256263955,-0.0140498586978704,-0.00366938634705743,NaN,NaN,NaN,NaN,NaN,NaN
102.845,-0.591365225980882,0.0790260172664531,0.089285794123373,-0.414561631553628,-0.0130121277346719,-0.00390166101792595,NaN,NaN,NaN,NaN,NaN,NaN
102.85,-0.640282324169442,0.087146144130205,0.0933525393519792,-0.438505575378345,-0.0109683892875971,-0.00411452830689025,NaN,NaN,NaN,NaN,NaN,NaN
102.855,-0.679889057157119,0.0947970134985596,0.095707884924538,-0.460884792862602,-0.0079893812017236,-0.00430317305951519,NaN,NaN,NaN,NaN,NaN,NaN
102.86,-0.710252296221541,0.102003213689596,0.0963441807318844,-0.481491624500127,-0.00418658401053357,-0.00446181206840218,NaN,NaN,NaN,NaN,NaN,NaN
102.865,-0.731599488311995,0.108788324418246,0.0952877907163916,-0.500090119088343,0.000286573559175505,-0.00458357503543543,NaN,NaN,NaN,NaN,NaN,NaN
102.87,-0.742129812476316,0.11517156529489,0.0925997460642307,-0.516431867500446,0.00523458747572673,-0.00466040626620207,NaN,NaN,NaN,NaN,NaN,NaN
102.875,-0.743873929962263,0.121164223061778,0.0883757500643807,-0.530204064116437,0.0104209203816014,-0.0046829931914159,NaN,NaN,NaN,NaN,NaN,NaN
102.88,-0.738164024688201,0.126765971362285,0.0827455160582873,-0.541067609588208,0.0155702714601415,-0.00464072699646845,NaN,NaN,NaN,NaN,NaN,NaN
102.885,-0.725768989246352,0.131961218093242,0.07587142934509,-0.548656771555834,0.0203720960617055,-0.00452169953034819,NaN,NaN,NaN,NaN,NaN,NaN
102.89,-0.70638665142037,0.136715633700486,0.0679465336345228,-0.551827495070193,0.0244853559767152,-0.0043127393040885,NaN,NaN,NaN,NaN,NaN,NaN
102.895,-0.682026375504742,0.140973027614185,0.0591918527764713,-0.550849419753633,0.0275444374493051,-0.00399948783971135,NaN,NaN,NaN,NaN,NaN,NaN
102.9,-0.653761103490829,0.144652747883078,0.0498530691742009,-0.545339403030493,0.0291661289385294,-0.00356651597267405,NaN,NaN,NaN,NaN,NaN,NaN
102.905,-0.6226000019086,0.147647779584562,0.0401965916200422,-0.534844858709104,0.0289575060056272,-0.00299747803665806,NaN,NaN,NaN,NaN,NaN,NaN
102.91,-0.589552692239153,0.149823709624955,0.030505057343235,-0.518910465484377,0.0265245284742031,-0.00227530027063999,NaN,NaN,NaN,NaN,NaN,NaN
102.915,-0.557354788107558,0.151018708308544,0.0210723258200797,-0.496744714555119,0.0214811172358016,-0.00138239838939212,NaN,NaN,NaN,NaN,NaN,NaN
102.92,-0.525411448019892,0.151044651196508,0.012198035257007,-0.468223821918803,0.0134584468551894,-0.000300918151238786,NaN,NaN,NaN,NaN,NaN,NaN
102.925,-0.494393861407833,0.149689468483975,0.00418180638844496,-0.432994954525829,0.00211416750269378,0.000987007969123687,NaN,NaN,NaN,NaN,NaN,NaN
102.93,-0.4651838720641,0.146720764192109,-0.00268280802796404,-0.390346460684074,-0.0128587424452918,0.00249899517063905,NaN,NaN,NaN,NaN,NaN,NaN
102.935,-0.438734330227629,0.141890695364227,-0.00811451638308802,-0.338903051505212,-0.0317237920183978,0.0042521387342535,NaN,NaN,NaN,NaN,NaN,NaN
102.94,-0.415306018858277,0.134942044328263,-0.0118505002786453,-0.279899167683098,-0.054693747576254,0.00626275070972947,NaN,NaN,NaN,NaN,NaN,NaN
102.945,-0.395379272303505,0.125615357795493,-0.0136525114090168,-0.213203651669594,-0.0819246169775395,0.0085461060224986,NaN,NaN,NaN,NaN,NaN,NaN
102.95,-0.379404489104587,0.113656968590808,-0.0133127115468361,-0.13893333660552,-0.113511068817243,0.0111162017242787,NaN,NaN,NaN,NaN,NaN,NaN
102.955,-0.369183305216068,0.0988276630515898,-0.0106591097332714,-0.0598309120256407,-0.149483456853075,0.0139855315764649,NaN,NaN,NaN,NaN,NaN,NaN
102.96,-0.363189611770442,0.0809117134505851,-0.00556045076812471,0.026753709566441,-0.189806559640388,0.0171648767135315,NaN,NaN,NaN,NaN,NaN,NaN
102.965,-0.361434843651255,0.0597259633929949,0.00206958623153315,0.120527789600363,-0.234380078695825,0.0206631119683687,NaN,NaN,NaN,NaN,NaN,NaN
102.97,-0.360391159228507,0.035128637041562,0.0122690108870528,0.223235117815542,-0.283040868357729,0.0244870266628628,NaN,NaN,NaN,NaN,NaN,NaN
102.975,-0.35713522006812,0.00702754096256024,0.0250250836176331,0.33606677297534,-0.335566800225268,0.0286411582999473,NaN,NaN,NaN,NaN,NaN,NaN
102.98,-0.357564024409964,-0.0246126600033813,0.0402729154540559,0.45452375227676,-0.391682098050307,0.0331276375985512,NaN,NaN,NaN,NaN,NaN,NaN
102.985,-0.361331267678542,-0.0597643852679786,0.0578951819475558,0.577871295197653,-0.451063918630209,0.037946043618062,NaN,NaN,NaN,NaN,NaN,NaN
102.99,-0.37054119589718,-0.0983325536621576,0.0777230019859964,0.702500539925571,-0.513349903817788,0.0430932682406585,NaN,NaN,NaN,NaN,NaN,NaN
102.995,-0.38331484839476,-0.14015167710371,0.0995380043361601,0.829079654558738,-0.578146391008515,0.0485633899334544,NaN,NaN,NaN,NaN,NaN,NaN
103,-0.39807930313887,-0.184984781983205,0.123075574889939,0.957830155720816,-0.645036946503017,0.0543475574145919,NaN,NaN,NaN,NaN,NaN,NaN
103.005,-0.414369633708013,-0.232524244626341,0.148029246485651,1.08769422037954,-0.713590879246167,0.0604338845178314,NaN,NaN,NaN,NaN,NaN,NaN
103.01,-0.43421614143808,-0.282394560283865,0.174056161389124,1.21635634969371,-0.783371401934211,0.0668073581157061,NaN,NaN,NaN,NaN,NaN,NaN
103.015,-0.45448388678313,-0.3341569964775,0.200783504701947,1.34398251942274,-0.853943131719682,0.0734497613659842,NaN,NaN,NaN,NaN,NaN,NaN
103.02,-0.474650358246114,-0.387316013718896,0.227815775893786,1.46946345396946,-0.924878662208869,0.0803396147642506,NaN,NaN,NaN,NaN,NaN,NaN
103.025,-0.49509502416659,-0.441327272338549,0.254742736286754,1.5906193485087,-0.995763989880858,0.0874521375325203,NaN,NaN,NaN,NaN,NaN,NaN
103.03,-0.515843268717242,-0.495606986280771,0.281147843805756,1.70574516357228,-1.06620263865667,0.0947592318092765,NaN,NaN,NaN,NaN,NaN,NaN
103.035,-0.535043109362471,-0.549542336157117,0.306616963981913,1.81547513088137,-1.1358183929668,0.102229492021978,0.387756320417043,-0.0519175174872094,-0.0137815217618873,-0.0929663018136187,0.061320434060172,-0.00515915599817776
103.04,-0.552276925689624,-0.602502617419759,0.330747129502122,1.91879259064902,-1.20425661901637,0.109828241818459,0.38244504844758,-0.0438709157118538,-0.0206015585438326,-0.0923275529418711,0.0614351614738867,-0.00466435625704514
103.045,-0.567931248724323,-0.65385077771926,0.353155110981316,2.01389383750208,-1.27118422277261,0.117517601083908,0.376550155062962,-0.0360156491004952,-0.0274660151942844,-0.091990928232483,0.061518941396111,-0.00413103869402427
103.05,-0.581370589530866,-0.702954992269808,0.373485560381448,2.10021276514688,-1.33628835841868,0.125256585896643,0.370557044065917,-0.02847583815022,-0.034289073141754,-0.0910745525600136,0.0615205262530665,-0.00355674955816896
103.055,-0.59186895731531,-0.749199938403442,0.39141849655711,2.17740827685511,-1.39927405984749,0.133001244730325,0.365137338554389,-0.0213747562390652,-0.040976034746372,-0.0884580676422244,0.0613857941425942,-0.00294057290521752
103.06,-0.599210464670243,-0.791997460331321,0.406675920190992,2.24471650311516,-1.45986101780662,0.140704834678568,0.360215831177452,-0.014831482108981,-0.0474243819441934,-0.0838693290496783,0.0610591341736821,-0.00228335990535927
103.065,-0.603407811380696,-0.830796360938627,0.419027372638753,2.29987387879308,-1.51777976460446,0.148318041805679,0.356579750319577,-0.00895735823077369,-0.0535252152731105,-0.0760206595639334,0.0604849401115535,-0.00158789274953443
103.07,-0.60427865671473,-0.865091116247319,0.428294288927656,2.34314335988987,-1.57276755540176,0.155789249758308,0.353571382979757,-0.00385234007384134,-0.0591650728636522,-0.0653179633321905,0.0596091773144655,-0.000858971280817824
103.075,-0.601720850634255,-0.894429375655388,0.434353037611215,2.37473803646118,-1.62456424912879,0.163064860391692,0.350568144538081,0.000398663758663979,-0.0642281113880215,-0.0521387893560845,0.0583809864255602,-0.000103413589740439
103.08,-0.595773991307609,-0.91841818183053,0.437136587033691,2.39424892293506,-1.67290849261873,0.170089669328952,0.347317716549657,0.00372934775029199,-0.0685986125917307,-0.0364505858423126,0.0567542866036973,0.00067003452093805
103.085,-0.586506482999428,-0.936728912301087,0.436634786078977,2.40123040916111,-1.71753449880001,0.176807298127691,0.343681244742606,0.0060953395528119,-0.0721637609043069,-0.0199180751081517,0.0546893411414806,0.00145088223575291
103.09,-0.574110711851444,-0.949101004566251,0.432893294840719,2.39558541618071,-1.75816968441929,0.183160683197816,0.339213439890484,0.00747717564788657,-0.0748166207640126,-0.0014392993216318,0.0521542490182391,0.00222716535012633
103.095,-0.558817180135169,-0.955344572957909,0.426011244221175,2.37725638386632,-1.79453339590085,0.189092619967321,0.333520529041282,0.00788279306397584,-0.076459227655733,0.0191566179577901,0.0491263271596837,0.00298579928375363
103.1,-0.540898173838075,-0.955342054951749,0.416137741071055,2.34626823336309,-1.82633690510321,0.194546359200186,0.326223692505337,0.00734941129151928,-0.0770056952815672,0.0415716669203215,0.0455933498163482,0.00371300183236578
103.105,-0.520333202108875,-0.949049035407372,0.403467365594501,2.30845505738993,-1.85328480173383,0.19946625096112,0.319011133534127,0.00594468723982287,-0.0763852334119002,0.069014171175852,0.041554613429981,0.00439477025846206
103.11,-0.497794848981285,-0.936494389598259,0.388234829568395,2.25853360750504,-1.87507784807952,0.203798430547695,0.30945924823175,0.00376703969774609,-0.0745449672404314,0.0975349150753078,0.0370217975452234,0.00501739412207682
103.115,-0.473657240773129,-0.91777986208134,0.370708977379529,2.19676656356861,-1.89141729671261,0.207491539734748,0.297133547779403,0.000945057980228675,-0.0714524497026991,0.12653627144692,0.0320195946777583,0.00556798276036949
103.12,-0.448294208182135,-0.893079162243225,0.351186317479376,2.12368036981529,-1.90201060524148,0.210497475785209,0.281668500787563,-0.00236406821310757,-0.0670977632042108,0.155453166370828,0.0265860845296832,0.0060349846715309
103.125,-0.419426564127656,-0.862636613596058,0.329984270530387,2.02998570385706,-1.90657841633377,0.212772159718808,0.26124534110109,-0.00597713482236663,-0.061495116329041,0.180300771103115,0.0207728305378828,0.00640867534347183
103.13,-0.389098853801937,-0.826765347886907,0.307434313438554,1.9228367393965,-1.90486260849762,0.214276314139307,0.236523902583245,-0.00968853367496755,-0.0546838539810815,0.202616155716888,0.0146446794737652,0.00668159035382216
103.135,-0.358579095501246,-0.785844992008895,0.283875186860718,1.8067163127504,-1.8966351657678,0.214976239392852,0.207800931284576,-0.0132748643568238,-0.0467288155379624,0.222978023507839,0.00827924773794623,0.00684888187862922
103.14,-0.328138622604715,-0.740318760123089,0.259646318792743,1.68264816660029,-1.88170756473901,0.21484457493716,0.174903935322376,-0.0165004926849208,-0.0377199943768382,0.240757986994644,0.0017660811974313,0.00690857906616109
103.145,-0.300301000871377,-0.690689838919342,0.235081599479029,1.5587651584398,-1.85994033740977,0.213861030616326,0.140060305379151,-0.0191239675585414,-0.0277714729220525,0.258676519481994,-0.00479452099226519,0.00686173600253421
103.15,-0.273222269270025,-0.637516943007475,0.21050362393681,1.43023884111211,-1.83125243994165,0.212013070231309,0.10124129933115,-0.020905174702509,-0.0170196295165613,0.273298716923203,-0.0112930240212084,0.006712455121782
103.155,-0.246675680609811,-0.581408921265158,0.18621849847693,1.29743934214817,-1.79563004230889,0.209296527624293,0.0582066290337271,-0.0216130732321859,-0.00562063629418169,0.283677574577777,-0.0176125171800355,0.00646777876239492
103.16,-0.221281781213322,-0.523018313627411,0.162511287190975,1.1619328221316,-1.75313435314613,0.205716133757384,0.0112219436458921,-0.0210338298661166,0.00625270978397097,0.289641387080302,-0.0236309108302408,0.00613744698035547
103.165,-0.198164201234763,-0.46303379027143,0.139642153823146,1.02551106446009,-1.7039081086545,0.20128593227158,-0.0392577676012144,-0.0189791368723656,0.0184147580526711,0.29134591663027,-0.0292234592052457,0.00573352550185971
103.17,-0.175401993066925,-0.40217144950195,0.117843234061089,0.889045256289951,-1.64818038438713,0.196029561036455,-0.0931721262663225,-0.0152944744511992,0.0306712912733491,0.287800769776711,-0.0342655901899703,0.00526991362063232
103.175,-0.152807032749754,-0.341165004205921,0.097316253362012,0.753970197387823,-1.58626943365033,0.189980378449614,-0.150074508438484,-0.00986705734203349,0.0428242227356189,0.278872002749843,-0.0386360147396889,0.00476174768122202
103.18,-0.129345655237098,-0.280754946288152,0.0782308863025642,0.624391645953017,-1.51858331497988,0.183181415824601,-0.210000898245251,-0.00263319022202145,0.0546765795569266,0.264438898446595,-0.042220079127298,0.00422472129684895
103.185,-0.104914626242537,-0.221676840417806,0.0607238354682179,0.501079413241047,-1.44561814184634,0.175685141109993,-0.272219353691793,0.00641525175270414,0.0660376333923801,0.244617103913413,-0.0449133128638498,0.00367434838162064
103.19,-0.0798432454765592,-0.164648958940264,0.0448985914874243,0.383182882474725,-1.36795386791746,0.167553024289352,-0.335607959082634,0.0172255007834976,0.0767280280605196,0.219694127243173,-0.0466251141201368,0.00312519919149881
103.195,-0.0538313337030006,-0.110359525225046,0.0308258214019505,0.271866429453872,-1.28624760781384,0.158854900895325,-0.399439370690735,0.029680006396856,0.0865847457917462,0.189990967659307,-0.0472825030810644,0.00259014264067615
103.2,-0.0277976835503741,-0.0594538795919105,0.0185443205831308,0.167999229010227,-1.20122458287346,0.149668136822221,-0.46268198588162,0.043594230746023,0.0954657505034167,0.156267830065025,-0.0468338622788485,0.0020796299893373
103.205,-0.0033074276351862,-0.0125219173324136,0.00806245425537315,0.0722167295582116,-1.11366687029107,0.140076604675353,-0.524149798905526,0.0587163502335548,0.103254148247374,0.119551105352649,-0.0452525720567136,0.00160105541952665
103.21,0.0228788815706211,0.0299138300792888,-0.000639991301190069,-0.0143388332081453,-1.02440021838316,0.130169488866583,-0.5837408958768,0.0747290400695434,0.109861712226304,0.0796061501677015,-0.0425404394744565,0.00115822790757075
103.215,0.0509119858170433,0.0674090932679655,-0.00760963041967623,-0.0911231690356082,-0.934279267071901,0.120039943180535,-0.640702198544366,0.0912534618734184,0.115231632863935,0.0371060590840603,-0.0387308108092499,0.000750986098413575
103.22,0.082936667484675,0.0996073753139711,-0.0129170543412898,-0.154334343758946,-0.844171577758525,0.109783630266028,-0.694825786728827,0.10785550643361,0.119340372479082,-0.00886235910662877,-0.0338912520005284,0.000374983586585946
103.225,0.118198018459496,0.126247732818837,-0.0166542398041319,-0.205059552462253,-0.754940927836639,0.0994971771921573,-0.745287269198983,0.124054265619581,0.122198529048519,-0.0569430700978833,-0.0281256786218566,2.16661772598748e-05
103.23,0.155293292569783,0.147170527847688,-0.0189318605397545,-0.245513948183393,-0.667430360053469,0.0892765846702487,-0.791211649121628,0.139332621321168,0.123850643950719,-0.105318175800806,-0.021575817899858,-0.000321544520346657
103.235,0.194046871380056,0.16232090663435,-0.0198765627719105,-0.275904583725544,-0.582445494288068,0.0792156296864542,-0.832145125800664,0.153149748069728,0.124373923740238,-0.153215124261121,-0.0144218905450048,-0.000670855210447389
103.24,0.233855854360999,0.171749828937498,-0.0196282544835585,-0.295492870742914,-0.500738608276759,0.0694043020913972,-0.868845915302689,0.164955233299128,0.123875884852836,-0.201393726607323,-0.0068824102125239,-0.00104549606409756
103.245,0.274679184459892,0.17561254972792,-0.0183374458449503,-0.305784457111244,-0.422993974226403,0.0599273151802644,-0.90016236007845,0.174204429278024,0.122490971301839,-0.247835000252667,0.000786986373301394,-0.00146692004774917
103.25,0.316158242033702,0.174164539376321,-0.0161626655968314,-0.307609282573412,-0.349814900598075,0.0508627285241965,-0.925876461153573,0.180374568289646,0.120376237227726,-0.291674619092583,0.00829574506233807,-0.00195782950317899
103.255,0.357506017935088,0.167754916046244,-0.0132679661773342,-0.301739120597293,-0.281712873721513,0.0422807183456489,-0.946135876094605,0.182981102587409,0.117706226716112,-0.332937063542015,0.0153216763406862,-0.00254106266419205
103.26,0.397144391649288,0.156817550486624,-0.00982051973574823,-0.288989416104834,-0.219099124046734,0.0342425266300085,-0.961403266314645,0.181593677915915,0.114667220583485,-0.373140628195828,0.0215153237904826,-0.00323838160273556
103.265,0.435955328127281,0.141860084567018,-0.0059882985610868,-0.27040239485025,-0.16227885913111,0.0267996150004137,-0.971685597768193,0.175851118524436,0.111451051803236,-0.409214604500545,0.0265053940137136,-0.00406921062534359
103.27,0.473411017381287,0.123451176548713,-0.00193782740613855,-0.246967748414099,-0.111448312926617,0.0199930432401818,-0.977439813377351,0.165474796531057,0.108248715963745,-0.440825281869224,0.0299051849052108,-0.00504937993262173
103.275,0.508685946395802,0.102206344626142,0.00216800791213055,-0.219778024550528,-0.0666946622189437,0.0138530853604188,-0.97830010290251,0.150279782178009,0.105244018897294,-0.465339514834913,0.0313199090009819,-0.00618993299483188
103.28,0.541298292280609,0.0787728230436645,0.00617211120439693,-0.189818459509961,-0.0279987603448903,0.0083990884834102,-0.974918807063088,0.130183225666028,0.102607509018837,-0.482644961126329,0.0303547680825971,-0.00749605723607868
103.285,0.571110679173027,0.0538138707052998,0.00992529824450609,-0.157944495477246,0.0047594598986597,0.00363957184215746,-0.96890210938336,0.105209506099395,0.100490936042641,-0.495043988336267,0.0266235961385849,-0.00896619599561947
103.29,0.597739230197333,0.0279929807011345,0.0132883968925245,-0.125043997487832,0.0317931532951532,-0.000427444719754489,-0.960973565893651,0.0754917971879509,0.0990224602130843,-0.50255989538876,0.0197578522174345,-0.0105913951910205
103.295,0.621292045437755,0.0019584319496506,0.0161343223219343,-0.0922591650002288,0.0533986177971566,-0.00381390075189832,-0.950715619422036,0.0412698395573009,0.0983028071996885,-0.503496142320242,0.00941571480596291,-0.0123549306099976
103.3,0.641166471160742,-0.023671396562778,0.0183501137878045,-0.0600189012223941,0.0699436213290332,-0.00654096808468566,-0.939800555328681,0.00288387086064911,0.0984025242004603,-0.499545810955805,-0.00470899273045445,-0.0142322514060312
103.305,0.657143116942155,-0.0483215602385222,0.0198389071953605,-0.0288846049148041,0.0818544284248696,-0.00863816594470619,-0.92902814018636,-0.039235159304334,0.0993604440417189,-0.491170586631297,-0.0228783284239364,-0.0161912624103596
103.31,0.669086180356573,-0.0714725840521394,0.0205218051700224,0.000657126412168141,0.089601981789187,-0.01014235094566,-0.918823323537083,-0.0845787806588131,0.101183408244341,-0.478595565487325,-0.0453024933560987,-0.0181929526908034
103.315,0.675700553827757,-0.0926706986456516,0.0203395944197322,0.0284664800784413,0.0936877008095531,-0.0110966161796887,-0.906833728939358,-0.132577112136557,0.103847239814091,-0.461720797386299,-0.0721331006603757,-0.0201923609307277
103.32,0.678425776247216,-0.111536031998185,0.019254249990787,0.0540260604619992,0.0946293475813457,-0.0115491335722632,-0.896314436106436,-0.18261723859182,0.107298895098686,-0.441205807536527,-0.103457699168255,-0.0221398503837366
103.325,0.677410076575912,-0.127768571261846,0.0172501585851333,0.0771835005847148,0.0929473831156561,-0.0115519721689592,-0.887454314371717,-0.234063063897418,0.111459665056679,-0.41732903492285,-0.139295761740861,-0.0239826482967038
103.33,0.672556582487746,-0.141151773852526,0.0143349893451575,0.0971888164933276,0.0891521946854273,-0.0111599223737759,-0.879257781256648,-0.286275748216378,0.116229243583075,-0.388272915443665,-0.179596299835456,-0.0256665879238473
103.335,0.663516903553807,-0.151553774861509,0.0105401411354269,0.112702401849215,0.0837325226749151,-0.0104293526713334,-0.869565803946293,-0.338633782037158,0.121490437990514,-0.350163129087396,-0.224237208294142,-0.0271379769007865
103.34,0.65148895487636,-0.15892620789667,0.00592070080309933,0.125944275333463,0.0771453549325513,-0.00941712135822681,-0.861253442163971,-0.390551748127767,0.127114267789333,-0.309459628597947,-0.273026380536689,-0.028345505184744
103.345,0.636784254050216,-0.16330072677951,0.00055485730094425,0.137114482998841,0.0698074915554466,-0.0081795615791443,-0.853965047014468,-0.441496878314794,0.132965185112646,-0.26638287123212,-0.325704567536131,-0.0292421002194534
103.35,0.623024713387859,-0.164783383980109,-0.00545726832032594,0.144544304889132,0.0620889161509252,-0.00677155376803503,-0.852316170130649,-0.491002623879296,0.138906154789395,-0.2263305741204,-0.381949887565997,-0.0297866373143751
103.355,0.609654257959389,-0.163547085891233,-0.0119953977805037,0.149032464585183,0.0543080435444745,-0.00524569563914685,-0.854419654584003,-0.538678620605318,0.144803353935064,-0.188119537913296,-0.441383831076881,-0.0299454197775988
103.36,0.594535005813076,-0.159822402572244,-0.0189214735268141,0.152310188195494,0.0467288509016421,-0.00365157630629317,-0.855921307778145,-0.584216631903617,0.150530288149741,-0.148094188155154,-0.503578549266753,-0.0296933558416081
103.365,0.57793357062246,-0.153887058086916,-0.026082613430301,0.154697999949571,0.039559841176578,-0.00203515802452766,-0.856173154525989,-0.627392282121117,0.155971170664023,-0.106421447815203,-0.568065168607474,-0.0290147769972939
103.37,0.556630814468955,-0.146054464960598,-0.0333145905689535,0.155148828542318,0.0329547361508798,-0.000438266488415547,-0.847422143162567,-0.668062630908128,0.161023467619986,-0.0573048279212122,-0.634342838888046,-0.0279038636175784
103.375,0.531445438879889,-0.136661690986239,-0.0404457618468298,0.154202756110429,0.0270147521288798,0.00110181141668473,-0.830338340807276,-0.706159871261129,0.165599572082958,-0.00201929179737623,-0.701888200717297,-0.0263646669707331
103.38,0.505318915919749,-0.126057257585437,-0.0473013467197163,0.153222195485335,0.0217922752605724,0.00255262506606475,-0.810108632570107,-0.741681642264701,0.16962762631181,0.0543860100433933,-0.77016495071054,-0.0244107400123425
103.385,0.478328851517397,-0.114589165801365,-0.0537079382315602,0.152417390923005,0.0172957257591496,0.00388675653336458,-0.786200766642269,-0.774678618598813,0.173051561808763,0.111703169632411,-0.838633188903038,-0.0220644108887739
103.39,0.450994698180788,-0.102593529058947,-0.0594981139952935,0.151257761658524,0.0134953809330787,0.00508192057783291,-0.759765102125299,-0.805240162105148,0.175830466310628,0.165448426286415,-0.90675825276396,-0.0193557513263907
103.395,0.423403622012993,-0.0903841620078202,-0.0645150054807941,0.149682033299649,0.0103299156552312,0.00612097325905396,-0.730828802044363,-0.833478890094711,0.177937414100016,0.214365167510988,-0.974018774389579,-0.0163213058624256
103.4,0.394863646254137,-0.0782434335614315,-0.068616680482558,0.148576420403071,0.00771341511395275,0.00699183458861979,-0.697180953211738,-0.859515029381571,0.179357910161554,0.263407666109423,-1.03991374034826,-0.0130026565200605
103.405,0.365256186015123,-0.0664146416093411,-0.0716801960718291,0.147916888137202,0.00554261773522792,0.00768733085257002,-0.658709528666876,-0.88346138758118,0.180088100451141,0.31224822193935,-1.10396838508848,-0.0094449008651095
103.41,0.336191217763611,-0.0550961090792407,-0.0736051875058392,0.148708589283258,0.00370415521917206,0.00820496242087757,-0.618028840730353,-0.905409691243586,0.18013289160071,0.361179033645701,-1.16573880630703,-0.00569511968532084
103.415,0.306061638981405,-0.0444371385106494,-0.0743168719906104,0.149922096776952,0.00208157082277541,0.00854660305320991,-0.573165789258501,-0.925418923936135,0.179504106157159,0.409274885351843,-1.22481525147191,-0.00180090445830744
103.42,0.274351274729367,-0.0345358975647042,-0.0737683641541539,0.151158037244584,0.00056191545168207,0.0087181369520104,-0.523897983693534,-0.9435061579807,0.178218776682956,0.45599125390749,-1.28082408595605,0.00219099476626071
103.425,0.240875024126029,-0.0254392433363158,-0.0719422216908737,0.152176594422848,-0.000958257073905198,0.00872904012911674,-0.470607730169178,-0.95964022288062,0.176297656436046,0.500881972688846,-1.33342851213144,0.0062358523958527
103.43,0.206238893105578,-0.0171444311611284,-0.0688511638897369,0.15345830985228,-0.00256764985809534,0.00859191305227189,-0.415962954801285,-0.97373840220936,0.173763998313268,0.542472913967646,-1.38232816261058,0.0102919458402127
103.435,0.170246406920674,-0.00960259574440426,-0.0645379316286227,0.154650680940075,-0.00433586598411051,0.00832197202319095,-0.360403000205128,-0.985666207625672,0.17064262922472,0.580358956778593,-1.42725773718111,0.014321307766127
103.44,0.132061872677846,-0.00272384047108408,-0.059074283903114,0.154726010089836,-0.00631003556862854,0.00793650729981056,-0.302547054121512,-0.995240150049384,0.166959325444726,0.615016353368934,-1.46798488981267,0.0182902432751863
103.445,0.0916266148376664,0.00361627408666022,-0.0525591521348751,0.153359906091589,-0.00851249966799139,0.0074543165943714,-0.243111791875258,-1.00223331764629,0.162740476570029,0.645987479184901,-1.50430759784313,0.0221696149735321
103.45,0.0489404890166172,0.00956908830021716,-0.0451159985599534,0.150234264615397,-0.0109395958156504,0.00689512323183014,-0.182852664559033,-1.00638347956258,0.158013011813028,0.672837987047615,-1.53605125902987,0.0259349089090672
103.455,0.00467549506424262,0.0153043224249078,-0.0368894482503103,0.145304344764225,-0.0135615621322281,0.00627898891002705,-0.124020808726379,-1.00740336287326,0.152804552367932,0.694488256203624,-1.56306576311663,0.0295661023368681
103.46,-0.0403111962191281,0.0210009701155502,-0.0280412852297931,0.138602038559684,-0.0163235496517017,0.00562573162967214,-0.069140980363818,-1.00499269623089,0.147143747125834,0.70977794874574,-1.5852227730465,0.0330473601636186
103.465,-0.0871278428206699,0.02683791116493,-0.0187459212966504,0.129338687157676,-0.0191477060010591,0.00495435992018778,-0.0157354183515256,-0.998851574812652,0.141060745529759,0.719898049411518,-1.60241342766036,0.0363665908108602
103.47,-0.135483123063225,0.0329845505115698,-0.00918546126138747,0.117333110657214,-0.0219362680747685,0.00428253493497392,0.0354859019428941,-0.988694674838688,0.134587760238562,0.724619611416082,-1.61454664391708,0.0395148943448555
103.475,-0.185272046689917,0.0395917848557977,0.000455499853115321,0.103370010474937,-0.024575577066067,0.00362607228217486,0.079083287958984,-0.974265829975153,0.127759672913761,0.720179603148086,-1.6215481541006,0.0424859363448575
103.48,-0.235967291325898,0.0467835848898508,0.00999520365843123,0.0870702780653573,-0.0269409063696127,0.00299849554803486,0.116177757233101,-0.955352474781673,0.120614638335799,0.707788636324664,-1.62336036428832,0.0452752804443272
103.485,-0.286904414000573,0.0546494607356215,0.0192600303438948,0.0678632547654666,-0.0289019716966584,0.00241065331223111,0.149364249918169,-0.931799461257999,0.113194644784788,0.689791163730003,-1.61994306699393,0.0478797110831964
103.49,-0.33753609007715,0.0632380512820143,0.0280896253533714,0.0458395584642744,-0.0303289735285343,0.00187041100190745,0.17824707324254,-0.903521763563438,0.105545991896636,0.666294714975142,-1.61127498600735,0.0502965759992411
103.495,-0.388089723055104,0.0725520453427289,0.0363417026152653,0.0194047797483099,-0.0310990051122681,0.00138242814034094,0.207079056598178,-0.870515603928003,0.097719650859029,0.640130799082437,-1.59735607774266,0.0525231755321009
103.5,-0.437325537629122,0.0825446045656885,0.0438963819615803,-0.00982346044807912,-0.0311026449644277,0.000948030379850392,0.232142087047934,-0.832867560966012,0.0897714757762973,0.609539499743325,-1.57821046352172,0.0545562230044915
103.505,-0.484446640620861,0.0931174155106197,0.050659927844597,-0.0411246066498967,-0.0302505417390352,0.000565184138126029,0.252337033599592,-0.790761261580196,0.0817622393184951,0.574299807247735,-1.55388982363517,0.0563913973064813
103.51,-0.528822143990184,0.104120452026423,0.0565677695859724,-0.0742298211113766,-0.0284797918186186,0.000228579666256409,0.268384056835518,-0.744481310821441,0.073757470436198,0.535084740334735,-1.52447704889802,0.0580230053250675
103.515,-0.569735686345547,0.115353479845668,0.0615867001236961,-0.109368893131326,-0.0257599066155007,-7.01740353434062e-05,0.284097646429669,-0.694414181388767,0.0658270770432924,0.493610592284197,-1.49008992051292,0.0594437680074621
103.52,-0.606830131682203,0.126569284121513,0.0657161704381116,-0.145175241277325,-0.0220981678359959,-0.000342241851837916,0.29529651403815,-0.641045866086284,0.0580447422102995,0.4490148215285,-1.45088457562788,0.0606447396147658
103.525,-0.639645395111453,0.13747854854713,0.0689886203230239,-0.181060507880425,-0.0175441753468627,-0.000601145316069718,0.3022709857159,-0.584956191683362,0.0504870886058581,0.401909335669471,-1.40705851472254,0.0616153651419981
103.53,-0.667574849394981,0.147756262951671,0.0714688125824667,-0.215835169285079,-0.0121934042097538,-0.000862241550274375,0.305359628113969,-0.526809799347807,0.043232612668147,0.353766676496439,-1.35885291796764,0.0623436760241345
103.535,-0.689947348145725,0.157049486243528,0.0732521665926882,-0.247883299619376,-0.00618960522942412,-0.00114210812489642,0.304941871859832,-0.467343912163866,0.0363603972303209,0.306660694311317,-1.30655406045896,0.0628166192304993
103.54,-0.707210524463131,0.164986244795931,0.0744621178247776,-0.278019050525531,0.000274092837702973,-0.00145784735152108,0.301524562273955,-0.407353130274774,0.0299486189692016,0.259001600667511,-1.2504936496271,0.0630205098167696
103.545,-0.719310587093725,0.171185304480702,0.075246561559415,-0.305542892055873,0.00695549146783365,-0.0018263272629607,0.295588299315897,-0.34767161420461,0.0240728749582914,0.211432624597978,-1.19104795054587,0.0629415921171198
103.55,-0.725860645211201,0.17526651926196,0.0757734706603499,-0.330621647241028,0.0135651174506085,-0.002263380067917,0.288638571797764,-0.289153131686546,0.0188043606110445,0.162386606613052,-1.12863561424817,0.0625666901855667
103.555,-0.72705129185801,0.176861432279141,0.0762258077796522,-0.352581942479393,0.0197695405840981,-0.00278298202707836,0.281176649285852,-0.232649547352751,0.0142079391898859,0.112421726274653,-1.06371417813527,0.0618839239988842
103.56,-0.723657757615413,0.175623788323094,0.0767958805028495,-0.369904215138132,0.0251962044823392,-0.00339644130022585,0.272665600340469,-0.178988422423624,0.0103401505895981,0.0642579569074471,-0.99677526357219,0.0608834644699783
103.565,-0.716110103270414,0.171239611021781,0.0776793123934941,-0.381980245277958,0.029439712450091,-0.00411162217788367,0.26356592690335,-0.128950457853724,0.00724721400848039,0.0183545851726768,-0.928338551185426,0.059558297639256
103.57,-0.704941844146512,0.16343650511704,0.0790688223405215,-0.388254972135211,0.0320694599289018,-0.00493223506353272,0.254307106015313,-0.0832475546162444,0.00496308509785642,-0.0248977391817692,-0.858944666692628,0.0579049666535206
103.575,-0.689254673753622,0.151991864767133,0.0811480177809976,-0.387420623421053,0.0326384543726836,-0.00585722146053489,0.24418199852554,-0.04250227520418,0.00350763290924559,-0.0627481839039096,-0.789147156979089,0.0559242594385259
103.58,-0.670858346264809,0.13673970319668,0.0840854131323871,-0.379661118897752,0.0306931145422369,-0.00688026191982037,0.234349632006058,-0.00722946847932122,0.00288500510575742,-0.0967515442905238,-0.719503775591999,0.0536218104370721
103.585,-0.650892419038003,0.117575866980809,0.0880288822052987,-0.364855919322877,0.0257837962950293,-0.00798943234053955,0.225404552742128,0.0221792352932346,0.00308225113785907,-0.127391020131162,-0.650567327253548,0.0510085865060085
103.59,-0.630119962095139,0.0944614588347411,0.093100741863403,-0.342756126969713,0.0174757532952757,-0.00916703016011024,0.217604248941523,0.0454674402851809,0.00406827208968198,-0.154583132140436,-0.582876341264031,0.0481012300868295
103.595,-0.609303305041327,0.0674243642292365,0.099393643520005,-0.313204720073086,0.0053602110110184,-0.0103895868598759,0.211159710060764,0.0625220107677521,0.00579316240613602,-0.178316699148649,-0.516945853140028,0.04492223707235
103.6,-0.58905519483982,0.0365588568400261,0.106967419443774,-0.274846767916833,-0.0109347868735903,-0.0116280769580967,0.20218562412875,0.0733767489505673,0.00818800250309875,-0.198654287715485,-0.453258572378321,0.041499952302936
103.605,-0.57018100727826,0.00202334221053059,0.115846993062554,-0.228965094843637,-0.0317341069531824,-0.0128483264534216,0.194722317268426,0.0782115301170631,0.0111651522231038,-0.215702468444154,-0.392256702205537,0.0378683721795268
103.61,-0.553297619928998,-0.0359636164341214,0.126021417883273,-0.175731621074326,-0.0573061689602813,-0.0140116157940158,0.188990832803129,0.0773468747991179,0.0146190832235686,-0.229624271351688,-0.3343346553578,0.0340667512390271
103.615,-0.538925595270542,-0.077128766862289,0.137444060320241,-0.115368596888999,-0.0878548193811813,-0.0150754642380351,0.18504317351299,0.0712341158163954,0.0184277738077999,-0.240621970196525,-0.279832879497844,0.0301390173912187
103.62,-0.527475979044946,-0.121150839155265,0.150033890331599,-0.0481885561936365,-0.123512713930156,-0.0159945743701022,0.182901002001439,0.0604414908170984,0.0224546727173607,-0.248926511325948,-0.229032968270988,0.0261330084978346
103.625,-0.517981540604834,-0.167668075906187,0.16367779355853,0.0255507615727842,-0.164336434464763,-0.0167219080246555,0.18188391763803,0.0456366500065091,0.0265512194414101,-0.252989968439968,-0.182154190872368,0.022099550677834
103.63,-0.511574787248828,-0.216286246848897,0.178233773243104,0.105260075153782,-0.210303501267437,-0.0172098584353922,0.182490047943678,0.02756620634911,0.0305598882576326,-0.254452074255505,-0.13935152608961,0.0180914057281856
103.635,-0.508576563258398,-0.26658676703585,0.193534873151371,0.190350654757636,-0.261311367916637,-0.0174114785529218,0.184833632302878,0.00703306527732473,0.034317702224291,-0.253974303773757,-0.100715237851544,0.0141621209519715
103.64,-0.508892019209757,-0.318134556451341,0.209393627167058,0.280196360426336,-0.317178407102747,-0.0172817225572756,0.188859178337337,-0.0151276519051742,0.0376601425191343,-0.251793642965754,-0.066271980046346,0.0103648191291589
103.645,-0.508257185708202,-0.370485321654059,0.225606829346219,0.379526577999924,-0.377646816062866,-0.0167786569321193,0.19279386007357,-0.0380732350178491,0.0404253587585498,-0.244327313193977,-0.0359873703522916,0.00675096907616314
103.65,-0.506851367869201,-0.423192003346174,0.241960420939742,0.486924388092162,-0.442387294300019,-0.0158645991960519,0.196772136372609,-0.0609777010677438,0.0424585681441324,-0.232232287956776,-0.00976992749558069,0.00336917805752633
103.655,-0.507809818203932,-0.475810212551577,0.258234307597914,0.596845941140554,-0.511005278195801,-0.0145071464354239,0.202204325103977,-0.0830549678989275,0.0436165163726002,-0.218990181690234,0.0125237749765036,0.000264046210802797
103.66,-0.51064188938389,-0.527902565948807,0.274206948562488,0.70845559329609,-0.583048460788096,-0.0126800618677903,0.208994683051831,-0.103580116323459,0.0437718620566552,-0.204716961320825,0.031082921424118,-0.00252487975854623
103.665,-0.523585499723144,-0.579041920731835,0.289659596745716,0.812921419645271,-0.658015283364857,-0.0103639952993036,0.222536039624158,-0.121908062467298,0.0428173397082685,-0.195311343777086,0.0461354460550819,-0.00496402081111148
103.67,-0.540605212675666,-0.628813593979441,0.304380109972012,0.91429335085797,-0.735364060655752,-0.00754702188624579,0.239295730990995,-0.137489076301422,0.0406695547957729,-0.187201178126659,0.0579404388819497,-0.00702652059042128
103.675,-0.557779288965661,-0.676816724282937,0.318166294823559,1.01467538204746,-0.814522394239579,-0.00422499236116179,0.257059053876444,-0.14988071432642,0.0372722685203676,-0.178190916421647,0.0667802139295291,-0.00869282053020455
103.68,-0.574518243690704,-0.722664988850406,0.330828781318755,1.11314768812831,-0.894896539166458,-0.00040169614638719,0.275677027023472,-0.158755878237944,0.0325990400797971,-0.168260619491371,0.0729522919629205,-0.00995104121651686
103.685,-0.590256443297045,-0.765986923658968,0.342193455742701,1.20879140105053,-0.975880415501744,0.0039111540360607,0.294980847190741,-0.163906861178484,0.0266551103396522,-0.157367759666162,0.0767615444719143,-0.0107971630834296
103.69,-0.604468937764653,-0.806426105638389,0.352103498235289,1.30069745205834,-1.05686399739556,0.00869410176056957,0.314779204191133,-0.165245393033104,0.0194784327349576,-0.145454722504663,0.0785127309684137,-0.0112350062103702
103.695,-0.611375398455775,-0.843641444647836,0.360421080492827,1.38969981625018,-1.13724086451203,0.0139202724324947,0.332063236102276,-0.16279884051887,0.011139784246593,-0.126719152557492,0.0785036387780216,-0.0112760152341167
103.7,-0.613473495806735,-0.877307801519828,0.367028777753538,1.47399369407032,-1.21641476087736,0.0195558242630854,0.348115062959429,-0.156702851263844,0.00174192046565144,-0.104231903752029,0.0770190047647713,-0.0109388610225054
103.705,-0.61284920362946,-0.907117100817635,0.371830739834654,1.55196880854692,-1.29380507084416,0.0255605035404987,0.363932274036024,-0.147190848904711,-0.00858222720580585,-0.0805468395593247,0.074325363388907,-0.0102488756580865
103.71,-0.609259960601607,-0.932780048573573,0.374753650875609,1.62284243344277,-1.36885118731322,0.0318882837042959,0.379216491474161,-0.134580884390099,-0.0196722787891208,-0.055631173131278,0.0706669268495192,-0.0092373413636986
103.715,-0.60377460508692,-0.954028502161287,0.375747489521373,1.68589095291521,-1.44101581015202,0.0384880693131719,0.394679304149515,-0.119260423976024,-0.0313439889207834,-0.0321719896910879,0.066262562511162,-0.00794065721608348
103.72,-0.596516021059674,-0.97061847755004,0.374786083459094,1.74044611880595,-1.50978726975135,0.0453044481125981,0.410132807491567,-0.101669704675744,-0.0433935845274292,-0.0106155987747042,0.0613038919947001,-0.00639940981471849
103.725,-0.586089836027017,-0.982333723699335,0.37186743706035,1.78590055911936,-1.57468101913532,0.0522784766822905,0.424011630711912,-0.0822843121243584,-0.0556027262204735,0.0120782701059351,0.0559544967353447,-0.00465737550331697
103.73,-0.572596366732039,-0.988989748698067,0.367013800325304,1.82173176406851,-1.63524047576847,0.0593484872517234,0.435931742426487,-0.0615976340298297,-0.0677439385367414,0.0357975544294037,0.0503501778048596,-0.00276048230671545
103.735,-0.556212280300341,-0.99043814971495,0.360271442537447,1.84747800260192,-1.69103741956861,0.0664509049806739,0.445512258320109,-0.0401038158120653,-0.0795863364111949,0.0603555947227138,0.044600184479471,-0.000755759493042925
103.74,-0.537980476134303,-0.986571079439518,0.3517100953501,1.85711388306775,-1.74167216568514,0.0735210661815061,0.455172877560136,-0.0182817959037014,-0.0909014647258456,0.0789434031079694,0.0387892972995724,0.00130969833447107
103.745,-0.517382923312894,-0.977325674382894,0.341422036996483,1.85610579211542,-1.78677372909498,0.0804940285919344,0.461698107297016,0.00341907041219296,-0.101469064850827,0.0979480025821813,0.0329806278642797,0.00338972738922254
103.75,-0.494750612698296,-0.962688272862565,0.329520800880133,1.84432147708468,-1.82600018346875,0.0873053649757408,0.464715360274632,0.024591374063575,-0.11108258676371,0.117080483829899,0.0272189797524297,0.00544002812652596
103.755,-0.471950181230226,-0.942698259684848,0.316139506488378,1.82078505578441,-1.85903939019577,0.0938919312006484,0.463230706115978,0.0448796734004213,-0.119554277169124,0.136671923379632,0.021534602961402,0.0074190157076505
103.76,-0.45138990185732,-0.917451387301578,0.301428826734969,1.78430645606781,-1.88561023663192,0.100192599733541,0.456058753076613,0.0639879476870611,-0.12671969223879,0.157254448812658,0.0159471681076458,0.00928857037536052
103.765,-0.429883558558791,-0.887102436817388,0.285554621891533,1.73736781854024,-1.90546447770187,0.106148949431372,0.444454698066274,0.0816843625173107,-0.132441507047523,0.17690430325408,0.0104697861674589,0.0110146739866726
103.77,-0.407777893948292,-0.851867094780204,0.268695284862563,1.6803281064161,-1.91838922440919,0.111705902792379,0.428208144211574,0.0978033306962085,-0.136612521176192,0.195229697920307,0.00511290443939318,0.0125679224819794
103.775,-0.38588188429341,-0.812022932418809,0.251038854700744,1.61320940818104,-1.92421006921623,0.116812302608257,0.407153850225102,0.112244950573772,-0.139157789855628,0.212384906007027,-0.000112080747744552,0.0139239076640261
103.78,-0.364488131020548,-0.767909383240605,0.232779964350601,1.53661036760042,-1.92279478432405,0.121421421284631,0.381217742581816,0.124971993467681,-0.140035840986216,0.228002533459536,-0.00518963978985577,0.0150634652237643
103.785,-0.343304515946865,-0.719926623956968,0.214116694421218,1.45175552679884,-1.91405747722582,0.125491397947641,0.350425771147764,0.13600468996758,-0.139238969010059,0.24113767242959,-0.0100974811176519,0.015972789401024
103.79,-0.32249119892753,-0.668533274454421,0.195247407390831,1.35950529421922,-1.89796304099393,0.128985600720246,0.314869517665925,0.145413629548942,-0.136792625709179,0.251445161842981,-0.0148045838039432,0.0166434179355417
103.795,-0.301470017667818,-0.614242847047803,0.176367636299315,1.26101951424661,-1.87453169684845,0.13187291406094,0.274968364010787,0.153311137710232,-0.132753954534669,0.259449130527019,-0.019269973262945,0.0170720939891776
103.8,-0.280691097865622,-0.557618895355234,0.157667099044193,1.15724413994679,-1.84384339562508,0.134127953598673,0.230844181668092,0.15984152912909,-0.127209538262032,0.264368577022581,-0.0234422959368781,0.0172605144557111
103.805,-0.260370750387372,-0.499268840028732,0.139326904230013,1.04925306703642,-1.8060418244595,0.135731213247116,0.18276888386337,0.165170654078604,-0.120272449099644,0.265686368341566,-0.0272602216568535,0.0172149764837951
103.81,-0.240411747857566,-0.439836482610352,0.121517007463557,0.938256621410146,-1.76133775657239,0.136669151327759,0.131191702109155,0.169475159066049,-0.112078705585339,0.263259901808016,-0.0306536744848144,0.0169459360943663
103.815,-0.220154081842989,-0.379993259368565,0.10439396832537,0.827561608219371,-1.71001148624854,0.136934223795835,0.076844875101506,0.172931872319898,-0.102783251655256,0.25763760829508,-0.0335458649184745,0.0164674944568265
103.82,-0.199882411960881,-0.320428332620189,0.0880990482387199,0.716508613838972,-1.65241410819342,0.136524873314574,0.020145683271647,0.175707701676873,-0.0925555803161654,0.248233456253471,-0.0358560689889694,0.0157968286854601
103.825,-0.179401519126231,-0.261837665559506,0.0727566783604734,0.60624275085605,-1.588967430082,0.13544548278727,-0.0382475651858956,0.177950398184837,-0.0815751277007631,0.235084871872451,-0.0375030736089818,0.0149535849199163
103.83,-0.158176473901366,-0.204912275333806,0.0584733147347506,0.498356278145105,-1.52016234834834,0.13370630102021,-0.097763794084067,0.179780495077167,-0.0700265633335706,0.218089033502714,-0.0384091831361581,0.0139592519548603
103.835,-0.135206875191411,-0.150325905178462,0.0453366856459403,0.394945686877377,-1.44655556856262,0.13132334650213,-0.158034933424075,0.181284680508078,-0.058095099626278,0.196815979492474,-0.038504660092263,0.0128365337792243
103.84,-0.111304466595792,-0.0987223971023407,0.0334154238257807,0.295856971146659,-1.36876461102145,0.128318292956951,-0.217740043282874,0.182510805398449,-0.0459619383972883,0.172470363139377,-0.0377324539010191,0.0116087390707191
103.845,-0.0862622911666678,-0.0507030794656477,0.0227590644177573,0.202098604978447,-1.287461106882,0.124718337519269,-0.276098291582779,0.183464666723597,-0.0337999649717922,0.145414407773002,-0.0360530559391714,0.0102992049630518
103.85,-0.0605199711840729,-0.0068145068692065,0.0133983789245119,0.116547555765911,-1.20336245739982,0.120556049304678,-0.331538562429845,0.184108643304756,-0.0217697914984181,0.116162408480981,-0.0334493076741528,0.00893077125975276
103.855,-0.0337612762843597,0.0324630983083806,0.00534600629462974,0.0392904834496171,-1.11722199548803,0.115869193041018,-0.383605172687112,0.184362197284751,-0.0100162407643016,0.0851544685331074,-0.0299309816899785,0.00752531971077682
103.86,-0.00552967415817436,0.0667263534550615,-0.00140266468175813,-0.0304004934154598,-1.02981785178541,0.110700519553809,-0.432169774933783,0.184104191525853,0.00133464983701932,0.052839681736129,-0.0255389534312565,0.00610339100226572
103.865,0.0241591356482478,0.0956578354599315,-0.0068684120394127,-0.0920884609453947,-0.941940783756337,0.105097512527732,-0.47664282716843,0.183176912631935,0.0121780373479261,0.0197581956475048,-0.0203487849028713,0.00468388974985808
103.87,0.0547670458837126,0.119033500384161,-0.0110869486166213,-0.145908270947766,-0.854381273445421,0.0991120793567005,-0.517600558733391,0.18139163256634,0.0224320424427516,-0.0145341266320714,-0.0144735506353831,0.00328388505592101
103.875,0.0855443751500321,0.136728127373926,-0.0141075927738683,-0.192288217605074,-0.767916235270297,0.0928001732856766,-0.556063749137587,0.178535490256377,0.0320388410634366,-0.0507880549142955,-0.00806575112925081,0.00191851112846741
103.88,0.117306589586911,0.148718559051838,-0.0159918898936338,-0.230353424632839,-0.683295698161598,0.0862213346360843,-0.589303380904171,0.174379429448905,0.0409650570737943,-0.0861360434969704,-0.00131817974358276,0.000600969117356924
103.885,0.149765983375645,0.155084569150009,-0.0168122270508288,-0.26032078414622,-0.60122983561157,0.0794381408310162,-0.617198012399454,0.168686891678217,0.0492014518949055,-0.120043444041902,0.00553636455816409,-0.00065737222782733
103.89,0.179039546082025,0.156007256180608,-0.0166504757580945,-0.278449598555213,-0.522376712588284,0.0725155582498811,-0.640586298920551,0.16122293475597,0.056761925412286,-0.155179756812924,0.0122265944082323,-0.00184678314514631
103.895,0.205915353733168,0.151764937924377,-0.0155966888939006,-0.286580790190012,-0.447331100224069,0.0655201935896107,-0.659361739216914,0.15176342886257,0.0636818614554408,-0.190036164721786,0.0184455204394984,-0.0029588964440509
103.9,0.232362588298031,0.142726603270075,-0.0137478683863372,-0.288063639129295,-0.376614678613157,0.0585194482066604,-0.673279461126388,0.140103975183577,0.0700158704410438,-0.222071939945002,0.0238545056728545,-0.00398636140969702
103.905,0.25796455960592,0.129343062527908,-0.011206810535238,-0.283587419268972,-0.310667906274189,0.0515805855367152,-0.682773579938958,0.126068197017414,0.075835000793568,-0.250927418161502,0.0280885433167627,-0.00492244467571793
103.91,0.284135140872431,0.11213602108051,-0.00808102657291482,-0.27359340375631,-0.249843783472226,0.0447697286792663,-0.685332725182718,0.109515071086115,0.08122350882127,-0.270736677662754,0.0307626685171351,-0.00576059763928713
103.915,0.309420235200856,0.0916853798255069,-0.00448172770739397,-0.259064292415328,-0.194403677507382,0.0381508120267958,-0.68338670813697,0.0903449978093729,0.0862752930202714,-0.284490143937899,0.0314793697204098,-0.0064940123669313
103.92,0.332690593992502,0.0686151346928306,-0.00052285691536388,-0.240952470688892,-0.14451531330382,0.0317845167889877,-0.678952774837715,0.0685043535562564,0.0910901124111698,-0.29434876124878,0.0298368222224379,-0.00711518960989793
103.925,0.353633266748167,0.0435783021038317,0.0036798554709514,-0.220077778142304,-0.100252964374754,0.0257272247942059,-0.672790356383927,0.0439883248743298,0.0957697185552128,-0.300179006079477,0.0254377271013668,-0.00761554336777181
103.93,0.372170419577505,0.0172413337274422,0.00800983852636703,-0.197175802284537,-0.0615998098387897,0.0200300275095094,-0.662633315324195,0.0168418933227346,0.100414036455375,-0.299943068297622,0.0178985051003175,-0.00798506627522523
103.935,0.38792970023628,-0.00973150044421309,0.0123506569598243,-0.173064533334014,-0.028452355073666,0.0147378274296153,-0.652368238512045,-0.0128410819743509,0.105117529828132,-0.295606549413972,0.00685856916863404,-0.00821207882457524
103.94,0.400791076344162,-0.0366932880336132,0.0165870426017803,-0.14844099636869,-0.000626749329281166,0.00988856668512708,-0.642750125778097,-0.0449206511332918,0.109965880617872,-0.287187822863987,-0.00801061678199308,-0.00828308298465001
103.945,0.411096010461707,-0.0630287643582359,0.0206060033664086,-0.124432045900994,0.0221332243068399,0.00551261301022132,-0.634677097573866,-0.0792153070211445,0.115033100754188,-0.27484252550666,-0.0269969901079615,-0.00818273706903233
103.95,0.422737422603564,-0.0881673185880411,0.0242980261877129,-0.106596911204768,0.0401467603646429,0.00163232645951989,-0.630866540341042,-0.115508053416179,0.120379175985696,-0.25971466921389,-0.0503401419225976,-0.00789396370718037
103.955,0.431571026839336,-0.111594379678931,0.0275583828029131,-0.0898695247449442,0.0537855558356561,-0.00173817792214084,-0.629440583804581,-0.153553711844209,0.126048317522994,-0.240703236401436,-0.0782246377839656,-0.00739819647964824
103.96,0.43776798061256,-0.132860917455436,0.0302885380438926,-0.0746065352449141,0.063462585838603,-0.0045930651514407,-0.630722789324066,-0.193087098593795,0.132067868020913,-0.217894744319121,-0.110774639845275,-0.00667576326163329
103.965,0.439134332359794,-0.151590870617197,0.0323976499285272,-0.0561324885972955,0.0696204792300443,-0.00693461557727088,-0.630683612597267,-0.233831648623555,0.138447875511122,-0.191460800763786,-0.148050016703689,-0.00570639578854285
103.97,0.435112384368768,-0.167486390017414,0.0338041398550917,-0.0329047660664494,0.0727198410572812,-0.00877287100267024,-0.627878257734729,-0.275508032023701,0.145181314248976,-0.161513460029843,-0.190044069814059,-0.0044698458644383
103.975,0.429286433977466,-0.180330858776572,0.0344373002207352,-0.0116405221587158,0.073227853355605,-0.010125109276559,-0.627805265937075,-0.317842305973338,0.152244897608175,-0.128015763322847,-0.2366829405618,-0.00294657972080644
103.98,0.422003987318693,-0.18998971818847,0.0342388964919187,0.00766910362005202,0.0716074587154364,-0.0110151705284721,-0.630161494731491,-0.360573172806337,0.159600398029429,-0.091043223611353,-0.287826693523865,-0.00111851427431389
103.985,0.416884577703952,-0.196409188413532,0.0331647118475142,0.0198685519146037,0.0683073943012057,-0.0114726622135642,-0.636562206659308,-0.403457971678878,0.167196365451404,-0.0401006313868777,-0.343272003008006,0.00103024652113742
103.99,0.412514382452324,-0.199613024837868,0.0311859756581237,0.0279629657837432,0.0637532999257626,-0.0115320725640494,-0.645330883690774,-0.446277112968949,0.174970120972009,0.0189696070203939,-0.402756305508595,0.00351271945368699
103.995,0.407755845182419,-0.199697494446925,0.0282906128423722,0.0345476410154202,0.0583400748395204,-0.0112318229973156,-0.654881615316737,-0.488836763885322,0.182849898139482,0.0812499826425585,-0.465963223745886,0.00633843685997408
104,0.402931426160677,-0.196824791719496,0.0244842500122933,0.039871644588749,0.0524256065296665,-0.0106132896680635,-0.664505038566373,-0.530969702331234,0.190757010507826,0.146611120992252,-0.532529021373159,0.00951296609946713
104.005,0.398233254514562,-0.191215140691892,0.0197909165822812,0.0396527121418888,0.0463259433411958,-0.00971982287261809,-0.672006985849453,-0.57253436521633,0.198607939915788,0.201343111398121,-0.602049813430864,0.0130375824881369
104.01,0.39397424465551,-0.183137849353138,0.0142533847739095,0.0377385655066824,0.0403119331820622,-0.00859579063996567,-0.677774411112175,-0.613412219449597,0.206316263265891,0.255777293988024,-0.674089237597958,0.0169091128516917
104.015,0.390360916131495,-0.172901594790517,0.00793310159725331,0.035447991550637,0.0346073046985709,-0.00728566980177127,-0.68141357145906,-0.653503672718766,0.21379436350255,0.3126649490289,-0.748186285826119,0.021119953627548
104.02,0.387440455122897,-0.160844222858,0.000909678111135933,0.0327703194369842,0.0293881264875328,-0.00583320433854986,-0.682755936045621,-0.692722812654644,0.220954899754196,0.372401298097328,-0.823863004833381,0.0256582539928474
104.025,0.385020107180187,-0.147322344903055,-0.00672008395629996,0.0289831622482601,0.0247835451590293,-0.00428064704789107,-0.682807983419233,-0.730991314573119,0.227712039024634,0.436908912348857,-0.900631796224651,0.0305082421986167
104.03,0.383428041846273,-0.132701006565569,-0.0148436314965163,0.0256695625867698,0.0208776750179264,-0.00266809674432437,-0.678997293554777,-0.768231888550586,0.23398247468089,0.50273559055063,-0.978002081087775,0.0356506633322447
104.035,0.382593621209359,-0.117343690184137,-0.0233345507873824,0.0230603509476985,0.0177124910813407,-0.0010329394215607,-0.670943563405121,-0.804361646099346,0.239686273354409,0.569378115137915,-1.0554861376522,0.041063289964373
104.04,0.382433289828384,-0.10160289329529,-0.0320548774476233,0.0211773267230259,0.0152915630594947,0.000590601800359979,-0.658315841692657,-0.839285756123304,0.244747600756165,0.636315964503411,-1.13260397149448,0.0467214640066227
104.045,0.382789702946181,-0.085811501565289,-0.0408577761892157,0.020046595447879,0.0135844604843042,0.00217180647290162,-0.640925017494315,-0.872891731073746,0.249095378268667,0.702963383463722,-1.20888713313644,0.0525986286428436
104.05,0.383328623698154,-0.0702751458399221,-0.049590525516161,0.0200694082741121,0.0125316578253599,0.00368368792854593,-0.618879618069911,-0.905044640205649,0.252663916832061,0.768583797503105,-1.28388145497757,0.0586668130639104
104.055,0.383756180066032,-0.0552657005461431,-0.05809772947889,0.0213021678876356,0.0120497724552754,0.0051031199519557,-0.592285670073645,-0.935583491402504,0.255393564047223,0.832477681139603,-1.35714873570534,0.0648970393238078
104.06,0.383567616881175,-0.0410160452588231,-0.0662246686210742,0.0246629508178391,0.0120369768529294,0.00641086557257928,-0.563534855523333,-0.964318960731023,0.257231386428518,0.891859624592247,-1.42826745321569,0.0712596291608098
104.065,0.382446447240051,-0.0277161737862885,-0.0738206958159506,0.0298856844478459,0.0123784385216689,0.00759151646909601,-0.532409695964921,-0.991032584513513,0.258131893332808,0.946503745998004,-1.49683263450803,0.0777243982410044
104.07,0.380146000445456,-0.0155106966355034,-0.0807425800471793,0.0362019088391203,0.0129516557788663,0.00863335303203329,-0.49769320386078,-1.01547746678707,0.258057794132494,0.997219677856662,-1.56245505117062,0.0842607351503369
104.075,0.37628228413373,-0.00449774424216266,-0.0868577023991416,0.0434830295681258,0.0136315738906664,0.00952813632349313,-0.459875567658822,-1.0373804992267,0.25698076724173,1.04328407863821,-1.624759940453,0.0908375718404893
104.08,0.371491543395993,0.00527075904971557,-0.0920470134328022,0.0528863247397882,0.0142953830896599,0.0102708440174461,-0.421024288963498,-1.05644604331485,0.254882209760582,1.08470949448924,-1.68338547338791,0.0974232605100742
104.085,0.365015561159055,0.0137875155758515,-0.0962076693986956,0.0636954618182255,0.0148269170286666,0.010859362917399,-0.381146625816583,-1.072360986581,0.25175393039295,1.12057142034193,-1.7379812021837,0.103985378619356
104.09,0.35589549703433,0.021087067078729,-0.0992552758844231,0.0748687959973649,0.0151205865208461,0.0112941508475495,-0.339938740320023,-1.08480105544986,0.247598746061223,1.149845532429,-1.7882067187404,0.110490488601591
104.095,0.343830466058916,0.0272419255172855,-0.101125680897765,0.0861515371999531,0.0150847984700269,0.0115778806154098,-0.298035193478982,-1.09343824474573,0.242430944012308,1.1720114211956,-1.83373074462145,0.116903881712373
104.1,0.327331340355851,0.0323577717076494,-0.101776274360219,0.0971843820319373,0.0146448233372366,0.0117150783643015,-0.256428324264667,-1.09794920557371,0.236276575605301,1.18480309931511,-1.87423085053102,0.123189336357452
104.105,0.306763801543189,0.0365678902687977,-0.10118676681123,0.107724114752723,0.0137450861118949,0.011711767988886,-0.215560266621261,-1.0980244163105,0.229173554621626,1.1887184661345,-1.90939397112762,0.129308920286993
104.11,0.282659979004527,0.0400270226735614,-0.0993594360956541,0.117530457668018,0.0123508655065422,0.0115751323925064,-0.175807307429657,-1.09337794331653,0.221171541004193,1.18451525088483,-1.93891784009368,0.135222863463479
104.115,0.254951987296534,0.0429048280123485,-0.0963188462743126,0.126318123485582,0.0104493940636674,0.0113132012398827,-0.137694068794967,-1.08375757706451,0.212331599606027,1.17207361069833,-1.96251342241525,0.14088952449333
104.12,0.223852656317303,0.0453791434394592,-0.092111057393827,0.134087205147923,0.00805035826910849,0.0109345735239865,-0.102846387982714,-1.06895510511707,0.202725632114595,1.15033519782882,-1.97990836776547,0.146265468592985
104.125,0.18947725292383,0.0476292334477776,-0.0868023576224967,0.140618814586569,0.00518580292789706,0.0104481817472702,-0.071838003227596,-1.04881645647597,0.192435588280173,1.11926159729407,-1.99085145293484,0.151305669488011
104.13,0.151748887307631,0.0498292095250627,-0.0804775602753002,0.145353283578392,0.00190944836954366,0.00986310284546732,-0.043646856398203,-1.02325142415853,0.181552469559839,1.08032336103398,-1.99511792475909,0.15596384175965
104.135,0.110909252712309,0.0521417899326077,-0.0732379172173053,0.148076821239794,-0.00170456705017452,0.00918841919325174,-0.0185072391198281,-0.992242647316989,0.17017514411278,1.03389519612468,-1.99251560036108,0.160192904267227
104.14,0.067051309233257,0.0547125539583348,-0.0651987069838525,0.148762488532785,-0.00556350274222015,0.00843313116721386,0.0017339442685393,-0.955853514350189,0.158408996714676,0.977670825744254,-1.98289153110433,0.163945569649476
104.145,0.020647431984395,0.0576648267314522,-0.0564865607374656,0.147209944645094,-0.00955836914575069,0.00760612085038349,0.0176120996988287,-0.914234638071673,0.14636444067363,0.913242557316153,-1.96613899269051,0.167175049745307
104.15,-0.0276946209983535,0.0610953102614693,-0.0472365920421281,0.143212628886732,-0.0135667923524123,0.00671616459580289,0.0302533574263603,-0.867628556727304,0.134155321363192,0.843140105126062,-1.94220452836565,0.169835862210741
104.155,-0.0774523780140596,0.0650705544765636,-0.0375893975936141,0.13670722692811,-0.0174563575384031,0.00577199037936565,0.0397643713768972,-0.816372333543673,0.121897242692349,0.768169914635531,-1.91109474700911,0.171884719714921
104.16,-0.127268226519782,0.0696243393265071,-0.027687995761254,0.126566137334244,-0.021088390822827,0.00478237422036785,0.0513871316524719,-0.760897764624609,0.109705848842436,0.694393236834423,-1.87288256441099,0.173281479889572
104.165,-0.177135464721399,0.074756016043656,-0.0176747683464514,0.113677735573224,-0.0243221298828527,0.00375626848706935,0.0614422435681149,-0.701728961261493,0.0976950940099721,0.618736303143671,-1.82771257532781,0.173990131657777
104.17,-0.226586763076963,0.080429832881985,-0.00768846860608093,0.0983640669859885,-0.0270192229588557,0.0027029536858592,0.0691009403134351,-0.639477147560222,0.0859755327473262,0.541026529004993,-1.77580525649333,0.173979791632187
104.175,-0.274934994870953,0.0865752484298724,0.00213864445541452,0.0805342988778667,-0.0290484839738905,0.00163220440257712,0.0748710061656039,-0.574832605764636,0.0746526627918336,0.462318780984249,-1.71745972665865,0.173225682899926
104.18,-0.32139469724667,0.0930882141606362,0.0116834890915142,0.0594452938561162,-0.0302908187166715,0.000554459461553309,0.079817983402751,-0.508553806475844,0.0638253509939966,0.383816171740797,-1.65305482836963,0.171710067665708
104.185,-0.365487636200677,0.0998333873924367,0.0208346086881127,0.036417984401978,-0.0306442238827603,-0.000519013879443792,0.0834945065813245,-0.441453874662291,0.0535843710666604,0.306276624872746,-1.58304834639837,0.169423104896871
104.19,-0.406609878200312,0.106647216346919,0.0294943365020358,0.0116949403869897,-0.030028747850784,-0.00157597175484829,0.0863008406646621,-0.374384659545988,0.0440110793645306,0.230653033673792,-1.50797423779853,0.166363604327489
104.195,-0.443686278249005,0.113341820546983,0.0375806341533358,-0.0146520104102684,-0.0283912901136056,-0.00260307109168316,0.0878698603523313,-0.308218791152701,0.0351762517840709,0.157846700436425,-1.42843781621172,0.162539648988544
104.2,-0.476093180545665,0.119709572387737,0.0450285662353873,-0.0423704484042636,-0.0257101060936141,-0.00358578126863044,0.0883668438707823,-0.24383021228614,0.0271391012064861,0.0886741677013498,-1.34510890565765,0.15796905991599
104.205,-0.504088062851498,0.125528269383395,0.0517913796036874,-0.070868399067928,-0.0219988764983872,-0.00450833750248049,0.0890774477136545,-0.182073765788147,0.0199464907944933,0.0238457496942059,-1.25871305363869,0.152679678938279
104.21,-0.527365143019012,0.130566771428323,0.0578411629746643,-0.0997942107222035,-0.0173101962759748,-0.00535374190666722,0.090285305827479,-0.123764487499541,0.0136323540402168,-0.0360279324495763,-1.1700209668701,0.146709448543835
104.215,-0.54558478125586,0.134590963596246,0.0631690705377588,-0.128317813239654,-0.0117383384275764,-0.00610381638279691,0.0891516118177009,-0.069657300469454,0.0082173279196623,-0.0898242899779045,-1.07983640220064,0.140106271840198
104.22,-0.558751416045425,0.137369892838243,0.0677851024312879,-0.156331105977405,-0.00542115316247253,-0.00673930952286888,0.0876240333125097,-0.0204278219339438,0.00370860102665772,-0.137545297349071,-0.988982807359934,0.132927640566833
104.225,-0.566971646639675,0.138681916859428,0.0717174451449751,-0.183648387812946,0.00145902626767014,-0.00724005758760265,0.0871038362108791,0.0233450209334715,9.99743217346086e-05,-0.179225422053628,-0.898289058411903,0.125240024991555
104.23,-0.570419642085089,0.13832069601969,0.0750113860713331,-0.20988809178034,0.00867558282981055,-0.00758519746337652,0.0876388307881813,0.0611939182070023,-0.00262787169427329,-0.214765059044907,-0.80857468099573,0.117118026228644
104.235,-0.568475640600543,0.136100854996393,0.0777278282917253,-0.233421269017663,0.0159590087386775,-0.00775342737127267,0.0894024489950288,0.0927750778699704,-0.00450691285467323,-0.240433252703319,-0.720634968920023,0.108643298926889
104.24,-0.562314592086357,0.131863140931908,0.0799414438782619,-0.254899938189862,0.0229995517087065,-0.0077233090949491,0.0921768824546257,0.117876637567005,-0.00558113237782152,-0.25945895530123,-0.635226425360294,0.0999032601878987
104.245,-0.552637632295505,0.12547890966818,0.0817385160232688,-0.274189435822922,0.0294511389566012,-0.00747360369916374,0.0958146196493706,0.136423255755567,-0.00590570122354274,-0.272791737996382,-0.553052948329851,0.09098960872778
104.25,-0.540049878906902,0.116853782217827,0.0832145315728149,-0.290909926470188,0.0349365635896747,-0.00698363121586312,0.10016851367937,0.14847669871122,-0.00554600325897113,-0.28072661624649,-0.474753163387724,0.0819966863681609
104.255,-0.524387506236101,0.105930330504814,0.0844715953654993,-0.303814349015314,0.0390538742472772,-0.0062336436630296,0.105177924037566,0.154232398042789,-0.00457652156906261,-0.281415106242245,-0.400889273414771,0.0730197215595551
104.26,-0.507325359087073,0.0926896751043911,0.0856157454575362,-0.313507908852329,0.0413838626557119,-0.0052052001072309,0.110525913917222,0.154012113440208,-0.00307960265946848,-0.277747755647325,-0.331937748938196,0.0641530013785232
104.265,-0.489669623386757,0.0771519084170277,0.0867542531656048,-0.319671950698283,0.0414984968727937,-0.00388153234432908,0.116012148978672,0.148252988852876,-0.00114411544463166,-0.270294919676278,-0.268282124569279,0.0554880238470974
104.27,-0.472125741488408,0.059375294251302,0.0879929932720654,-0.321679204617036,0.0389701024843158,-0.00224789019410065,0.121752679554268,0.137493429043771,0.00113597804782763,-0.259279915671083,-0.210208099682116,0.0471116860440799
104.275,-0.455419568129176,0.0394542385466062,0.0894339672397259,-0.319027902423268,0.0333810521435295,-0.000291856395437413,0.127765671163672,0.122356340264251,0.0036631232438974,-0.245079414400473,-0.157901066881064,0.0391045648980859
104.28,-0.440477958155306,0.0175160748102719,0.0911730555929185,-0.311943741362317,0.0243336880287048,0.00199637737673524,0.133396743361629,0.103530367882678,0.00633772760033117,-0.228927979615265,-0.111446112742923,0.0315393464467579
104.285,-0.42797358192727,-0.00628323990194159,0.0932980646975975,-0.300138809223284,0.0114601744763995,0.00462377984948675,0.138528574780868,0.0817498212962256,0.00905975143189015,-0.211418298120097,-0.0708304546614347,0.0244794555339131
104.29,-0.420233866328035,-0.0317643692128413,0.0958871182601662,-0.284208156030055,-0.00556803842989498,0.00759429899115228,0.145168342913269,0.0577740006201579,0.0117303164391136,-0.1964302186323,-0.0359481983973951,0.0179779314036382
104.295,-0.41721241463707,-0.0587305808284332,0.0990074255272418,-0.263627053282087,-0.0270314630945652,0.0109087320591391,0.152688947182434,0.0323666309477595,0.0142533123161604,-0.183531419058772,-0.00660722623017708,0.012076585661555
104.3,-0.41796443713865,-0.0869742212826294,0.102714437314293,-0.237499353827322,-0.0531548462498278,0.0145646463311002,0.15960441816059,0.0062760709521741,0.0165369805156124,-0.17079368616957,0.0174620415566681,0.00680546805666856
104.305,-0.422650220799162,-0.116283396130444,0.107051378873192,-0.205568753723876,-0.0841007496480766,0.018556348375679,0.165964338255788,-0.0197831024121464,0.0184954527955657,-0.158601468637593,0.0365963258861707,0.0021826531463242
104.31,-0.425702898628209,-0.146448544416616,0.112049126778105,-0.166477872043328,-0.119964682697472,0.022874899143315,0.167983341120813,-0.0451466167186975,0.0200502206824457,-0.139076736507801,0.0511879666692752,-0.00178565205234034
104.315,-0.43091637002679,-0.177268587531058,0.117726377190045,-0.12080315427175,-0.160771973415245,0.0275081729016192,0.168529258457909,-0.0692147174294314,0.0211315105850066,-0.118263775352608,0.0616725860123456,-0.00510469198888704
104.32,-0.439606139884138,-0.208556343231272,0.124090036770062,-0.0686861369924123,-0.206476495171893,0.0324409600158209,0.168877266911545,-0.091463762103903,0.021679538156063,-0.0987081186672402,0.0685163367218866,-0.00779046223315154
104.325,-0.451316499710771,-0.240142926690239,0.131135756687769,-0.0099200674665499,-0.256961289254565,0.0376551162451741,0.169236607893736,-0.111454995222523,0.0216456148160062,-0.0805400040621212,0.072203132921187,-0.00986875888065194
104.33,-0.463897914450425,-0.271880910647827,0.138848525843543,0.0640116770704505,-0.312041041882183,0.0431297637420042,0.175411031753774,-0.128840410360006,0.0209930793450463,-0.0693162739326141,0.0732222413325905,-0.0113740194835997
104.335,-0.478295342543114,-0.303646082617571,0.147203242378943,0.144636937107545,-0.37146629400329,0.0488415504138277,0.181904924891139,-0.143365707165765,0.0196980283384434,-0.0594118729734733,0.0720565799840593,-0.0123480026881259
104.34,-0.493785808136736,-0.335337713525808,0.156165192994869,0.231899505331286,-0.434929187968281,0.0547649740593088,0.188885412861322,-0.154870442214387,0.0177498212935507,-0.050726412137072,0.069172028019515,-0.0128383567796757
104.345,-0.512557224282598,-0.36687733328931,0.165690387023751,0.322303179970537,-0.502070491428087,0.0608727753798747,0.196263017161247,-0.163285553203216,0.0151513393002313,-0.0447705353275185,0.0650079985397758,-0.0128971280687373
104.35,-0.536742750795562,-0.398206088935392,0.175725715351455,0.412305234097434,-0.572487589141634,0.0671363996565279,0.203927140140979,-0.168628503797232,0.0119189808045698,-0.0429910566554008,0.0599694687531672,-0.0125792586872916
104.355,-0.559737065172408,-0.429280834950178,0.186208931217104,0.508207856358429,-0.645743100261042,0.073526520989526,0.21244674670713,-0.17099635083413,0.008082383687797,-0.0418816952695348,0.0544206009537203,-0.0119411201862939
104.36,-0.580834842229536,-0.46006916969729,0.197068478187322,0.609550068158939,-0.721373763411986,0.0800136162355067,0.221879472724307,-0.170557076269204,0.00368386982803986,-0.0412096839417681,0.0486800266195373,-0.0110391246473673
104.365,-0.595925893496439,-0.49054368317939,0.208223217504435,0.715960388551674,-0.798899234632801,0.0865685690084714,0.232371991981511,-0.167539553229306,-0.00122238382659696,-0.0404548971681101,0.0430178066444244,-0.00992844919299457
104.37,-0.604217880074013,-0.520675718272957,0.219582129890625,0.82676416391545,-0.877830463052132,0.0931632782177241,0.243909976365376,-0.162222529268653,-0.00657143515808938,-0.0393569738653123,0.0376540254747704,-0.00866190314848577
104.375,-0.608983584446481,-0.550428968771681,0.231044083448601,0.940944078604971,-0.957677344258331,0.0997712413576815,0.256290846595129,-0.154923011086432,-0.0122889065067899,-0.0379824985720831,0.0327589274448329,-0.00728896001403
104.38,-0.609888777091107,-0.579753242700284,0.242497767844383,1.05759706562141,-1.03795539916937,0.106368080681821,0.269409749636246,-0.145984424554836,-0.0182925242468577,-0.0361159345426193,0.0284544612155683,-0.00585496916071845
104.385,-0.606773685244697,-0.608578708645765,0.253821894591505,1.17598864904721,-1.11819128394772,0.112931980752426,0.282380372002523,-0.135764903131672,-0.0244938306438178,-0.0351497549874061,0.0248170638513336,-0.00440055505242716
104.39,-0.599641291165679,-0.636810917287008,0.264885753943027,1.29552032714162,-1.19792700100816,0.119444008647508,0.293664829202424,-0.124626028011475,-0.0308000235491621,-0.0378216288774706,0.0218814902492891,-0.00296120505898957
104.395,-0.588348829367254,-0.664326851705468,0.275550201427486,1.4142965580622,-1.27672274929203,0.125888293074909,0.305167729026837,-0.112922306279591,-0.03711587422284,-0.0395088777524599,0.0196454765333229,-0.00156704076585933
104.4,-0.573017945664727,-0.690972211056245,0.285669122919791,1.53111402982398,-1.35415842067209,0.132252045366218,0.316664207726885,-0.100991630563202,-0.0433456701695814,-0.0401118897207065,0.018075017468441,-0.000242762258270544
104.405,-0.557611083282539,-0.716560076034394,0.295091398297285,1.64357576316642,-1.42983381572221,0.138525413277125,0.328366801031434,-0.0891469169709308,-0.0493951285779706,-0.0380076365322496,0.0171100374816193,0.000992249722948409
104.41,-0.542049620681558,-0.740871044880883,0.303663352441094,1.75054212313341,-1.50336771346625,0.144701167153176,0.339979992608505,-0.0776690692328097,-0.0551732268973578,-0.0333270616227093,0.0166702417858964,0.00212369251963723
104.415,-0.523352661325458,-0.763654868977685,0.311231650888527,1.85179375008915,-1.57439598369559,0.150774226797211,0.350846688902266,-0.0668013675963207,-0.0605939002877209,-0.0274739904888209,0.0166609474970761,0.00314198266650795
104.42,-0.501955681893999,-0.784633560492997,0.317646567947691,1.94609261639984,-1.64256897490362,0.156741045812062,0.360719330145637,-0.0567453327907633,-0.065577561014962,-0.0204886902630544,0.0169787134651174,0.00404180261494555
104.425,-0.478247642648296,-0.803505893443451,0.322765529362142,2.0327965645393,-1.70754844407301,0.162598877865195,0.37061690793731,-0.0476580696662406,-0.0700524021011313,-0.0105938583826776,0.0175166106810209,0.00482157716080903
104.43,-0.452792140189763,-0.81995317545232,0.326456811067557,2.11041679535608,-1.76900431514895,0.168344955870938,0.379529154972316,-0.0396510531641104,-0.0739554563307822,0.00095098150455352,0.0181690013872249,0.00548290365977376
104.435,-0.426144586547596,-0.833646131039522,0.328603261178847,2.17768206941585,-1.82661156022309,0.173975620215383,0.386781087425935,-0.032790282067431,-0.0772333916295029,0.0133255658209389,0.0188357232399572,0.00602995933178565
104.44,-0.398827710026984,-0.844252708385101,0.329105904620162,2.23362472319072,-1.88004749098516,0.179485435631013,0.392189214923211,-0.0270976942454401,-0.0798430343761582,0.0263772865979286,0.0194256039139771,0.00646890749565108
104.445,-0.374710536067312,-0.851446599562556,0.327887288910966,2.2733380223829,-1.92898972820617,0.184866338006739,0.395483265527533,-0.0225537113198015,-0.0817516228618888,0.0401378761024897,0.0198592603509291,0.00680732254337614
104.45,-0.352911546292534,-0.854916248396487,0.324894435369911,2.29774759400747,-1.97311508480728,0.190106852217313,0.396572979494966,-0.0191007610622701,-0.0829368033399131,0.0543333735471872,0.0200711644872398,0.00705365097597538
104.455,-0.331893888618518,-0.854374109500692,0.320101271943203,2.30867213732091,-2.01209955487351,0.195191419980644,0.395413355971554,-0.0166476123633949,-0.0833863904215102,0.0686382466326012,0.0200109829412328,0.00721672299505582
104.46,-0.312066642771591,-0.849565915985755,0.313510441327504,2.30568635141356,-2.04561954866095,0.200099872896333,0.391918250025044,-0.0150743500527107,-0.0830979215206831,0.0828383244246101,0.0196442211224044,0.00730532609346902
104.465,-0.290559308358595,-0.840279711302924,0.305154400167718,2.28882517760429,-2.07335445442287,0.204807080363368,0.388591378077812,-0.0142378147790586,-0.0820780412660683,0.0985778218161196,0.0189522220331963,0.00732784892549066
104.47,-0.270514500613177,-0.826354402458341,0.295095750829763,2.25775460034297,-2.09499054416814,0.209282795279467,0.383125106448474,-0.0139773360012795,-0.0803417560129557,0.113986682371319,0.0179315863062226,0.00729200056738572
104.475,-0.252538694945477,-0.807687597321968,0.283426775404861,2.21254720166321,-2.11022617480539,0.213491712618201,0.375196553846819,-0.0141205932094119,-0.077911600638771,0.128623361832576,0.0165930925520204,0.00720460719911344
104.48,-0.236309702605824,-0.784242498032977,0.270268170927075,2.15319999471319,-2.11877817108234,0.217393747544988,0.364679134717796,-0.0144894510390182,-0.074816759645293,0.142039943888643,0.0149602058230526,0.00707148533322065
104.485,-0.220868868743316,-0.756053635708008,0.255767013971171,2.07954712932103,-2.12038921481863,0.220944531082968,0.351319725479905,-0.0149056271707235,-0.0710921822891412,0.153528085359103,0.0130672670003327,0.00689738806204477
104.49,-0.207734296522293,-0.723231248968358,0.240094010557387,1.99321677530203,-2.1148360085548,0.22409611289554,0.335530182015652,-0.0151960670466273,-0.0667777271978624,0.163612090077268,0.0109574573678745,0.00668601845130284
104.495,-0.196828894151413,-0.685964130404614,0.223440112427882,1.89506621513911,-2.10193793314079,0.226797852915821,0.317349783200794,-0.0151979157523084,-0.0619173659809356,0.172104948121465,0.00868063084432867,0.00644010222636962
104.5,-0.187401529156747,-0.644520791167602,0.206012602233573,1.78584984063792,-2.08156587998411,0.228997476681385,0.295639404696321,-0.0147629942497661,-0.0565584680760123,0.178136418275314,0.00629110165747908,0.00616151031360118
104.505,-0.179238414725563,-0.599248824545311,0.188030767140902,1.66676536327908,-2.05365091141376,0.230642263614174,0.270492598634956,-0.0137617039441676,-0.0507511809085446,0.181572917530025,0.00384546810238057,0.00585142063678038
104.51,-0.172626570637159,-0.550572384706995,0.169721292237269,1.53942010589121,-2.01819238829137,0.231680333322036,0.243150720254756,-0.0120862998837842,-0.0445479108586097,0.182969953158382,0.00140054388464988,0.00551050783960886
104.515,-0.167210442643144,-0.498987736685339,0.151313511542986,1.40527204352483,-1.97526520360123,0.232061992391858,0.213707510151012,-0.00965348841282819,-0.0380029020127409,0.182225083380428,-0.000988542095211782,0.00513914930873111
104.52,-0.163502242527712,-0.445056877856113,0.133034655355225,1.27096103183558,-1.92502577477934,0.231741103092959,0.182382074010236,-0.0064063196347825,-0.0311719017165581,0.179216808474367,-0.00327002832095369,0.00473763599637692
104.525,-0.16065772631898,-0.389399279157091,0.115105228243624,1.13588469565503,-1.86771647595514,0.230676435812323,0.149255383663604,-0.00231535853636736,-0.0241118949925423,0.173920328417014,-0.00539694860345462,0.00430637706510819
104.53,-0.157699847869643,-0.332681845289392,0.0977346427194429,0.998870489062095,-1.80366823344764,0.228832968713922,0.114415708104626,0.00262086888284505,-0.0168808843509297,0.166347702655174,-0.00732828066577362,0.00384608826730412
104.535,-0.154159487791036,-0.275607246106085,0.0811172200577411,0.861606302940492,-1.73330106254315,0.226183100801655,0.0780345821006731,0.00837614649416085,-0.00953768773189946,0.156517275698673,-0.00902980259411878,0.00335795518784805
104.54,-0.149262703444617,-0.218900824983357,0.0654286527915132,0.716677166487365,-1.65712238895736,0.222707747978995,0.0360554488971874,0.0148975369737976,-0.00214172551446023,0.141019165164488,-0.0104746556231608,0.0028437639707902
104.545,-0.142766546158882,-0.163296342616461,0.050823003976808,0.571027086469009,-1.57572307208182,0.218397295536987,-0.00880808251695817,0.0221070192544141,0.00524723215301438,0.121967633623777,-0.011643621954843,0.00230599386321075
104.55,-0.134420433675347,-0.109520864622569,0.0374302974832394,0.42994761194166,-1.48977112631593,0.213252384480992,-0.0545518623726871,0.029903754557641,0.0125693839833556,0.100911499089612,-0.0125251352727371,0.00174786777976955
104.555,-0.123906819461051,-0.05827914666765,0.0253547323428257,0.294858152524629,-1.40000321833532,0.20728451298285,-0.100906745416034,0.0381669306162279,0.019765303918748,0.0779985387454433,-0.0131150491175119,0.00117335905254337
104.56,-0.115317691964937,-0.0102379095896041,0.0146735335873721,0.175334687688185,-1.30721409870916,0.20051643783969,-0.14456640911796,0.0467591230327364,0.0267764506793376,0.0551852496132275,-0.0134161942049025,0.000587154512736682
104.565,-0.10448277000174,0.033989572831419,0.00543643290228776,0.0647806835804857,-1.21224420249236,0.192982364034922,-0.188019700713443,0.055530101789411,0.0335457881014972,0.0310221010849769,-0.0134377600298271,-5.42401745556176e-06
104.57,-0.091052332820751,0.0738581311659755,-0.00233424446178095,-0.0364613203800874,-1.11596572208265,0.184727913322893,-0.231151214832351,0.0643209997743547,0.0400185149655757,0.00561067696652827,-0.0131945387031691,-0.000598535933395412
104.575,-0.0751233739252142,0.108904153173847,-0.0086429242368232,-0.126376312612893,-1.01926751387458,0.175809865282426,-0.273176776928565,0.0729687490117695,0.0461428935303385,-0.020744307315202,-0.0127060699616749,-0.00118597024392193
104.58,-0.0569278034391854,0.138757389557977,-0.0135196080030302,-0.202163935564491,-0.923039245681237,0.1662956666794,-0.312962604523293,0.0813106794143004,0.0518711564916141,-0.0476775081448485,-0.0119957257781762,-0.00176131926694455
104.585,-0.0366663820565287,0.163150692454906,-0.0170182352841626,-0.267102553266835,-0.828155222766011,0.156262707489607,-0.351406085750955,0.0891891647951368,0.0571604631473332,-0.0750840488365271,-0.0110897711258783,-0.00231816966456383
104.59,-0.0147297807678392,0.18192730557134,-0.0192146448844223,-0.321111586460311,-0.735458345566375,0.145797364849259,-0.38817823389164,0.0964561922029619,0.0619738677555024,-0.102690721770775,-0.0100164344020003,-0.00285030213014574
104.595,0.0102719672217155,0.195045381157536,-0.0202041999249569,-0.364714558108322,-0.645744651463023,0.134993819818275,-0.422489851629849,0.102977724101656,0.0662812569522642,-0.129022738859668,-0.00880501700823187,-0.00335189068756375
104.6,0.0383325495074592,0.202579472353735,-0.02009914125896,-0.398356665271111,-0.559748876606254,0.123952656420692,-0.453915788413369,0.108637719311053,0.0700602091198011,-0.153458231419117,-0.00748506685585363,-0.00381769260166001
104.605,0.0663938081012348,0.204718838872267,-0.0190257324483379,-0.422036622214294,-0.478131442823012,0.112779258142684,-0.482830853327774,0.113341678782665,0.073296727123754,-0.177308089038392,-0.00608563536228007,-0.00424322032909128
104.61,0.0937887675810121,0.201762507490156,-0.0171212568178978,-0.436426018671095,-0.40146723044581,0.101582023966641,-0.50903085750143,0.117019586997473,0.0759857971168038,-0.200339719796234,-0.00463463208672488,-0.00462488774414271
104.615,0.117565230900503,0.194111143305118,-0.0145309238077382,-0.439675049978411,-0.330236442336909,0.090470433974759,-0.532704070567483,0.119628129729234,0.0781317302242646,-0.222061625920693,-0.00315828576250362,-0.00496012402275706
104.62,0.137386963347629,0.182255908865118,-0.0114047384247198,-0.433106737853193,-0.264817799464887,0.0795530032478249,-0.55369819247507,0.121152084624805,0.0797482508280581,-0.242333873080624,-0.00168071535269184,-0.00524745001267921
104.625,0.154527227485882,0.166764610718867,-0.00789438448115096,-0.419979602166013,-0.205484236296094,0.0689351716916991,-0.571679875615116,0.121604802768954,0.080858304627321,-0.261243301371297,-0.000223610089490106,-0.00548651359742497
104.63,0.168388860300229,0.148265550310528,-0.00415016982908877,-0.401349064161997,-0.152401187231706,0.0587171858338811,-0.586666639878065,0.121027727061006,0.0814935713039445,-0.278670434028093,0.00119398657297159,-0.00567808240467448
104.635,0.178497439409802,0.127429601470752,-0.000318080134455905,-0.377558034314686,-0.105627475640062,0.0489920356792439,-0.598219441964846,0.11948892639377,0.0816936799475727,-0.294444105115459,0.00255579742692891,-0.00582399413528076
104.64,0.184448194443221,0.104951122836595,0.0034630131208807,-0.349327794919124,-0.0651187370373136,0.0398435144317885,-0.606223731598497,0.117080662435339,0.0815051397685258,-0.308472579713833,0.00384834714830875,-0.00592706671208622
104.645,0.185856252277852,0.0815283735499655,0.00706394501272301,-0.318799365357686,-0.0307332300608631,0.0313444703016647,-0.611629428399689,0.113916046982819,0.0809800133326038,-0.320867588145413,0.00506092537839525,-0.00599097228165614
104.65,0.182527823016351,0.0578441289975713,0.0103676047389178,-0.286966356354955,-0.00223981558898982,0.0235553169005784,-0.6146681050256,0.110124890675703,0.0801743738186616,-0.331645784094504,0.0061854901816964,-0.00602008076296021
104.655,0.174518294780625,0.0345471870631258,0.0132709939452997,-0.254424809265061,0.0206721815898637,0.0165228614701926,-0.615457444754049,0.105848886243368,0.0791466008408069,-0.340841588605072,0.00721652466128415,-0.0060192800473195
104.66,0.162271651688907,0.0122354146705479,0.0156869532602445,-0.220972910702175,0.0383815698818893,0.0102794986258747,-0.613813994979052,0.10123630904266,0.0779555804251917,-0.34848887453532,0.0081508586626964,-0.00599378104560875
104.665,0.145495349382327,-0.00855908696139888,0.0175455178523987,-0.188694118750816,0.0513227308287202,0.00484280235505117,-0.610683441394688,0.0964364518680733,0.0766588830773359,-0.354735690624574,0.00898746609183155,-0.00594891649638172
104.67,0.124512281912942,-0.0273822159166448,0.0187948678357221,-0.158200848979429,0.0599723135080062,0.000215532040425211,-0.606385361211878,0.0915940373043749,0.0753109989028322,-0.359695733984161,0.00972724658253704,-0.00588994275190611
104.675,0.0992802542895156,-0.0438671333846997,0.0194018460228926,-0.126507270679798,0.0648356061985405,-0.00361394929743127,-0.599564217294805,0.0868438667777672,0.0739617099590195,-0.362651003804362,0.0103727982637578,-0.00582185362450795
104.68,0.0698077867903779,-0.0577403140684623,0.0193520238583841,-0.0901845610973781,0.0664330028308139,-0.00667086330299075,-0.588693941710041,0.0823059687749996,0.072654677075678,-0.362813012073258,0.010928186387074,-0.0057492147976031
104.685,0.03769953648538,-0.0688242699797319,0.0186493063100165,-0.0567748547246473,0.0652869609157792,-0.00899284530345049,-0.577541444551057,0.0780814977269673,0.0714263111207222,-0.362085925867044,0.011398710768978,-0.00567602629736153
104.69,0.00361529586038656,-0.0770369648064414,0.0173150779734138,-0.0264198261341598,0.0619098129692481,-0.0106284613930094,-0.566344742870648,0.0742496087040433,0.0703049871262923,-0.360604099212155,0.0117906735448951,-0.00560561911366013
104.695,-0.028354312297703,-0.0823880616318045,0.0153869054639025,-0.00750183779207756,0.0567927471629215,-0.0116354714612753,-0.556632420612087,0.0708654910275899,0.0693106440624193,-0.362497901689121,0.0121111477597839,-0.00554059030233429
104.7,-0.0590129498564124,-0.084972263181557,0.0129168250228195,0.00372061036458197,0.0503962176016742,-0.0120789036688816,NaN,NaN,NaN,NaN,NaN,NaN
104.705,-0.0895791387149357,-0.0849601069926138,0.00996925869018193,0.0120464153530806,0.043141982969302,-0.0120290105118151,NaN,NaN,NaN,NaN,NaN,NaN
104.71,-0.119412867347254,-0.0825866644134701,0.00661861678441091,0.0176867760567831,0.0354069070277216,-0.0115591783060969,NaN,NaN,NaN,NaN,NaN,NaN
104.715,-0.146716918214932,-0.0781386591825887,0.002946658043313,0.0157328687924264,0.0275185882155108,-0.0107438608054218,NaN,NaN,NaN,NaN,NaN,NaN
104.72,-0.172198618615899,-0.0719405661551724,-0.000960309211778684,0.0116347065180238,0.019752820792475,-0.00965660395456213,NaN,NaN,NaN,NaN,NaN,NaN
104.725,-0.195454733998036,-0.0643402719987684,-0.00501429199126449,0.00576358085556619,0.0123328287802364,-0.00836822276167717,NaN,NaN,NaN,NaN,NaN,NaN
104.73,-0.216423494113958,-0.0556948766672784,-0.00912844450486488,-0.00353903956116871,0.00543015821707677,-0.00694518327295143,NaN,NaN,NaN,NaN,NaN,NaN
104.735,-0.235327162038985,-0.0463571874595407,-0.0132197656575075,-0.0193761533398335,-0.000832935481882897,-0.00544823302088269,NaN,NaN,NaN,NaN,NaN,NaN
104.74,-0.251389058289925,-0.0366634077364566,-0.0172115632319064,-0.0359371307554602,-0.00637980878048824,-0.00393131248919329,NaN,NaN,NaN,NaN,NaN,NaN
104.745,-0.264610377543666,-0.0269224521613205,-0.0210355930799187,-0.0528977299981573,-0.0111746950267121,-0.00244076850887154,NaN,NaN,NaN,NaN,NaN,NaN
104.75,-0.275300308653024,-0.0174072328219114,-0.0246337937969244,-0.0684847946259915,-0.0152171700777191,-0.00101487849913471,NaN,NaN,NaN,NaN,NaN,NaN
104.755,-0.283578040047464,-0.00834815978732788,-0.0279595540764086,-0.082819162714208,-0.018536087196633,0.000316317474842171,NaN,NaN,NaN,NaN,NaN,NaN
104.76,-0.289525987135738,7.10097973215633e-05,-0.0309784705860328,-0.0967660475751589,-0.0211832516913779,0.00153089131388731,NaN,NaN,NaN,NaN,NaN,NaN
104.765,-0.293434713013241,0.00771495295406185,-0.0336685778084712,-0.110141676596656,-0.0232270978709168,0.00261463321897314,NaN,NaN,NaN,NaN,NaN,NaN
104.77,-0.295808562459024,0.0144962824870431,-0.0360200566167019,-0.120294128397447,-0.0247466137737879,0.00356042409236543,NaN,NaN,NaN,NaN,NaN,NaN
104.775,-0.296903008042071,0.0203729630025685,-0.0380344539685701,-0.128214412391799,-0.0258257334916015,0.00436741602663934,NaN,NaN,NaN,NaN,NaN,NaN
104.78,-0.296449317071231,0.0253439271337357,-0.0397234704603966,-0.13731736351942,-0.0265483836947044,0.00504006867045332,NaN,NaN,NaN,NaN,NaN,NaN
104.785,-0.295407748408392,0.0294432527487324,-0.0411073940181227,-0.14501170150684,-0.0269943313055099,0.0055870928914696,NaN,NaN,NaN,NaN,NaN,NaN
