time,insole_l_force_x,insole_l_force_y,insole_l_force_z,insole_l_cop_x,insole_l_cop_z,insole_r_force_x,insole_r_force_y,insole_r_force_z,insole_r_cop_x,insole_r_cop_z
41.27,NaN,NaN,NaN,NaN,NaN,0,0,0,0,0
41.275,NaN,NaN,NaN,NaN,NaN,0,0,0,0,0
41.28,NaN,NaN,NaN,NaN,NaN,0,0,0,0,0
41.285,NaN,NaN,NaN,NaN,NaN,0,0,0,0,0
41.29,NaN,NaN,NaN,NaN,NaN,0,0,0,0,0
41.295,NaN,NaN,NaN,NaN,NaN,0,0,0,0,0
41.3,NaN,NaN,NaN,NaN,NaN,0,0,0,0,0
41.305,NaN,NaN,NaN,NaN,NaN,0,0,0,0,0
41.31,NaN,NaN,NaN,NaN,NaN,0,0,0,0,0
41.315,NaN,NaN,NaN,NaN,NaN,0,0,0,0,0
41.32,NaN,NaN,NaN,NaN,NaN,0,0,0,0,0
41.325,NaN,NaN,NaN,NaN,NaN,0,0,0,0,0
41.33,NaN,NaN,NaN,NaN,NaN,0,0,0,0,0
41.335,NaN,NaN,NaN,NaN,NaN,0,0,0,0,0
41.34,NaN,NaN,NaN,NaN,NaN,0,0,0,0,0
41.345,NaN,NaN,NaN,NaN,NaN,0,0,0,0,0
41.35,NaN,NaN,NaN,NaN,NaN,0,0,0,0,0
41.355,NaN,NaN,NaN,NaN,NaN,0,0,0,0,0
41.36,NaN,NaN,NaN,NaN,NaN,0,0,0,0,0
41.365,NaN,NaN,NaN,NaN,NaN,0,0,0,0,0
41.37,NaN,NaN,NaN,NaN,NaN,0,0,0,0,0
41.375,NaN,NaN,NaN,NaN,NaN,0,0,0,0,0
41.38,NaN,NaN,NaN,NaN,NaN,0,0,0,0,0
41.385,NaN,NaN,NaN,NaN,NaN,0,0,0,0,0
41.39,NaN,NaN,NaN,NaN,NaN,0,0,0,0,0
41.395,NaN,NaN,NaN,NaN,NaN,0,0,0,0,0
41.4,NaN,NaN,NaN,NaN,NaN,0,0,0,0,0
41.405,NaN,NaN,NaN,NaN,NaN,0,0,0,0,0
41.41,NaN,NaN,NaN,NaN,NaN,0,0,0,0,0
41.415,NaN,NaN,NaN,NaN,NaN,0,0,0,0,0
41.42,NaN,NaN,NaN,NaN,NaN,-20.2892589552013,19.9657547686944,-1.48197555737698,0.327329908611144,0.058061335474993
41.425,NaN,NaN,NaN,NaN,NaN,-35.6227802024051,43.8180768059978,-0.346781983975273,0.279289582223042,0.0400276986800661
41.43,NaN,NaN,NaN,NaN,NaN,-51.8589791635855,73.6189610601224,2.43834656837122,0.258816081926945,0.0322095406602969
41.435,NaN,NaN,NaN,NaN,NaN,-66.988245800609,108.6622323202,7.41662915175393,0.245127837839724,0.0270364218319559
41.44,NaN,NaN,NaN,NaN,NaN,-79.4825327048157,147.843006719394,14.8351670445596,0.234055103698442,0.0229221599803138
41.445,NaN,NaN,NaN,NaN,NaN,-88.8069396167696,189.983623232195,24.5622282646268,0.22456944268392,0.0194063787096947
41.45,NaN,NaN,NaN,NaN,NaN,-95.5713438051938,234.140942659125,36.1230784155358,0.216476041939708,0.0163456394233004
41.455,NaN,NaN,NaN,NaN,NaN,-101.253531655607,279.791369414203,48.8468508788564,0.209772322309238,0.0136912707360279
41.46,NaN,NaN,NaN,NaN,NaN,-107.613493276199,326.854615179943,62.066356771147,0.204415870104905,0.0114169072171499
41.465,NaN,NaN,NaN,NaN,NaN,-116.051051811019,375.575021091244,75.287431195528,0.200244588482609,0.00948274683619044
41.47,NaN,NaN,NaN,NaN,NaN,-127.165180464646,426.3146794939,88.2612324180211,0.19698871879805,0.00783432131968453
41.475,NaN,NaN,NaN,NaN,NaN,-140.65430950182,479.319733011034,100.941883888813,0.194334067235774,0.00640806564002272
41.48,NaN,NaN,NaN,NaN,NaN,-155.531387927992,534.514090000363,113.364895353059,0.19200201456304,0.0051492521546983
41.485,NaN,NaN,NaN,NaN,NaN,-170.50886417725,591.354502918987,125.511119312729,0.189805534736335,0.00402164912349079
41.49,NaN,NaN,NaN,NaN,NaN,-184.38212302393,648.771253696492,137.215045285423,0.187664454424546,0.00300438809398162
41.495,NaN,NaN,NaN,NaN,NaN,-196.290496236475,705.209706242557,148.144629754047,0.185590475433577,0.00209544532417016
41.5,NaN,NaN,NaN,NaN,NaN,-205.81543997682,758.779016324961,157.845891687536,0.183646682533987,0.00129894156849808
41.505,NaN,NaN,NaN,NaN,NaN,-212.942171102501,807.488495970072,165.825817265509,0.181910710708202,0.000624888721993955
41.51,NaN,NaN,NaN,NaN,NaN,-217.942335678973,849.524345977421,171.644657147418,0.18044376627937,8.05190087227459e-05
41.515,NaN,NaN,NaN,NaN,NaN,-221.234064488593,883.505781881078,174.995139836516,0.179276754881689,-0.00033156075984131
41.52,NaN,NaN,NaN,NaN,NaN,-223.261354816383,908.669418835044,175.755424051971,0.178411199194596,-0.000611013380171777
41.525,NaN,NaN,NaN,NaN,NaN,-224.414124158255,924.964249815961,174.010991692383,0.177824773403857,-0.000760989841013249
41.53,0,0,0,0,0,-224.99373853996,933.053966610058,170.047278830715,0.177478796804345,-0.000790461109768437
41.535,0,0,0,0,0,-225.216940488071,934.232226692418,164.318561624533,0.177329102150393,-0.00071195339108332
41.54,0,0,0,0,0,-225.238384016581,930.252689128699,157.395453406838,0.177331119377812,-0.000545450735298658
41.545,0,0,0,0,0,-225.174768883873,923.086115222842,149.895796877594,0.17744792638814,-0.000315164415084723
41.55,0,0,0,0,0,-225.116817979837,914.633245547785,142.406364534588,0.177651757537552,-5.20054777028989e-05
41.555,0,0,0,0,0,-225.122209255386,906.442113076498,135.405593171313,0.177927093179879,0.000213043493234366
41.56,0,0,0,0,0,-225.196869781057,899.492575152371,129.202556968294,0.178266890347897,0.000452210206845827
41.565,0,0,0,0,0,-225.272854800728,894.107551656927,123.90490427128,0.178668106569483,0.000646727177803896
41.57,0,0,0,0,0,-225.198560339019,890.020485495036,119.425673749719,0.179125315746221,0.000792609063598348
41.575,0,0,0,0,0,-224.752576532814,886.579520760764,115.529480838076,0.179625621367513,0.000901507049815287
41.58,0,0,0,0,0,-223.685875608745,883.018214567477,111.90819104703,0.180142904603368,0.000990974583039872
41.585,0,0,0,0,0,-221.783997136046,878.700054471713,108.268848055411,0.180641721038661,0.00108257370463516
41.59,0,0,0,0,0,-218.925575900225,873.261797183416,104.41121419772,0.18108162366265,0.00119205677583523
41.595,0,0,0,0,0,-215.114523519272,866.632958057984,100.274859497953,0.181424960476425,0.0013236396151548
41.6,0,0,0,0,0,-210.471584548231,858.955704507939,95.9427032229188,0.181642833605668,0.00146951585237431
41.605,0,0,0,0,0,-205.185840051556,850.457529303181,91.601327590758,0.181717053661799,0.00161238903979388
41.61,0,0,0,0,0,-199.442188473318,841.325298691024,87.4713075307066,0.18163637597494,0.00172858415845578
41.615,0,0,0,0,0,-193.350469699586,831.618564261616,83.7304902859468,0.181395093953387,0.00180225192910832
41.62,0,0,0,0,0,-186.905685741204,821.245536635323,80.4557705171735,0.180983704016645,0.00182246047319801
41.625,0,0,0,0,0,-179.995157223711,810.002230968347,77.6014428211744,0.180388350270707,0.00179168396219698
41.63,0,0,0,0,0,-172.451437681167,797.661627705845,75.0207918377575,0.179589194770622,0.00172050308481353
41.635,0,0,0,0,0,-164.12878368336,784.082769924987,72.5211508897293,0.178564567234669,0.0016250848905921
41.64,0,0,0,0,0,-154.972692376291,769.304761396786,69.9321920977472,0.177296194075935,0.00152068396374627
41.645,0,0,0,0,0,-145.058362578385,753.596834842607,67.1644888962411,0.175774740550333,0.00141377975875123
41.65,0,0,0,0,0,-134.588154649641,737.445171099619,64.2403842849546,0.174009624024965,0.00130417660770021
41.655,0,0,0,0,0,-123.854113542196,721.473538664686,61.2888557464819,0.17203265395684,0.00118103378447554
41.66,0,0,0,0,0,-113.18221567816,706.313385813687,58.5077390197479,0.169902725327781,0.00102938156691845
41.665,0,0,0,0,0,-102.878411752659,692.457639241602,56.1068089612979,0.167703480214824,0.000834516674990127
41.67,0,0,0,0,0,-93.1908350903394,680.139133874166,54.2504279921524,0.165536139468383,0.000586541441214727
41.675,0,0,0,0,0,-84.2920373342772,669.269147998413,53.0169774582945,0.163506035034492,0.000284853040770194
41.68,0,0,0,0,0,-76.276532384497,659.453089844494,52.3848923051891,0.161706142130048,-6.35788679748117e-05
41.685,0,0,0,0,0,-69.1679669016596,650.078253474555,52.2449679793985,0.1602040343911,-0.000446451490660138
41.69,0,0,0,0,0,-62.9315004426717,640.448239025289,52.4313688709173,0.159034320616425,-0.000848857867813635
41.695,0,0,0,0,0,-57.4901584716989,629.928973727102,52.7601908792266,0.158201143867826,-0.00125570178208267
41.7,0,0,0,0,0,-52.7442875909521,618.069308593141,53.0652393700453,0.157682861421881,-0.00165649594715855
41.705,0,0,0,0,0,-48.5922958577078,604.671059484224,53.2237653954167,0.157445566910294,-0.00204140294335442
41.71,0,0,0,0,0,-44.9490874851719,589.798893435012,53.1686346055371,0.157449091335067,-0.00240705578653433
41.715,0,0,0,0,0,-41.7569344518333,573.731924916398,52.8872203657731,0.1576568215464,-0.00275206453147359
41.72,0,0,0,0,0,-38.9840086788835,556.874708368343,52.4109973241264,0.158037325256757,-0.00307948297872773
41.725,0,0,0,0,0,-36.608542726365,539.649883804158,51.8004196164166,0.15856821818208,-0.00339142058459529
41.73,0,0,0,0,0,-34.5931997114506,522.400591520418,51.1289808655867,0.159232894362374,-0.00369333996422849
41.735,0,0,0,0,0,-32.8616860762318,505.327297627088,50.468938848692,0.160021868127691,-0.00398823761114375
41.74,0,0,0,0,0,-31.2929523446071,488.469211428653,49.8794972074627,0.160930667971698,-0.00427901096127403
41.745,0,0,0,0,0,-29.7443890299521,471.734706763061,49.3986440927758,0.161959069610481,-0.00457032927186685
41.75,0,0,0,0,0,-28.1019391101779,454.968781103822,49.0396718664599,0.163114556168922,-0.00486462608800764
41.755,0,0,0,0,0,-26.3399023127031,438.041519743315,48.7943561614195,0.164409016350259,-0.00517019083162751
41.76,0,0,0,0,0,-24.5640131560762,420.932294153221,48.6432285570727,0.165861261599102,-0.00549653299157082
41.765,0,0,0,0,0,-23.0153399707343,403.78780008006,48.5718396283725,0.167491569503332,-0.00585893597572085
41.77,0,0,0,0,0,-22.0262128412512,386.941904901506,48.590073013318,0.169315797046018,-0.00627731229922457
41.775,0,0,0,0,0,-21.9367507478912,370.899565482777,48.7500232807779,0.171331889561139,-0.00678350177436471
41.78,0,0,0,0,0,-22.9959027878338,356.295531421629,49.1563984122418,0.173511146606111,-0.00741331186134886
41.785,0,0,0,0,0,-25.2788780358477,343.835350436004,49.962934839732,0.175786208275846,-0.0082049324866782
41.79,0,0,0,0,0,-28.6492097973857,334.224476874273,51.350826359153,0.178051793747968,-0.00918603213279479
41.795,0,0,0,0,0,-32.7790271475345,328.08360548872,53.4892789993845,0.180183237997168,-0.0103510537531752
41.8,0,0,0,0,0,-37.2222190382608,325.85828400107,56.485392248919,0.18206597665148,-0.0116536538728527
41.805,0,0,0,0,0,-41.5194068281457,327.737281437419,60.3367177138526,0.183634162574955,-0.0130044216880849
41.81,0,0,0,0,0,-45.305591756681,333.603506619896,64.9042230474645,0.184893648644983,-0.0142894429018385
41.815,0,0,0,0,0,-48.391559448572,343.037520557052,69.9205229812716,0.185919708601116,-0.0154015102984948
41.82,0,0,0,0,0,-50.798664046428,355.38518396947,75.0386550791523,0.186831954090413,-0.0162639609649471
41.825,0,0,0,0,0,-52.739324436447,369.873073456109,79.9106431107607,0.18775823032356,-0.0168460049203505
41.83,0,0,0,0,0,-54.549662085376,385.737192096342,84.2730757674624,0.188803094567598,-0.017162138378338
41.835,0,0,0,0,0,-56.591582993756,402.324928844837,88.0120707188811,0.19002959322184,-0.0172584057754017
41.84,0,0,0,0,0,-59.1488061038879,419.141819158699,91.1844214313754,0.191451317533758,-0.01720278559658
41.845,0,0,0,0,0,-62.3452057438282,435.841096956098,93.9860191446329,0.193039670605854,-0.0170673623817867
41.85,0,0,0,0,0,-66.1109004332142,452.178858482368,96.6777998812619,0.194736950123096,-0.0169176280717434
41.855,0,0,0,0,0,-70.2092056422727,467.965675609661,99.4947474044462,0.196478572847554,-0.0167992728229871
41.86,0,0,0,0,0,-74.3199771796424,483.044156738328,102.570475525459,0.198208298694686,-0.0167368826931202
41.865,0,0,0,0,0,-78.1565246843472,497.304209689362,105.903187142716,0.199894249176061,-0.0167305255214067
41.87,0,0,0,0,0,-81.5811156395815,510.731370394413,109.374210263752,0.201530267637585,-0.0167619247606385
41.875,0,0,0,0,0,-84.6802774425096,523.463641427917,112.810459301682,0.203129454893914,-0.0168057049026817
41.88,0,0,0,0,0,-87.7687899347778,535.826738075629,116.0669467677,0.204710943156536,-0.0168363467110595
41.885,0,0,0,0,0,-91.3111600605236,548.32666506159,119.099296404206,0.206283102443576,-0.0168400576273164
41.89,0,0,0,0,0,-95.7764094076599,561.589429448804,121.998346024911,0.207829847867812,-0.0168180919700207
41.895,0,0,0,0,0,-101.46848091469,576.260867273344,124.973850568815,0.209306269287576,-0.0167825513688991
41.9,0,0,0,0,0,-108.387719871072,592.893528263543,128.292220028604,0.210641427058982,-0.0167530809571783
41.905,0,0,0,0,0,-116.171261473031,611.845331071832,132.189213863201,0.21175581038264,-0.0167428316398643
41.91,0,0,0,0,0,-124.137490585634,633.21447157781,136.788731282891,0.212581841207901,-0.0167536176823067
41.915,0,0,0,0,0,-131.426963660411,656.820937743756,142.055692414443,0.213082720622298,-0.0167755643626677
41.92,0,0,0,0,0,-137.202317527312,682.230848854512,147.797354907988,0.213265217589068,-0.0167906826533191
41.925,0,0,0,0,0,-140.851735162427,708.809416845067,153.70992325578,0.213181293453426,-0.0167812437103176
41.93,0,0,0,0,0,-142.138918062497,735.781386586581,159.453388854819,0.212919256056055,-0.0167375624017678
41.935,0,0,0,0,0,-141.257725239781,762.280442327521,164.729964580701,0.212591032123486,-0.0166608049172776
41.94,0,0,0,0,0,-138.777727332839,787.381251003613,169.342429864247,0.212315962240483,-0.0165619264586931
41.945,0,0,0,0,0,-135.500218163511,810.119813828578,173.216154689538,0.212205808064699,-0.0164588090338933
41.95,0,0,0,0,0,-132.271783283617,829.51489757551,176.381555947924,0.212353098343344,-0.0163715963968913
41.955,0,0,0,0,0,-129.813913285625,844.608754458558,178.92851854816,0.212826097073689,-0.0163156998240517
41.96,-15.7526147976406,19.2147161496976,2.27976925917841,0.239736039042928,-0.0450905904408918,-128.614611662124,854.534069549917,180.951887127772,0.213667162584827,-0.0163007082635644
41.965,-20.5453684686741,28.2602086725452,4.4142168220119,0.240195078277737,-0.046624082874458,-128.896785989639,858.601456517098,182.508268261687,0.214893381050948,-0.0163313577142192
41.97,-24.2035944147551,39.2028307621002,6.97996907708067,0.239281161557016,-0.0460338749480629,-130.644747177955,856.382823146609,183.594737851575,0.216500978502079,-0.0164074402259979
41.975,-26.7179689634353,52.6485807046278,9.83179283411831,0.236948461441639,-0.0434743280272913,-133.655894278608,847.763416793714,184.150338141385,0.218467462629367,-0.0165257897777566
41.98,-28.7287153688247,69.458427689009,12.8591779910724,0.233419946043221,-0.0393754734879748,-137.593511982194,832.940585445564,184.073864898963,0.220749627138072,-0.0166839748538674
41.985,-31.365389143003,90.5094619390987,16.0124576637534,0.229253836508002,-0.0344853343626808,-142.036115252088,812.370544424125,183.249863806028,0.223284218096121,-0.0168767427601653
41.99,-35.8802972494259,116.395823165514,19.2849773645043,0.225123966780376,-0.0296041745826656,-146.527037082788,786.678207734709,181.573455849759,0.225984628705998,-0.0170996354459909
41.995,-43.2200027217591,147.194989386468,22.6679464894024,0.221517102642655,-0.025282838641294,-150.623000031728,756.553482544395,178.963689698467,0.228748267641255,-0.0173412173584291
42,-53.7099263512667,182.395798430042,26.1118702523983,0.218622319955158,-0.0217304162329484,-153.93384505336,722.660988545835,175.362251387447,0.231460505002234,-0.0175914991997654
42.005,-66.9727220559985,221.018575051491,29.5236221540222,0.216396027312313,-0.0189177654375081,-156.145203446732,685.581166715304,170.721623141785,0.234013473769677,-0.0178337505522235
42.01,-82.0957465735664,261.891577042093,32.8064760230893,0.214684463414434,-0.0167144736790794,-157.027277233538,645.79421586363,164.993215844096,0.236322084534274,-0.018047899760349
42.015,-97.9575434397697,303.996417557919,35.9204720583383,0.213315831181095,-0.0149800151930632,-156.442287981032,603.706999287679,158.12635322783,0.238342157791232,-0.0182073954416557
42.02,-113.564331681105,346.76250735544,38.9219121338508,0.212134685828825,-0.0135986354402551,-154.358460982766,559.702705346548,150.081662718566,0.240079306831797,-0.0182811215289203
42.025,-128.265885120015,390.2021928931,41.9518273372164,0.21102222014813,-0.0124827404396317,-150.865726162709,514.190481096575,140.855961760569,0.241592560184223,-0.0182302503967167
42.03,-141.797465198148,434.827925248622,45.1743500519451,0.209897360192018,-0.0115692588895673,-146.173743568619,467.628474316206,130.506353279204,0.242982757677728,-0.0180125145304277
42.035,-154.1821343803,481.378011252204,48.6943891415967,0.208723089284549,-0.0108079686249258,-140.572284474528,420.510428742562,119.162926693815,0.244370628590667,-0.0175878765009214
42.04,-165.575730931826,530.449814647934,52.4930043225819,0.207494390884492,-0.0101559834594509,-134.34548010737,373.321434526685,107.02513155677,0.245868755590305,-0.0169229589315876
42.045,-176.131410910629,582.165762961878,56.4064020124193,0.206232825774629,-0.00957296384865103,-127.65465202951,326.48922277575,94.3449784383858,0.247551923569511,-0.0160023172570236
42.05,-185.924443002116,635.971735901471,60.1534414608762,0.204968440318711,-0.00902025652320049,-120.429023449088,280.365331499296,81.4046037691346,0.249440764453454,-0.0148396012656953
42.055,-194.93840961668,690.615577178714,63.3982425885208,0.203730776971513,-0.00846209409020027,-112.319820362025,235.262565691775,68.4957526820748,0.251515293805297,-0.013476881859491
42.06,-203.090472356273,744.301441897927,65.8272024829422,0.202544625183978,-0.00787587391259059,-102.764605030522,191.542362668056,55.9037967200208,0.253775254451953,-0.0119842650350721
42.065,-210.268391640573,794.976296597693,67.2212942789718,0.201425737904831,-0.0072471862409893,-91.1779622411368,149.719146848461,43.8985957997721,0.256365089930889,-0.0104383748997687
42.07,-216.358545996312,840.67279205423,67.5093993302703,0.200386500363886,-0.00657974871175959,-77.2275763775017,110.525357208114,32.7316564046307,0.25985368284368,-0.00889189144963343
42.075,-221.257208870861,879.816518415593,66.7899309737313,0.199432519789177,-0.00588501766032223,-61.1022146467442,74.8921706535643,22.6378230806364,0.265954780361402,-0.00730427496069996
42.08,-224.869716778271,911.426162350714,65.3112741474685,0.198566678091637,-0.00518422780080119,-43.6485961723771,43.8255669180268,13.83395184065,0.280067549299581,-0.00536386054443394
42.085,-227.107194438671,935.17087712849,63.411513942199,0.197787984295219,-0.00450446730022502,-26.2819535768212,18.2007978366893,6.50541871024547,0.326040864301925,-0.00147150962470732
42.09,-227.89096102728,951.295184579297,61.4323227276159,0.197092624543056,-0.00386603857029932,0,0,0,0,0
42.095,-227.169546572644,960.446095693438,59.6321328679215,0.196473311751458,-0.00328548541133156,0,0,0,0,0
42.1,-224.94337820444,963.44987265413,58.1248742680605,0.195918180796803,-0.00276233502562473,0,0,0,0,0
42.105,-221.283573186822,961.093075887674,56.8616308116813,0.195414239176676,-0.00228631570925586,0,0,0,0,0
42.11,-216.331892723761,953.96319861628,55.6585061173078,0.194951921755066,-0.00184022140194351,0,0,0,0,0
42.115,-210.280306192879,942.397630477659,54.2604183597291,0.194524704021709,-0.00139876521595284,0,0,0,0,0
42.12,-203.341254282623,926.5564403397,52.4197019681447,0.194136162438922,-0.000942189565252605,0,0,0,0,0
42.125,-195.722513184131,906.590519151361,49.9654207005316,0.193792462095179,-0.000454702299560239,0,0,0,0,0
42.13,-187.614634488063,882.841070250776,46.8447223912586,0.193501898023797,6.84023567334435e-05,0,0,0,0,0
42.135,-179.190464152862,855.995926935631,43.1288125579799,0.193270738713116,0.000626068564606896,0,0,0,0,0
42.14,-170.611034889437,827.143548617424,38.9883128470101,0.193099135356115,0.00120755725431732,0,0,0,0,0
42.145,-162.031589802275,797.694298995176,34.6504343674817,0.192983141895765,0.00180216671648026,0,0,0,0,0
42.15,-153.603402759799,769.174426751655,30.3515539227235,0.192915797119869,0.00239536193335521,0,0,0,0,0
42.155,-145.469915265681,742.943657513567,26.2965010435828,0.192893970836686,0.0029754104164752,0,0,0,0,0
42.16,-137.758698438295,719.921380370915,22.6313838862964,0.192926739363896,0.00353317352321092,0,0,0,0,0
42.165,-130.571305376636,700.413780621361,19.4317609790419,0.193043540784081,0.0040587596454138,0,0,0,0,0
42.17,-123.97184049604,684.095139219452,16.7046026529574,0.193284374982642,0.00454948086149187,0,0,0,0,0
42.175,-117.974795759714,670.140827788642,14.4010535669095,0.193691768832053,0.00500585144440446,0,0,0,0,0
42.18,-112.536084621557,657.459083569453,12.4362247256456,0.194300181426784,0.00543414001706211,0,0,0,0,0
42.185,-107.556353244066,644.951122140907,10.7122912803983,0.195124100789862,0.00584549353212704,0,0,0,0,0
42.19,-102.907186426507,631.731983566617,9.14025837641571,0.19615072331826,0.00625298523084616,0,0,0,0,0
42.195,-98.4826554538271,617.265106958749,7.65480411739821,0.197349752414459,0.00666953130643755,0,0,0,0,0
42.2,-94.2614119538106,601.391405562421,6.21902893074408,0.198674294365275,0.0071037996325618,0,0,0,0,0
42.205,-90.3498650575183,584.269802148252,4.82026433805975,0.200076254681476,0.00756055159654423,0,0,0,0,0
42.21,-86.9775742909222,566.272978399307,3.46207358560978,0.201515800894253,0.00803868751436276,0,0,0,0,0
42.215,-84.4349733387861,547.889738233911,2.15695719790112,0.202965252381218,0.00852804572972055,0,0,0,0,0
42.22,-82.9704137878835,529.664785662233,0.921711377303826,0.204410467557659,0.00901594755530333,0,0,0,0,0
42.225,-82.6849426834935,512.181355338478,-0.22517074966558,0.205836026163485,0.00948480240033511,0,0,0,0,0
42.23,-83.4675885435732,496.064650247647,-1.26468588057971,0.207223415911309,0.00991482512299857,0,0,0,0,0
42.235,-85.0015174987826,481.981918530681,-2.17762969277096,0.208538116259725,0.010286177931194,0,0,0,0,0
42.24,-86.8436681982704,470.61381348077,-2.94467340511411,0.209729718692814,0.0105821410169664,0,0,0,0,0
42.245,-88.5505014378501,462.586624070613,-3.54710353030779,0.210747835690502,0.0107899242431069,0,0,0,0,0
42.25,-89.8019222695977,458.369243437957,-3.968592928612,0.211547835043921,0.0109062886414559,0,0,0,0,0
42.255,-90.4771687047895,458.160527802986,-4.19765793697409,0.212113919942059,0.0109381231935872,0,0,0,0,0
42.26,-90.6595258035894,461.805881222055,-4.2294384814437,0.212464409100747,0.0109018474194764,0,0,0,0,0
42.265,-90.5782594899289,468.784078638341,-4.06646930252834,0.212654565995104,0.0108232449560779,0,0,0,0,0
42.27,-90.5193100966852,478.278248270453,-3.718579776848,0.212757532578919,0.0107278076169255,0,0,0,0,0
42.275,-90.743151166822,489.316733873982,-3.20244196854732,0.212853891177437,0.0106371963243799,0,0,0,0,0
42.28,-91.4378077504151,500.939492587308,-2.54228144703971,0.213015135908688,0.0105703181630039,0,0,0,0,0
42.285,-92.7149124292426,512.341306588114,-1.77241024728522,0.213294496072153,0.0105389311140049,0,0,0,0,0
42.29,-94.6353959943964,522.953769516971,-0.940252629671246,0.213724778091461,0.0105490302849658,0,0,0,0,0
42.295,-97.2401408066744,532.452130594823,-0.106289080342297,0.214321417469944,0.0106014335532381,0,0,0,0,0
42.3,-100.56325205422,540.698338690731,0.66267867512784,0.215079537276169,0.0106919484078789,0,0,0,0,0
42.305,-104.620683021093,547.653619507331,1.30728332425557,0.215984646626038,0.0108138712284651,0,0,0,0,0
42.31,-109.38692358163,553.304264070597,1.79307644580586,0.217012954780019,0.0109569225244339,0,0,0,0,0
42.315,-114.784437412477,557.637377387322,2.12486546847735,0.218138266777812,0.0111088479507933,0,0,0,0,0
42.32,-120.704791958489,560.676287274794,2.35222103567624,0.219332376706941,0.0112585320121426,0,0,0,0,0
42.325,-127.059452442726,562.556553889696,2.56275305833213,0.220570683616651,0.0113932339974863,0,0,0,0,0
42.33,-133.833628939641,563.596035240242,2.86445995327362,0.221826194796353,0.0115032508297199,0,0,0,0,0
42.335,-141.107788803009,564.315506958941,3.36171270834725,0.223068083908835,0.0115794878682376,0,0,0,0,0
42.34,-149.02251391226,565.382109318855,4.13212998002818,0.224263533482956,0.0116180527760736,0,0,0,0,0
42.345,-157.690042030633,567.482202310883,5.21112699295613,0.225380116757365,0.0116188231478844,0,0,0,0,0
42.35,-167.085078413064,571.163458086683,6.58842530734639,0.226383629228672,0.0115901036416171,0,0,0,0,0
42.355,-176.962653616098,576.701086230763,8.21606301343828,0.227250473212691,0.0115466922379532,0,0,0,0,0
42.36,-186.844668761927,584.035636536823,10.022846658896,0.227964770142516,0.0115051452736701,0,0,0,0,0
42.365,-196.092539286979,592.800320965074,11.9283705762129,0.228522914462444,0.0114850865549627,0,0,0,0,0
42.37,-204.049042070147,602.418299218883,13.8506564086575,0.228926708197058,0.0115003632591995,0,0,0,0,0
42.375,-210.206089024005,612.232873161704,15.7048914815246,0.229186809978241,0.0115610941220261,0,0,0,0,0
42.38,-214.341531974324,621.625929564524,17.3950855281818,0.229324450489517,0.011667016284469,0,0,0,0,0
42.385,-216.577708905955,630.098364688432,18.8044460989512,0.229369065610332,0.011813182427602,0,0,0,0,0
42.39,-217.339446925972,637.298788447177,19.7918697287734,0.229358382200892,0.0119931888971037,0,0,0,0,0
42.395,-217.224133415145,643.005617686599,20.2007119771094,0.229334685360167,0.0122023872226507,0,0,0,0,0
42.4,-216.828907117142,647.080504481685,19.8819843180688,0.229339253581845,0.012439522967906,0,0,0,0,0
42.405,-216.596267911006,649.418818387832,18.7282845284826,0.229406787210498,0.012705169096936,0,0,0,0,0
42.41,-216.733508444394,649.924824172526,16.7091366303937,0.229563127670464,0.0130030116595883,0,0,0,0,0
42.415,-217.231388415485,648.52500968001,13.895004529052,0.22981514717886,0.0133337422323994,0,0,0,0,0
42.42,-217.963569071942,645.207041089273,10.4598913419332,0.230156564597369,0.0136922431139554,1.51625458299386,25.207696973296,3.7858094045838,0.232044340089552,0.0259819913836106
42.425,-218.813133788667,640.057425357893,6.65782601277633,0.230566099983985,0.0140709968814487,-2.21572398442544,43.5379488420785,3.38370682243984,0.230596017851512,0.0247733606880294
42.43,-219.761938015821,633.267363138594,2.77757067652588,0.231017227040631,0.0144574483783542,-9.43903827671393,68.1292663983114,2.45939610779145,0.226832572563681,0.0235929948173226
42.435,-220.900751018521,625.093587374354,-0.912426978564547,0.231478990313132,0.0148351862972875,-20.5552283508281,99.1827211516967,1.46789443835211,0.222274712365881,0.022499332920173
42.44,-222.358859796097,615.783070585927,-4.21319806556819,0.231922746283491,0.0151879208759791,-35.356059139958,136.444949762023,1.06742875424541,0.217613178868775,0.0215041797908588
42.445,-224.189887799812,605.488852970595,-7.02377969527225,0.232319888579431,0.0155040884280915,-53.0059616056831,179.219919253177,1.93676460115765,0.213172797825965,0.0205944081752154
42.45,-226.268687467324,594.208647089341,-9.34166392019864,0.232647102942374,0.0157753277582735,-72.1990392193379,226.461009575183,4.55993242285232,0.209087128651347,0.0197379473549883
42.455,-228.249692377854,581.770415677683,-11.2386717335912,0.232884317969278,0.0160001765483555,-91.4489172767199,276.932856485472,9.05755515735625,0.205375398791121,0.0189027798697685
42.46,-229.610763853234,567.871252499172,-12.823548472956,0.233021527260121,0.0161799363515236,-109.414976909212,329.418803379744,15.1333592910082,0.202004466280936,0.0180624717906053
42.465,-229.769235864537,552.154447872422,-14.2050662778739,0.233058703930037,0.0163177540217365,-125.157466148086,382.930001520347,22.1572425567892,0.198920864051988,0.0172062785856175
42.47,-228.227532259779,534.2984614462,-15.4654960587156,0.233017975679027,0.0164149751138503,-138.254105118582,436.85705919971,29.3471221261046,0.196073910607265,0.0163266910247479
42.475,-224.69779958125,514.094867515733,-16.6486776510317,0.232938645915997,0.0164718544284561,-148.772531842333,490.995904463401,35.9732122868073,0.193423783838208,0.0154190148432143
42.48,-219.166533382169,491.498301376265,-17.7616484071049,0.232873349350972,0.0164843537713582,-157.14389598484,545.405940521176,41.5114001374306,0.190952741715909,0.0144791295533864
42.485,-211.882270292166,466.636837391921,-18.7851517292679,0.232875666833884,0.0164457031064691,-164.001906855903,600.129106843859,45.7077176953251,0.188673241607394,0.0135120440720407
42.49,-203.273655616821,439.780913811287,-19.6873088792797,0.232984017846591,0.0163479844589034,-170.036353626131,654.87429291351,48.5595635900993,0.186630769500495,0.0125334880708499
42.495,-193.82474121352,411.283419235579,-20.434752469876,0.233212444825453,0.0161837108144809,-175.880228357947,708.803480863892,50.2443210636166,0.184887246130804,0.0115745428016218
42.5,-183.949760679967,381.51988909138,-20.9980337441577,0.233550263330518,0.0159459311810428,-182.024762295375,760.513274333399,51.02817383439,0.183503034389515,0.0106641629306656
42.505,-173.911261469552,350.85745771995,-21.3522566999718,0.233964556250078,0.0156323472017332,-188.752566007923,808.221961796201,51.1808563784954,0.18251487382688,0.00983180898367664
42.51,-163.809480751902,319.662249783428,-21.4778143666651,0.234405786242292,0.0152430589372807,-196.092232780131,850.101048283146,50.9126424359558,0.181929480994074,0.00909801460550153
42.515,-153.639024992998,288.327361673864,-21.3639548379679,0.234822391470069,0.0147870230988287,-203.8074383755,884.650246584472,50.3395067337252,0.181714330387836,0.00847324635016822
42.52,-143.380279874263,257.295127909346,-21.0147655397809,0.235163052986386,0.0142786587839927,-211.431309846375,911.01341769708,49.4761016559095,0.181803425836559,0.00796632926721319
42.525,-133.077778279898,227.052420306684,-20.4534549556364,0.235391061149755,0.0137428520738041,-218.346207751172,929.150490427551,48.255241258862,0.182105972019123,0.00757752081330931
42.53,-122.867432700124,198.095615567456,-19.721029477997,0.235486021282507,0.0132089757575642,-223.897738144275,939.82266976748,46.5696804941335,0.182511877606985,0.00731212258525904
42.535,-112.940880683913,170.876007276401,-18.8678251483295,0.235447424566632,0.0127105076595431,-227.521502807656,944.401988057013,44.3277917639459,0.182907878497325,0.00717008679654452
42.54,-103.459664517143,145.737919546701,-17.9387659530855,0.235286777518234,0.0122733017554815,-228.855474952438,944.562292244586,41.5103025741081,0.183190851587471,0.00714644980474066
42.545,-94.4560824952765,122.867842646972,-16.9562763610764,0.235019859996913,0.0119060968917166,-227.814405670916,941.940107698907,38.2130200051458,0.183285180832047,0.00723132933830417
42.55,-85.76842783274,102.27535430624,-15.906900313738,0.234653034515153,0.0115928532034308,-224.611073433317,937.847640309271,34.6604098887488,0.183144326381175,0.00739875398526557
42.555,-77.0526004366395,83.8198481872248,-14.7392981619432,0.234175108350071,0.0112857189286553,-219.719087573286,933.102299397764,31.1811711954839,0.182764604656135,0.00761152164027123
42.56,-67.8874887944151,67.2827707153068,-13.3797609835596,0.23354633253191,0.0109139395462883,-213.779656175214,927.999599749746,28.1495678796009,0.182167071264046,0.00782325645135007
42.565,-57.9476144873507,52.4611690200835,-11.7638803331021,0.232697305133292,0.0104024720772422,-207.465919847098,922.424981362582,25.90854408181,0.181391608140843,0.00798642467808452
42.57,-47.1821207009695,39.2497330196709,-9.87465967051035,0.231536720328966,0.00969150892719028,-201.332061395199,916.059808350439,24.6950147993072,0.180480232494148,0.00806171958011426
42.575,-35.9236575832297,27.6798286123893,-7.77123818443622,0.229969022169336,0.00872518792614496,-195.687755553984,908.609954799634,24.5863685289129,0.179458930858415,0.00802914289807166
42.58,-24.8677737303767,17.8984889293956,-5.59326973620237,0.227908127618211,0.00742565353430358,-190.538288342108,899.97864581566,25.4820132580514,0.178332256799797,0.0078867382843768
42.585,0,0,0,0,0,-185.611454211176,890.330660542302,27.1269871807014,0.177089564829017,0.00765278179207574
42.59,0,0,0,0,0,-180.46174871227,880.042852023992,29.1727331310737,0.17570715823744,0.00736172264894819
42.595,0,0,0,0,0,-174.615646301948,869.577299912694,31.2580040671177,0.174160712409748,0.00705355041601674
42.6,0,0,0,0,0,-167.710803636137,859.337493121451,33.0874706949439,0.172432938024487,0.00675821566754564
42.605,0,0,0,0,0,-159.588991975774,849.563677067939,34.4881921780957,0.170514442615646,0.00649484033298897
42.61,0,0,0,0,0,-150.322401761228,840.297602573622,35.4315159337049,0.168406206030151,0.006259934316172
42.615,0,0,0,0,0,-140.177464116826,831.420009554508,36.0180281532426,0.166118575617248,0.00603358287393263
42.62,0,0,0,0,0,-129.538342146373,822.736060860672,36.432970543237,0.163665829289328,0.00578512679679211
42.625,0,0,0,0,0,-118.81990585154,814.072916864912,36.8881620292727,0.161073410937694,0.00548214713578776
42.63,0,0,0,0,0,-108.393407803498,805.35224889176,37.5674124298164,0.158369444221921,0.00509946151426899
42.635,0,0,0,0,0,-98.5360473911407,796.616164933857,38.5885310070882,0.15559552564552,0.00462612315852962
42.64,0,0,0,0,0,-89.405347567691,788.005850981777,39.986969793274,0.152802106034346,0.00406708848011661
42.645,0,0,0,0,0,-81.0365917914362,779.705559512846,41.718397469415,0.150052063503166,0.00344128171930702
42.65,0,0,0,0,0,-73.3627317429856,771.865486010216,43.6730830229218,0.147411397471587,0.00277558915244036
42.655,0,0,0,0,0,-66.2558062198752,764.520490450875,45.6966257712953,0.144942097541356,0.0020993509213767
42.66,0,0,0,0,0,-59.5829525335723,757.526992143316,47.6163277209825,0.14269913952697,0.00143857729320374
42.665,0,0,0,0,0,-53.2620941699319,750.550662038885,49.2739306145323,0.140726136011151,0.000812856934979678
42.67,0,0,0,0,0,-47.2977469203776,743.121634352545,50.5594202520687,0.139049138034143,0.000229647933434052
42.675,0,0,0,0,0,-41.7808384745711,734.744368324182,51.435439226103,0.137681406293508,-0.000313468462788791
42.68,0,0,0,0,0,-36.8481884587553,725.01593133377,51.941114115433,0.13662070637956,-0.000827369121518373
42.685,0,0,0,0,0,-32.614342289716,713.708154459564,52.1708942041406,0.135848083113378,-0.00132833808109911
42.69,0,0,0,0,0,-29.1029816633241,700.787982110412,52.2332693672425,0.1353354146498,-0.00182560306512869
42.695,0,0,0,0,0,-26.2099733831087,686.38530461872,52.2056051654681,0.135042710601041,-0.00232029668995271
42.7,0,0,0,0,0,-23.7189405542549,670.734071122538,52.1048745546418,0.134926123426731,-0.00280086655388079
42.705,0,0,0,0,0,-21.3680063161308,654.112707364212,51.8870454733943,0.134947059395223,-0.00324769941743419
42.71,0,0,0,0,0,-18.9428542212712,636.799442456492,51.4747154669527,0.135078894808821,-0.00363810820851196
42.715,0,0,0,0,0,-16.359585445829,619.054208384806,50.8013838234139,0.135314131124625,-0.00395592939453238
42.72,0,0,0,0,0,-13.7045646513856,601.123538764165,49.8535799419474,0.135670482622918,-0.00420080446350912
42.725,0,0,0,0,0,-11.2169105536734,583.258662535301,48.6937837843031,0.136182123992265,-0.00438578471928786
42.73,0,0,0,0,0,-9.21998893636062,565.726789558877,47.455247106949,0.136893308522852,-0.00453979012984362
42.735,0,0,0,0,0,-8.02485209525621,548.802098885327,46.3124634636219,0.137842676479838,-0.00469816714433069
42.74,0,0,0,0,0,-7.83551488275672,532.733484344697,45.4395337132637,0.139058364820625,-0.00489269065649189
42.745,0,0,0,0,0,-8.6850062071103,517.702868522526,44.971226853154,0.14054528069135,-0.00514298182595141
42.75,0,0,0,0,0,-10.4228098851087,503.792262288466,44.9789116206064,0.142287899927469,-0.0054544398907943
42.755,0,0,0,0,0,-12.7590029583201,490.978257264499,45.4673735747811,0.144255712103871,-0.00581515818898559
42.76,0,0,0,0,0,-15.3509923941562,479.159147893732,46.3907402283263,0.146415429098969,-0.0062056503241843
42.765,0,0,0,0,0,-17.903232057761,468.209249806172,47.6789059049575,0.148736005999813,-0.00660800009401541
42.77,0,0,0,0,0,-20.2463000713201,458.041499032217,49.2627513843622,0.151194764088875,-0.00701204261956967
42.775,0,0,0,0,0,-22.3715239929092,448.661576351081,51.0895539255209,0.153780013861786,-0.0074137633602982
42.78,0,0,0,0,0,-24.4149690981834,440.19595105517,53.1261066976887,0.156478517546041,-0.00781783375648626
42.785,0,0,0,0,0,-26.6028708546239,432.888457502254,55.3534347916607,0.159277061118358,-0.00823023378402432
42.79,0,0,0,0,0,-29.1802934889787,427.067460509571,57.7597531579578,0.162148300259821,-0.00865416700801536
42.795,0,0,0,0,0,-32.3443635079999,423.088189566835,60.3361903190949,0.165053136591155,-0.00908636156791154
42.8,0,0,0,0,0,-36.1961550596606,421.262905447112,63.0767074719929,0.167944078063397,-0.0095171730613739
42.805,0,0,0,0,0,-40.7168906720146,421.791411799995,65.9786103152455,0.170769638867769,-0.00993285191180071
42.81,0,0,0,0,0,-45.768677215631,424.710024455117,69.0392318607771,0.173485279336547,-0.0103150524534001
42.815,0,0,0,0,0,-51.1170118618048,429.870778375809,72.2455257755965,0.17606209432384,-0.0106484786102117
42.82,0,0,0,0,0,-56.4706246949889,436.958152683095,75.5583876357238,0.178486781249208,-0.0109155223145727
42.825,0,0,0,0,0,-61.5312592050512,445.539616245091,78.8986671403258,0.180765599233042,-0.011105444684266
42.83,0,0,0,0,0,-66.0449783359295,455.140280104056,82.1437951440275,0.182913856443897,-0.0112088191746595
42.835,0,0,0,0,0,-69.8471567172307,465.321878605626,85.1406879474428,0.184952399096633,-0.0112246662665125
42.84,0,0,0,0,0,-72.8952351939726,475.745606390471,87.7343115622344,0.186904824131336,-0.0111565672011551
42.845,0,0,0,0,0,-75.2832098013366,486.200098267728,89.8030102567355,0.188794050784618,-0.0110201966625878
42.85,0,0,0,0,0,-77.2323472223556,496.589310255182,91.2880756289373,0.190641716429356,-0.0108362515415621
42.855,0,0,0,0,0,-79.0562110713382,506.889606394274,92.2072290977015,0.192471877486217,-0.0106319667545254
42.86,0,0,0,0,0,-81.1049175570041,517.098691400445,92.6501185748322,0.194311604558189,-0.0104335290332385
42.865,0,0,0,0,0,-83.7000163362626,527.197301080179,92.7590868646824,0.196190178608493,-0.0102661741860937
42.87,0,0,0,0,0,-87.0752131999067,537.137739714537,92.7010875538645,0.19813280118455,-0.010145653821084
42.875,0,0,0,0,0,-91.3365151494834,546.858027941201,92.6357547935626,0.200155962852939,-0.0100751567485382
42.88,0,0,0,0,0,-96.4490710187298,556.310504525997,92.6850986128,0.202254643099286,-0.0100502304571961
42.885,0,0,0,0,0,-102.250576078765,565.491582595339,92.912182910774,0.204404083058662,-0.0100562770703325
42.89,0,0,0,0,0,-108.483614696496,574.457634092531,93.3138692612097,0.206561120870293,-0.0100771827099742
42.895,0,0,0,0,0,-114.83880530515,583.320028809148,93.8293069850299,0.208666113543617,-0.0100926688964336
42.9,0,0,0,0,0,-121.002853180619,592.220588852681,94.3605908524573,0.210660478457604,-0.0100902623593466
42.905,0,0,0,0,0,-126.708202506073,601.300718709677,94.8000029008787,0.212496608938922,-0.0100596363572771
42.91,0,0,0,0,0,-131.777961975749,610.676766453842,95.0562014574243,0.214149436763104,-0.00999476338857441
42.915,0,0,0,0,0,-136.155675022572,620.431866675615,95.0731050644285,0.215618490373038,-0.00989328998808947
42.92,0,0,0,0,0,-139.907541304818,630.622681022785,94.8391397783243,0.21692391552784,-0.00975824989320362
42.925,0,0,0,0,0,-143.191053251745,641.290808493814,94.3880737749022,0.218095760028295,-0.00959595963516868
42.93,0,0,0,0,0,-146.196604482448,652.469743107116,93.7958012247478,0.21916220375327,-0.009419623221401
42.935,0,0,0,0,0,-149.081196254401,664.180500517501,93.1743218439053,0.220141311573063,-0.00924580250664242
42.94,0,0,0,0,0,-151.920716298709,676.418187347623,92.6621233732654,0.221036694669164,-0.00909699713107859
42.945,0,0,0,0,0,-154.700168082342,689.128119680765,92.4081821342306,0.221844469269881,-0.00899347786980442
42.95,-6.05896944820228,23.6793184242997,7.98516804982005,0.241821372352299,-0.0486390291735628,-157.343974850669,702.176926271,92.551014470693,0.222562572579946,-0.00895780468810159
42.955,-12.8548979450001,37.0910156721062,12.358083283571,0.239619417363118,-0.0416822976924758,-159.767420813572,715.320600434185,93.1954091257332,0.223202491690349,-0.00900198179691092
42.96,-21.3179420758661,54.4759134581233,17.2993102519526,0.235631652950991,-0.0354209129931613,-161.921622252736,728.175999285764,94.3918443513322,0.22378957170905,-0.00913452559831196
42.965,-30.846853793036,76.3114142150453,22.482667018141,0.230678267190706,-0.0298816958702188,-163.811364156908,740.205258833627,96.1247765876087,0.224364263922966,-0.00935052534732783
42.97,-40.7993185236706,102.936581873375,27.5963444586713,0.225371378880795,-0.0251372175730715,-165.480102687967,750.717948551273,98.3129108143693,0.224968816649378,-0.00964293208475642
42.975,-50.6934185413359,134.447493851786,32.4188865415702,0.220193545980532,-0.02122338074079,-166.972713102008,758.894158075247,100.821247252451,0.225642455431046,-0.0100020496201658
42.98,-60.3601460221993,170.646089913468,36.8741752081203,0.215493851242426,-0.0181045025805027,-168.293272089741,763.823570607743,103.47928782664,0.226408184811367,-0.0104206045397071
42.985,-69.9946381480582,211.067056344922,41.0434582721314,0.21147794497828,-0.0156884256602972,-169.375182603194,764.559143536774,106.099924466358,0.227272091147872,-0.0108966193207536
42.99,-80.0779398339463,255.072961717026,45.1208198697032,0.208221152724562,-0.0138492005054021,-170.073361895506,760.182854475547,108.494881292517,0.228227634208372,-0.0114273932031272
42.995,-91.1830444185256,301.979714570307,49.3212460916832,0.205688815617884,-0.0124501851758767,-170.181308013033,749.885932083772,110.48477348496,0.229256571272633,-0.0120158413717757
43,-103.73080265317,351.17387219094,53.7759475723684,0.203769919084925,-0.0113595983520351,-169.46880080756,733.057962604681,111.902893987418,0.2303341279812,-0.0126597342959052
43.005,-117.788952053911,402.187853668298,58.4603741778123,0.202305562946439,-0.0104613874371804,-167.730214929743,709.373758833331,112.594511665753,0.231432865512017,-0.0133528251262165
43.01,-132.995321479369,454.716988429764,63.1921413941913,0.201115802539843,-0.00966005845919859,-164.831703366388,678.865132049847,112.414563539777,0.232524113254559,-0.0140811632356277
43.015,-148.631244330411,508.569653026398,67.7059778257518,0.200031546950922,-0.00889363763479523,-160.745593370271,641.963454867257,111.226391125449,0.23358192808493,-0.0148181721939853
43.02,-163.806907334659,563.555529561345,71.7734301832667,0.19891790679516,-0.00813411596478186,-155.563892715008,599.501153748094,108.904976731644,0.234582714279802,-0.0155256199795071
43.025,-177.681985924298,619.335560118676,75.3116070303198,0.197694371927525,-0.00738477027609719,-149.49075849648,552.66615072058,105.348793006185,0.235505618272293,-0.0161560017143403
43.03,-189.6466858388,675.273036395018,78.4311175484835,0.196343717417622,-0.00667393230497115,-142.817925538087,502.90828133388,100.501479568273,0.236332863146889,-0.0166526255447046
43.035,-199.418030471334,730.336571588896,81.4030693351181,0.194896501571278,-0.00604150769236167,-135.88822987671,451.803886438343,94.3802172590831,0.237036666144457,-0.0169638783433328
43.04,-207.040492835475,783.103976847167,84.5609684279434,0.193424048568056,-0.00552127751639819,-129.044665997579,400.889010011122,87.100599018902,0.237570580066801,-0.017052537445692
43.045,-212.806673849886,831.893044235797,88.1788187747933,0.192012834601043,-0.0051370633911576,-122.556093095602,351.484319465413,78.8842987128961,0.237858871031791,-0.0169180530985216
43.05,-217.129976500701,875.002445798155,92.3733484209895,0.190746519536141,-0.00489393338758859,-116.519802578254,304.54565656294,70.0390805756275,0.237793648374376,-0.0166087370391654
43.055,-220.41059277289,911.001084996117,97.0642126295551,0.189689383378431,-0.00478033215368168,-110.764043876498,260.583798571944,60.912005154263,0.237252339449704,-0.0162243830730642
43.06,-222.934915450628,938.976623010138,101.999581999084,0.188878398763682,-0.00477213046287073,-104.80171994905,219.692020745682,51.8316852198669,0.236116771556685,-0.0159056444007799
43.065,-224.836466993042,958.66815790573,106.827962537966,0.188326180452665,-0.00483817426459954,-97.890592799862,181.68856637078,43.0621489291068,0.234309823883742,-0.0157965470230552
43.07,-226.122372840517,970.450823466707,111.184503937314,0.18801873974713,-0.00494587565846594,-89.2283174505435,146.341147382664,34.7878902839416,0.231801515269398,-0.0160187142992481
43.075,-226.743585539746,975.191907581498,114.763498896813,0.187923797318357,-0.00506229742018416,-78.2481730250285,113.598083275312,27.1329852877877,0.228602578862301,-0.0166522086276091
43.08,-226.670649017332,974.030725337875,117.361375734517,0.187993778938648,-0.00516346753303143,-64.9170116642936,83.7387397988946,20.2007735219196,0.224738538484734,-0.0177581427234834
43.085,-225.939182640454,968.1583365524,118.889455681354,0.188176164529276,-0.00522655913735726,-49.9023653186567,57.3744867267312,14.1082123275164,0.220207407277884,-0.0194528797536444
43.09,-224.646009711913,958.646782556435,119.362578312554,0.188415010887984,-0.00524059473002758,-34.5042236270264,35.284064153547,8.99093232673563,0.214945600014346,-0.0220736551296747
43.095,-222.900421752152,946.376083828297,118.874571364366,0.18865494215317,-0.00519795699488768,-20.3385227586323,18.1354657830724,4.97142635344105,0.208702353972328,-0.0267874542054969
43.1,-220.756219256248,932.051026415328,117.56759185187,0.188841634973548,-0.00510021824749352,0,0,0,0,0
43.105,-218.156897002628,916.277745841974,115.601728539996,0.188926295059648,-0.00495147675465279,0,0,0,0,0
43.11,-214.920198998498,899.641595157935,113.128031942185,0.188862582362928,-0.00475785929815586,0,0,0,0,0
43.115,-210.774295541794,882.735604130638,110.26677894841,0.188619206826651,-0.00452808635994462,0,0,0,0,0
43.12,-205.436470030396,866.118574744703,107.093055308328,0.188181143483111,-0.00426561520633317,0,0,0,0,0
43.125,-198.712365724275,850.218355105329,103.631845279144,0.187566471910558,-0.00397335282431754,0,0,0,0,0
43.13,-190.584683579956,835.228663381673,99.8645120355106,0.186821597651914,-0.0036505013191519,0,0,0,0,0
43.135,-181.261719178884,821.049883663043,95.7466374006655,0.186024347642518,-0.00329576424359779,0,0,0,0,0
43.14,-171.166684236347,807.305513001694,91.2341868568876,0.185266686816073,-0.00290758741824693,0,0,0,0,0
43.145,-160.867748739185,793.436077397013,86.3123290815173,0.184641922121478,-0.00248959324979836,0,0,0,0,0
43.15,-150.966746392724,778.842057521578,81.0190924922333,0.184227519864701,-0.00204691998355777,0,0,0,0,0
43.155,-141.975864002263,763.028280279308,75.4573126123844,0.184072971810827,-0.00159057623958336,0,0,0,0,0
43.16,-134.213880232404,745.707807514538,69.791866983639,0.184191907583529,-0.00113366493980127,0,0,0,0,0
43.165,-127.746692346011,726.841183630538,64.2318496411333,0.184558308468196,-0.000696733509696124,0,0,0,0,0
43.17,-122.386792782549,706.619669998238,59.0010364321447,0.18510942933858,-0.000298193435209981,0,0,0,0,0
43.175,-117.75200618071,685.414566494886,54.3022112637476,0.185756650652021,4.30613012163406e-05,0,0,0,0,0
43.18,-113.369732962205,663.720960125383,50.2830928322432,0.186397961880423,0.000311502155689425,0,0,0,0,0
43.185,-108.800219769193,642.109527239137,47.011882743371,0.186940800895901,0.000505784536896314,0,0,0,0,0
43.19,-103.746862507506,621.185717604659,44.4689436156656,0.187313719837643,0.000629113149731353,0,0,0,0,0
43.195,-98.1253629564465,601.548420718731,42.557589176539,0.187485341160057,0.000699138415048317,0,0,0,0,0
43.2,-92.0741444822074,583.735825440423,41.1315490322095,0.187464100668471,0.00074051764241112,0,0,0,0,0
43.205,-85.9051281531144,568.161262580955,40.0312437813203,0.187293660348738,0.000778454888878954,0,0,0,0,0
43.21,-80.0098279163918,555.054530478352,39.1180294892111,0.187035642275921,0.000833181507718272,0,0,0,0,0
43.215,-74.748013975647,544.429247924728,38.2951338484935,0.186755525522861,0.000918385481423201,0,0,0,0,0
43.22,-70.3529611646065,536.096508467168,37.5096060415518,0.186494525054115,0.00103811868232828,0,0,0,0,0
43.225,-66.8810296836717,529.720389708469,36.7377517946418,0.186265217594934,0.0011910549674905,0,0,0,0,0
43.23,-64.2161626764142,524.900225211523,35.9639686588077,0.186049253565272,0.00137527615536737,0,0,0,0,0
43.235,-62.117613766427,521.252007723668,35.1657785478347,0.185804111664718,0.00158936178207369,0,0,0,0,0
43.24,-60.2866114492309,518.472448138718,34.3140975145954,0.185486155330609,0.00183459643351647,0,0,0,0,0
43.245,-58.4283541297547,516.370266542797,33.388984675431,0.185060003174281,0.00211049540211139,0,0,0,0,0
43.25,-56.2975923968115,514.858610419117,32.4017669594087,0.184514152197556,0.00240987132769988,0,0,0,0,0
43.255,-53.7279611073443,513.910907663917,31.4093390335125,0.183867672796949,0.00271665532002885,0,0,0,0,0
43.26,-50.6514665626025,513.495782614545,30.5097899618723,0.183173589207472,0.00300480212176701,0,0,0,0,0
43.265,-47.1145432184434,513.524380742112,29.8173745196076,0.182514903899986,0.00324142231175539,0,0,0,0,0
43.27,-43.2914585472053,513.837087015162,29.4246517853412,0.181993195775793,0.00339510634961737,0,0,0,0,0
43.275,-39.4882836003386,514.236869970288,29.3652459316654,0.181716474564617,0.00345123241758216,0,0,0,0,0
43.28,-36.1246348760808,514.546859902439,29.5917341076717,0.181774392997288,0.00341677052545286,0,0,0,0,0
43.285,-33.6820402938667,514.656870439778,29.9786377271817,0.182235651320465,0.00332256879292991,0,0,0,0,0
43.29,-32.6189747828223,514.530872861961,30.3516855741843,0.183136928592993,0.00321930742097987,0,0,0,0,0
43.295,-33.2715058563335,514.177545801061,30.5348923380639,0.18447843743603,0.00316286756044626,0,0,0,0,0
43.3,-35.7711722320201,513.601981675998,30.4007182860887,0.186225828152249,0.00319514687806688,0,0,0,0,0
43.305,-40.0104561671596,512.767484834664,29.9079560301072,0.188312435182758,0.00333946457843926,0,0,0,0,0
43.31,-45.6693929637014,511.58713950939,29.1159044176577,0.190650398244271,0.00358894755519668,0,0,0,0,0
43.315,-52.2948839475693,509.952136434286,28.1701028292333,0.193140335614468,0.00391309013116548,0,0,0,0,0
43.32,-59.4073856590107,507.791760364962,27.2643203950445,0.195684326101182,0.0042671726139174,0,0,0,0,0
43.325,-66.6032086147963,505.149889114667,26.5912822769149,0.198192100556303,0.00460507833056401,0,0,0,0,0
43.33,-73.6231281970163,502.257221503865,26.2980674646234,0.200589732215326,0.00488962564829709,0,0,0,0,0
43.335,-80.3686347498516,499.575094267141,26.4584656335365,0.202815494822445,0.00509767157842322,0,0,0,0,0
43.34,-86.8627612101457,497.787920129639,27.0665306927347,0.20481951402258,0.00522619387018253,0,0,0,0,0
43.345,-93.1699245287226,497.727595116097,28.0487278617733,0.206561182913771,0.00528654835446396,0,0,0,0,0
43.35,-99.3039038991855,500.229090325115,29.2876914550291,0.208009981046628,0.00530164106995645,0,0,0,0,0
43.355,-105.159808801982,505.942227133812,30.6494678060637,0.209147992020856,0.00530041154101024,0,0,0,0,0
43.36,-110.500618846212,515.150854919286,32.0070049655868,0.209985000576997,0.00530603255119377,0,0,0,0,0
43.365,-115.010275906559,527.659305055487,33.2550572951824,0.210556495854309,0.00533446928524661,0,0,0,0,0
43.37,-118.399320976071,542.792481077619,34.3140280271907,0.2109283812801,0.00539561714059289,0,0,0,0,0
43.375,-120.525097153898,559.518150344362,35.1230346868316,0.211183844139209,0.00549233929925119,0,0,0,0,0
43.38,-121.478466882054,576.659438451916,35.6259495284019,0.211408994742014,0.00562956801265813,0,0,0,0,0
43.385,-121.598491006226,593.136787421358,35.7577691829025,0.211684410848338,0.00581148027008105,0,0,0,0,0
43.39,-121.404072129284,608.171871635572,35.4396277610138,0.212073452333736,0.00604820526218131,0,0,0,0,0
43.395,-121.463889142391,621.397684813563,34.5878359746619,0.212618082557243,0.00634782722090588,0,0,0,0,0
43.4,-122.250118418782,632.852068836059,33.1369719044728,0.213331103960649,0.00671469287786763,0,0,0,0,0
43.405,-124.025898563093,642.866987407712,31.0706668201706,0.214204728969368,0.0071472740655425,0,0,0,0,0
43.41,-126.8022936496,651.895313200422,28.4483674556299,0.215208335855678,0.00763038197521215,0,0,0,0,0
43.415,-130.377026523458,660.337928852889,25.4151795357968,0.21630135340174,0.00814406923460087,0,0,0,0,0
43.42,-134.439753493392,668.422356627076,22.1872884519468,0.217442578779788,0.00865833119143389,0,0,0,0,0
43.425,-138.710245663908,676.167218782614,19.0155922795997,0.218601509782842,0.0091436099346609,0,0,0,0,0
43.43,-143.065316486969,683.429814556273,16.1390965222091,0.219756357990657,0.00957931994996208,0,0,0,0,0
43.435,-147.612392166831,690.010096385377,13.7415222852402,0.220898243818311,0.00995149079342461,0,0,0,0,0
43.44,-152.680637626013,695.761627423926,11.9220068316312,0.222021824028822,0.010261700264615,0,0,0,0,0
43.445,-158.725365184367,700.6620916637,10.6860414537153,0.223123449461793,0.0105213469261569,0,0,0,0,0
43.45,-166.172719179487,704.815466085317,9.95648493794334,0.224196823446357,0.0107473975273544,0,0,0,0,0
43.455,-175.255407866046,708.389924295799,9.59873321599355,0.225233189569966,0.0109612735529083,0,0,0,0,0
43.46,-185.8974824466,711.529452371621,9.45050370272998,0.226228954969887,0.0111772049989325,-4.9440414139547,23.181172214391,3.43740734602389,0.241275040681214,0.0126021251524406
43.465,-197.689358366161,714.281359317112,9.34758480170528,0.227178885674079,0.011405771205542,-12.8132601606532,34.2465134910775,4.61677431355309,0.24219318448127,0.0119426245580136
43.47,-209.960052177887,716.56390555247,9.14041109022784,0.228080720168492,0.0116508747877742,-22.7884291695076,48.7998857656594,6.26509122294886,0.239679397187606,0.0121450427674237
43.475,-221.916104060303,718.170080106141,8.70093672035961,0.228925224831966,0.011915671350641,-33.9386161704571,67.7766899150743,8.65129759604963,0.235000784749289,0.0128009824717035
43.48,-232.793378839629,718.783733605305,7.92304258495265,0.229698405760595,0.0122021625420174,-45.1702722686608,91.9653536310634,11.9777398494716,0.229202975072216,0.0135452489922443
43.485,-241.972090812659,717.994359164078,6.72352159816185,0.230382672420088,0.0125157678291243,-55.537305673145,121.705548598812,16.2638330226716,0.223133063782665,0.0140985492308925
43.49,-249.031287121365,715.311164095929,5.04963519657422,0.230955635000573,0.0128601361655027,-64.5098082993067,156.64977763048,21.2812127657447,0.217404000896203,0.0143016666122193
43.495,-253.747501236477,710.183720295511,2.89353047909383,0.231398892206855,0.0132385485054636,-72.1066689316494,195.663135365748,26.5837561273871,0.212390463297838,0.0141093314874583
43.5,-256.059830546281,702.033316328197,0.307743790529074,0.231696155779967,0.0136517706005739,-78.8297990107892,236.886331283426,31.6268574525038,0.208273728066753,0.0135560592262189
43.505,-256.02530400019,690.295214238688,-2.58570076186719,0.231843250345495,0.0140936604749093,-85.4114958310847,277.951206466525,35.9216769871211,0.20509279233861,0.0127182849998411
43.51,-253.779692697105,674.468095736473,-5.59847668045829,0.231846448659055,0.0145500965303853,-92.4723575862094,316.315250628339,39.1544693326552,0.202789355675179,0.011698108225568
43.515,-249.507643556879,654.163820581547,-8.49538869207253,0.231729695485333,0.0149948817732835,-100.234200084018,349.681531048629,41.225566168282,0.201235576366855,0.0106026019750249
43.52,-243.419087160514,629.150960163821,-11.0288400557172,0.231531257074989,0.0153922598349885,-108.402600220231,376.458378205442,42.20496369001,0.200249454140184,0.00954050514714755
43.525,-235.7275480348,599.386546012925,-12.9811966334355,0.231301102163084,0.0156985041748436,-116.251588809095,396.189355394548,42.2400524156412,0.199588006660127,0.00862473082198356
43.53,-226.634453603093,565.041314935777,-14.2044686951112,0.231099591368406,0.015859653669934,-122.858188693089,409.853702103456,41.4684310884204,0.198939994712508,0.00796188037292822
43.535,-216.327620174228,526.52474163607,-14.6462002113822,0.230985761512486,0.0158190540785625,-127.386012206094,419.917489073289,39.9779999010335,0.19791523835048,0.00764617582267668
43.54,-204.995782376146,484.505384411745,-14.3540212079655,0.231010224598445,0.0155178290700766,-129.321373667734,430.054205140271,37.8303296718577,0.196091628918827,0.00773484103036104
43.545,-192.850438371903,439.90838751168,-13.456801376528,0.231199848859009,0.0149027008544387,-128.601559739077,444.533536990115,35.1318380931152,0.193133613597501,0.0082076138543945
43.55,-180.136449038772,393.86800176298,-12.1285625935206,0.231544270652273,0.0139353946233287,-125.619370960859,467.386438732397,32.1157188987835,0.188957822764835,0.00893706886810719
43.555,-167.120256086488,347.628313863391,-10.5489175392498,0.231985162219326,0.0125996812283953,-121.120705602585,501.535636026279,29.1908277196263,0.183853665630374,0.00970552618090803
43.56,-154.04903633119,302.407902622686,-8.87233809948742,0.232408046362615,0.0109162319606888,-116.032222022451,548.110637565073,26.9241255894299,0.178395485032422,0.0102855943537818
43.565,-141.092224986666,259.260225365029,-7.21373035891043,0.232639602414157,0.0089575849881367,-111.266344623027,606.12820449516,25.9483979844759,0.17320799945253,0.0105190667780386
43.57,-128.28684785331,218.966444461488,-5.64993215138103,0.232461192987961,0.00685335553615563,-107.552202229508,672.616262158141,26.8154014186442,0.168743756860031,0.0103562802911803
43.575,-115.512752584987,181.988411041765,-4.23050227046604,0.23163225569121,0.00478925718546019,-105.333378848577,743.147719355328,29.8383847809905,0.16521736475114,0.00984257754793205
43.58,-102.522123955947,148.493986392743,-2.98999447625451,0.229939701784881,0.00297501437924375,-104.751291859242,812.646361762815,34.9764706195947,0.162656215116773,0.00906584293434687
43.585,-89.0364346028779,118.447215968213,-1.95597811207468,0.227231601071784,0.00160345639465742,-105.707043861725,876.276225974234,41.8043638043293,0.160992363709389,0.00813005962623681
43.59,-74.8930525627257,91.7307290488982,-1.14932218458733,0.22343399593809,0.000818313716798968,-107.970488100687,930.21821233064,49.5843427352073,0.160125309259713,0.00713537247540241
43.595,-60.1974650908405,68.2621188706949,-0.577783463000338,0.218528515226334,0.000697942650550232,-111.293959311957,972.181585143903,57.4254858045687,0.159954901735971,0.00616879384232316
43.6,-45.4128675363219,48.0627829876252,-0.227503270523538,0.212487462574719,0.00127506658968368,-115.490922305562,1001.56119785936,64.4841973324295,0.16039158537395,0.00529829868269438
43.605,-31.3318495582808,31.2551622080758,-0.059667730331062,0.20515946559315,0.00260796207010827,-120.458392094742,1019.24072726337,70.146270137994,0.161349819811612,0.00457341701080338
43.61,-18.9124799618118,17.9855230994155,-0.0164560520488386,0.195975840917441,0.00491751314483579,-126.146869163205,1027.14017520769,74.1375463184943,0.16274072966952,0.00401950898565051
43.615,0,0,0,0,0,-132.49849016979,1027.64086017188,76.5324770048759,0.164467531277417,0.00363292899614542
43.62,0,0,0,0,0,-139.383150599983,1023.06464221367,77.6666950458678,0.166424521577843,0.00338667607361831
43.625,0,0,0,0,0,-146.555770083517,1015.30589027868,77.9880226001644,0.168501917374886,0.00323640099335076
43.63,0,0,0,0,0,-153.650562438394,1005.66602950163,77.9009917638552,0.170592611951798,0.00313213750330554
43.635,0,0,0,0,0,-160.21432780323,994.858887398888,77.6563860519265,0.172606034583478,0.0030331090970428
43.64,0,0,0,0,0,-165.76997446033,983.137991610789,77.3182791418463,0.174470581188885,0.00291834637721244
43.645,0,0,0,0,0,-169.893813466661,970.474790838878,76.8072248195842,0.176143018216144,0.00278919546255718
43.65,0,0,0,0,0,-172.2883645321,956.735398625747,75.99142737743,0.177599840399091,0.00266767026387082
43.655,0,0,0,0,0,-172.831765134172,941.81059349139,74.7824258004019,0.178837495184769,0.00258126351898813
43.66,0,0,0,0,0,-171.589053400388,925.6791254831,73.1971600663914,0.179861634667819,0.00255674088619884
43.665,0,0,0,0,0,-168.781162777814,908.413505966532,71.3665431307862,0.18068573669125,0.00260581629219914
43.67,0,0,0,0,0,-164.721636348328,890.158937228263,69.4938954348039,0.181323608701356,0.00272743851902568
43.675,0,0,0,0,0,-159.742532748815,871.112566534935,67.7837331911108,0.181782845580861,0.00290732370660507
43.68,0,0,0,0,0,-154.133279257967,851.512903333978,66.3684230645461,0.182064461621929,0.00312122987188257
43.685,0,0,0,0,0,-148.10738299048,831.636241362126,65.2574507365048,0.182157619348577,0.00334872894819505
43.69,0,0,0,0,0,-141.79616897599,811.79042119607,64.3234677474096,0.182039752188896,0.00357545011171023
43.695,0,0,0,0,0,-135.259590766227,792.304973715903,63.3269832647961,0.181679683257877,0.00379750726510242
43.7,0,0,0,0,0,-128.503130918724,773.51476711509,61.971596098557,0.18104128476552,0.00402021146048348
43.705,0,0,0,0,0,-121.496411841209,755.739071396944,59.9768616248263,0.180092842465049,0.00425519261725249
43.71,0,0,0,0,0,-114.193745168582,739.259138110733,57.1522780823001,0.178817262222267,0.00451258742240146
43.715,0,0,0,0,0,-106.556235875898,724.300248345201,53.454877014268,0.177215217791507,0.00479896097040378
43.72,0,0,0,0,0,-98.5710950934121,711.025649166238,49.0148327476837,0.175314671677695,0.00510622593673737
43.725,0,0,0,0,0,-90.263248834894,699.537445947379,44.1198782209379,0.173166450153489,0.00541877552176118
43.73,0,0,0,0,0,-81.6969203234165,689.874324464226,39.1604151678506,0.170841768905497,0.00570717150148869
43.735,0,0,0,0,0,-72.9687282917589,681.998802179761,34.5479219322373,0.168421657766027,0.00594071335408586
43.74,0,0,0,0,0,-64.1968424993121,675.774443127539,30.6263099608567,0.165990355201686,0.00609239375414639
43.745,0,0,0,0,0,-55.5125016610003,670.952620973527,27.5985827119236,0.163630644548371,0.00614740741823194
43.75,0,0,0,0,0,-47.0569913989628,667.182355943347,25.4872318737379,0.161415145632933,0.00610589164765951
43.755,0,0,0,0,0,-38.9817518464701,664.047133633418,24.1389282027953,0.159400411714262,0.00597848274054602
43.76,0,0,0,0,0,-31.4454921944364,661.117183891832,23.2726046004951,0.157627939303702,0.00578817393419673
43.765,0,0,0,0,0,-24.6028623454064,657.998580571046,22.5577119434137,0.156120155442263,0.00555874277708934
43.77,0,0,0,0,0,-18.5839857779918,654.368304185029,21.7010319645149,0.154886470606314,0.00531337118733166
43.775,0,0,0,0,0,-13.4697863532482,649.990626918601,20.5167281867412,0.153923372986753,0.00506825774127506
43.78,0,0,0,0,0,-9.27251233027661,644.718052440257,18.9604804004737,0.153220137869978,0.00483440437197569
43.785,0,0,0,0,0,-5.93251254611968,638.482164860871,17.1204950888396,0.152760492905088,0.004615780721962
43.79,0,0,0,0,0,-3.33629264605703,631.283344682315,15.1732434578183,0.152529514945311,0.00441488339347273
43.795,0,0,0,0,0,-1.35116880657204,623.18143361613,13.3228116118155,0.152511678243717,0.00422838141032589
43.8,0,0,0,0,0,0.135911772720656,614.286369201877,11.7460564016594,0.152699318041014,0.00405541975039014
43.805,0,0,0,0,0,1.18928930823463,604.746058709669,10.5597398428268,0.153092687914968,0.00389704389402645
43.81,0,0,0,0,0,1.81482877483524,594.732384248532,9.81368361061391,0.15370435360999,0.00375346142351329
43.815,0,0,0,0,0,1.97096564044885,584.429471951659,9.5035494969342,0.154551427703313,0.00362829926280206
43.82,0,0,0,0,0,1.59517268769805,574.025913310592,9.59257095412498,0.15564880420889,0.00351653991445389
43.825,0,0,0,0,0,0.636328289786942,563.710653344106,10.0336728915895,0.157005295182671,0.00340590018861331
43.83,0,0,0,0,0,-0.916725391833284,553.664857931528,10.7865581852806,0.158612538669134,0.00327545677663466
43.835,0,0,0,0,0,-3.01894405064394,544.047747891247,11.8279854936881,0.160441184417757,0.0030971551997121
43.84,0,0,0,0,0,-5.57161333113505,534.980736713151,13.1536880881174,0.162451518357383,0.00284083761189624
43.845,0,0,0,0,0,-8.44470407088836,526.538742292063,14.7707379031143,0.164593896507551,0.00248375526284406
43.85,0,0,0,0,0,-11.5133110483737,518.756127905106,16.6819968840457,0.166827004148092,0.0020092687658595
43.855,0,0,0,0,0,-14.6945226923293,511.646121731239,18.8690036845809,0.169119347993589,0.00141475849150119
43.86,0,0,0,0,0,-17.9684242244104,505.226433262603,21.2823070461994,0.171460610633239,0.000708479452180555
43.865,0,0,0,0,0,-21.37132681134,499.540524666398,23.8447014364645,0.173847835237356,-9.82567797258582e-05
43.87,0,0,0,0,0,-24.962078298948,494.664405663477,26.4656997051846,0.17628987004294,-0.00098619549474499
43.875,0,0,0,0,0,-28.7764409807404,490.698428090501,29.0606707690426,0.178786035656695,-0.00193587500150194
43.88,0,0,0,0,0,-32.7896558588573,487.749483982855,31.5662877295581,0.18133026895979,-0.00292208286308693
43.885,0,0,0,0,0,-36.9039830373936,485.917837040519,33.9479543326469,0.183905807384689,-0.00392139175651973
43.89,0,0,0,0,0,-40.9671865438518,485.297874671609,36.200150404285,0.186486162041386,-0.00491093246890095
43.895,0,0,0,0,0,-44.8165981834464,485.994818343666,38.3446827390936,0.189039867551265,-0.00587018862137612
43.9,0,0,0,0,0,-48.3325235086857,488.142739228935,40.4301424594225,0.191536876797903,-0.00679032818846181
43.905,0,0,0,0,0,-51.4792393260577,491.902739852131,42.5310130809468,0.193952658609071,-0.00767121500983858
43.91,0,0,0,0,0,-54.3162091067506,497.431245536053,44.7420051632977,0.196272143987816,-0.00852050668743853
43.915,0,0,0,0,0,-56.9740117280171,504.827091782425,47.1636730423328,0.198492116378844,-0.00934762200017047
43.92,0,0,0,0,0,-59.6040886395773,514.080350496932,49.8796370977068,0.200619069726248,-0.0101576000061998
43.925,0,0,0,0,0,-62.3212838948945,525.050606584447,52.9320572246179,0.202669841008742,-0.0109464407017912
43.93,0,0,0,0,0,-65.1595112341072,537.487388129789,56.303684884069,0.204660166355783,-0.0116981019635318
43.935,0,0,0,0,0,-68.0549689601469,551.08478640811,59.9139704630159,0.206600815998645,-0.0123908626808005
43.94,0,0,0,0,0,-70.8625925287526,565.545649382688,63.6312125487168,0.208493117139241,-0.013004150444349
43.945,0,0,0,0,0,-73.4010521767412,580.624866068307,67.2964617444545,0.210325327136416,-0.0135181327233065
43.95,0,0,0,0,0,-75.5123595000663,596.138433729722,70.752137187784,0.212079787804715,-0.013923752898366
43.955,0,0,0,0,0,-77.1160244664694,611.9431946965,73.8672114088861,0.213738040549533,-0.0142152441512069
43.96,0,0,0,0,0,-78.2375406089065,627.907322488108,76.5535002346535,0.21529149912141,-0.0143973137431788
43.965,0,0,0,0,0,-79.0006915642852,643.891921603227,78.7722021578764,0.216737405688668,-0.0144741244623008
43.97,0,0,0,0,0,-79.5869598251882,659.748905095835,80.531699766103,0.218083571434172,-0.014461065604821
43.975,0,0,0,0,0,-80.1799914264712,675.330673102129,81.8807383567558,0.219342453567293,-0.0143749468519827
43.98,0,0,0,0,0,-80.9187310435217,690.500468537107,82.8995582574202,0.220528989103226,-0.0142359051801497
43.985,0,0,0,0,0,-81.8770786432234,705.137572313947,83.6905307806115,0.221654799514676,-0.0140675061571551
43.99,0,0,0,0,0,-83.0739160259968,719.136329711645,84.3681086018804,0.222733079670148,-0.0138910214037988
43.995,0,0,0,0,0,-84.5025684851639,732.399410514202,85.047932466774,0.22377311186273,-0.0137245860103894
44,0,0,0,0,0,-86.1616930921903,744.824068471382,85.8367013434313,0.224783653784896,-0.0135889316543381
44.005,0,0,0,0,0,-88.0720831436214,756.279918438549,86.8253381874023,0.225771836497598,-0.0134976476891175
44.01,0,0,0,0,0,-90.2726120448471,766.57882468843,88.0865939249614,0.226749439463897,-0.0134697523078033
44.015,0,0,0,0,0,-92.8005866040351,775.444891188705,89.6753196486505,0.227727715384238,-0.0135213770245208
44.02,0,0,0,0,0,-95.6695504376122,782.49823826764,91.6278611638373,0.228726455576618,-0.0136666159895542
44.025,0,0,0,0,0,-98.8567519976223,787.261321262824,93.956499069759,0.229767245327275,-0.0139161510152173
44.03,0,0,0,0,0,-102.307753150536,789.190464042086,96.640058774496,0.230873758583362,-0.0142762986774185
44.035,0,0,0,0,0,-105.95077949514,787.726188555565,99.6135160812212,0.232064231638905,-0.0147452455252859
44.04,NaN,NaN,NaN,NaN,NaN,-109.708470674772,782.346161227288,102.762695886678,0.233350511463665,-0.0153193300514687
44.045,NaN,NaN,NaN,NaN,NaN,-113.492157693991,772.604814722627,105.926322225449,0.234731578195056,-0.0159921355465213
44.05,NaN,NaN,NaN,NaN,NaN,-117.179822390301,758.153571560356,108.907012912669,0.236194782204238,-0.016753213594491
44.055,NaN,NaN,NaN,NaN,NaN,-120.590708878286,738.741644172919,111.487204885922,0.237710683068564,-0.0175924378346091
44.06,NaN,NaN,NaN,NaN,NaN,-123.477630716698,714.213281101263,113.447608169381,0.239248262941416,-0.0184986421596962
44.065,NaN,NaN,NaN,NaN,NaN,-125.549232256476,684.512200546083,114.585309268456,0.240771937372473,-0.0194586586223506
44.07,NaN,NaN,NaN,NaN,NaN,-126.519931961187,649.701335067753,114.728929404763,0.24225785742947,-0.0204585509812247
44.075,NaN,NaN,NaN,NaN,NaN,-126.174636466214,609.999250762807,113.750541193275,0.243694752961646,-0.0214811718800831
44.08,NaN,NaN,NaN,NaN,NaN,-124.431958576487,565.826300590301,111.574448071833,0.24509024840309,-0.0225062642083262
44.085,NaN,NaN,NaN,NaN,NaN,-121.386789538904,517.846754310784,108.181969913067,0.246476055400096,-0.0235095084221326
44.09,NaN,NaN,NaN,NaN,NaN,-117.319538204769,466.988800212664,103.61223606222,0.247901669563023,-0.0244621167392296
44.095,NaN,NaN,NaN,NaN,NaN,-112.661352908808,414.420665874207,97.9575472386245,0.249436997950966,-0.0253286092734699
44.1,NaN,NaN,NaN,NaN,NaN,-107.913829770133,361.474251540542,91.3529989450284,0.251160118031433,-0.0260679649664013
44.105,NaN,NaN,NaN,NaN,NaN,-103.531688325065,309.522508792853,83.9614954869869,0.253150869873921,-0.0266317284885913
44.11,NaN,NaN,NaN,NaN,NaN,-99.7877924084678,259.839957979499,75.9572540268897,0.255462922757563,-0.0269688069449128
44.115,NaN,NaN,NaN,NaN,NaN,-96.6513524788206,213.482598246566,67.5113477836069,0.258092758002884,-0.0270372368837712
44.12,NaN,NaN,NaN,NaN,NaN,-93.7194740795987,171.219792082039,58.7834378125859,0.260938237384132,-0.0268264568235317
44.125,NaN,NaN,NaN,NaN,NaN,-90.2444418944023,133.531538169491,49.9243194272097,0.26379291387183,-0.026362928153068
44.13,NaN,NaN,NaN,NaN,NaN,-85.2869363076533,100.663675581227,41.0930281489619,0.266375779452203,-0.0257197825605138
44.135,NaN,NaN,NaN,NaN,NaN,-77.989141682365,72.7088760393418,32.4847410767654,0.268411512537418,-0.0249899165488303
44.14,NaN,NaN,NaN,NaN,NaN,-67.9040290923872,49.6683551132423,24.3534975077969,0.269694404958928,-0.0242617019965001
44.145,NaN,NaN,NaN,NaN,NaN,-55.261992824396,31.4583782442517,17.0068838984838,0.270127478517578,-0.0236066643350155
44.15,NaN,NaN,NaN,NaN,NaN,-41.0448735672013,17.8635407490664,10.7607575292435,0.269728377118019,-0.0230974234885952
44.155,NaN,NaN,NaN,NaN,NaN,-26.7931265442786,8.47589800491051,5.86323675758219,0.268679968987892,-0.0228867914904853
44.16,NaN,NaN,NaN,NaN,NaN,0,0,0,0,0
44.165,NaN,NaN,NaN,NaN,NaN,0,0,0,0,0
44.17,NaN,NaN,NaN,NaN,NaN,0,0,0,0,0
44.175,NaN,NaN,NaN,NaN,NaN,0,0,0,0,0
44.18,NaN,NaN,NaN,NaN,NaN,0,0,0,0,0
44.185,NaN,NaN,NaN,NaN,NaN,0,0,0,0,0
44.19,NaN,NaN,NaN,NaN,NaN,0,0,0,0,0
44.195,NaN,NaN,NaN,NaN,NaN,0,0,0,0,0
44.2,NaN,NaN,NaN,NaN,NaN,0,0,0,0,0
44.205,NaN,NaN,NaN,NaN,NaN,0,0,0,0,0
44.21,NaN,NaN,NaN,NaN,NaN,0,0,0,0,0
44.215,NaN,NaN,NaN,NaN,NaN,0,0,0,0,0
44.22,NaN,NaN,NaN,NaN,NaN,0,0,0,0,0
44.225,NaN,NaN,NaN,NaN,NaN,0,0,0,0,0
44.23,NaN,NaN,NaN,NaN,NaN,0,0,0,0,0
44.235,NaN,NaN,NaN,NaN,NaN,0,0,0,0,0
44.24,NaN,NaN,NaN,NaN,NaN,0,0,0,0,0
44.245,NaN,NaN,NaN,NaN,NaN,0,0,0,0,0
44.25,NaN,NaN,NaN,NaN,NaN,0,0,0,0,0
44.255,NaN,NaN,NaN,NaN,NaN,0,0,0,0,0
44.26,NaN,NaN,NaN,NaN,NaN,0,0,0,0,0
44.265,NaN,NaN,NaN,NaN,NaN,0,0,0,0,0
44.27,NaN,NaN,NaN,NaN,NaN,0,0,0,0,0
44.275,NaN,NaN,NaN,NaN,NaN,0,0,0,0,0
44.28,NaN,NaN,NaN,NaN,NaN,0,0,0,0,0
44.285,NaN,NaN,NaN,NaN,NaN,0,0,0,0,0
44.29,NaN,NaN,NaN,NaN,NaN,0,0,0,0,0
44.295,NaN,NaN,NaN,NaN,NaN,0,0,0,0,0
44.3,NaN,NaN,NaN,NaN,NaN,0,0,0,0,0
44.305,NaN,NaN,NaN,NaN,NaN,0,0,0,0,0
