time,hip_flexion_l_power,hip_adduction_l_power,hip_rotation_l_power,knee_angle_l_power,ankle_angle_l_power,subtalar_angle_l_power,hip_flexion_r_power,hip_adduction_r_power,hip_rotation_r_power,knee_angle_r_power,ankle_angle_r_power,subtalar_angle_r_power
108.345,-0.729341388217088,0.0236053964755979,-0.0156001945203529,-0.586256674857941,-0.0225041363558198,0.000685434577630706,NaN,NaN,NaN,NaN,NaN,NaN
108.35,-0.523820212502291,0.0244726571652029,-0.0138061817877858,-0.758784138700149,-0.00571353005807398,0.000746259565637102,NaN,NaN,NaN,NaN,NaN,NaN
108.355,-0.322801300969471,0.0246883841353344,-0.0122463883118052,-0.919864542555325,0.00871950834302787,0.000801327605472995,NaN,NaN,NaN,NaN,NaN,NaN
108.36,-0.128474747298477,0.0244021096345876,-0.0106316928730505,-1.06473430131614,0.0200930061336906,0.000852223990303144,NaN,NaN,NaN,NaN,NaN,NaN
108.365,0.0568728777092624,0.0236475319955547,-0.00892431526185569,-1.18931816396896,0.02769735799655,0.000897303154396292,NaN,NaN,NaN,NaN,NaN,NaN
108.37,0.230621495954561,0.0224833125883193,-0.0070994034079449,-1.29080674397188,0.0310293731278886,0.000931966145326489,NaN,NaN,NaN,NaN,NaN,NaN
108.375,0.398628559819508,0.0209882368152861,-0.00515053081637835,-1.37221878373151,0.0298480453949025,0.000947963278651024,NaN,NaN,NaN,NaN,NaN,NaN
108.38,0.552763769901965,0.0192546604537457,-0.00309315357953137,-1.42877410979209,0.0242193410681179,0.000933119737027416,NaN,NaN,NaN,NaN,NaN,NaN
108.385,0.68975631896058,0.0173808009146107,-0.000965587002460273,-1.45966532210187,0.0145448753083164,0.000871661007353812,NaN,NaN,NaN,NaN,NaN,NaN
108.39,0.808254631001227,0.0154625939282287,0.00117266368210456,-1.46603938387088,0.00156941358438957,0.000745272520263443,NaN,NaN,NaN,NaN,NaN,NaN
108.395,0.903650768079491,0.0135859335234985,0.00324508872285442,-1.44748403386963,-0.0136373580292465,0.000534955339932667,NaN,NaN,NaN,NaN,NaN,NaN
108.4,0.966466106977835,0.0118201228718489,0.00516446472746789,-1.40147848466704,-0.0297283120545454,0.000223641373479664,NaN,NaN,NaN,NaN,NaN,NaN
108.405,1.00760737219388,0.0102132690875366,0.00684060781247284,-1.33933239939373,-0.0451575133305007,-0.000200583932745267,NaN,NaN,NaN,NaN,NaN,NaN
108.41,1.02661513140515,0.008790152383865,0.00818878875634741,-1.26420291897611,-0.0582897365202076,-0.00074092321031782,NaN,NaN,NaN,NaN,NaN,NaN
108.415,1.02599116812846,0.00755280129098675,0.00913794446046873,-1.1801857893555,-0.0675379447410706,-0.00138835307578081,NaN,NaN,NaN,NaN,NaN,NaN
108.42,1.008484935018,0.0064836408739505,0.00963784974023244,-1.09080049789555,-0.0715228444422331,-0.00211861374887157,NaN,NaN,NaN,NaN,NaN,NaN
108.425,0.97039738613743,0.00555069625357834,0.00966453001975253,-0.996760980770853,-0.0692456012053855,-0.00289019630553991,NaN,NaN,NaN,NaN,NaN,NaN
108.43,0.913399567536464,0.00471398701321032,0.00922338139944783,-0.900274915873595,-0.0602620053143945,-0.00364379824239245,NaN,NaN,NaN,NaN,NaN,NaN
108.435,0.839828943957333,0.00393200086323332,0.00834969655806937,-0.803080848856594,-0.0448441521779073,-0.00430363003573659,NaN,NaN,NaN,NaN,NaN,NaN
108.44,0.738657505983424,0.00316704259648816,0.007106547509507,-0.69628440178346,-0.0241143883075817,-0.00478080338751055,NaN,NaN,NaN,NaN,NaN,NaN
108.445,0.624229633946298,0.00238835525971256,0.00558022459376384,-0.591213513154839,-0.000136165181481777,-0.00497882543982934,NaN,NaN,NaN,NaN,NaN,NaN
108.45,0.504066812269134,0.00157221638637863,0.00387365353159712,-0.491062676145764,0.0240522456978802,-0.00480098074940971,NaN,NaN,NaN,NaN,NaN,NaN
108.455,0.382554370824999,0.000698701962299498,0.00209839165987686,-0.395998004367937,0.0444724020551086,-0.00415912998896156,NaN,NaN,NaN,NaN,NaN,NaN
108.46,0.272919252744688,-0.0002545710730815,0.000365928340204464,-0.308828949614846,0.0563156596964572,-0.00298322173562297,NaN,NaN,NaN,NaN,NaN,NaN
108.465,0.170359557236578,-0.00132075242309549,-0.00122092433857017,-0.225496230115333,0.0541299248353477,-0.00123063305889952,NaN,NaN,NaN,NaN,NaN,NaN
108.47,0.0779746426679023,-0.00255254784583118,-0.0025757689185265,-0.146062648458595,0.0320783317856176,0.0011056453398125,NaN,NaN,NaN,NaN,NaN,NaN
108.475,-0.000325045250587693,-0.00402950014197092,-0.00363477531475469,-0.0713011190618234,-0.0157416348102233,0.00399096148447922,NaN,NaN,NaN,NaN,NaN,NaN
108.48,-0.0599292903962815,-0.00586162311569778,-0.00436066507576829,-0.00174866067405152,-0.0949363520041789,0.00734595910079419,NaN,NaN,NaN,NaN,NaN,NaN
108.485,-0.104244289904039,-0.00818744302920558,-0.00474412403203071,0.0622586340323507,-0.210434695738611,0.0110471814681052,NaN,NaN,NaN,NaN,NaN,NaN
108.49,-0.133341867520002,-0.0111650586566965,-0.00480246180645773,0.118181590483802,-0.366113895602359,0.0149316464907423,NaN,NaN,NaN,NaN,NaN,NaN
108.495,-0.145345312253467,-0.0149557177432702,-0.00457558500088199,0.163131711107607,-0.564460977222524,0.018805336196702,NaN,NaN,NaN,NaN,NaN,NaN
108.5,-0.142211244775059,-0.0197005343241071,-0.00411960887098272,0.193559518736656,-0.806297285239933,0.0224551392224674,NaN,NaN,NaN,NaN,NaN,NaN
108.505,-0.130214198408428,-0.0254921984414995,-0.00349868033244722,0.2041667699272,-1.09059015439854,0.0256634016797726,0.94967653093145,0.153507579353565,-0.000725085419821925,-0.85013982031608,-0.0983557092729753,-0.0051783240794106
108.51,-0.112012468325681,-0.0323446845468416,-0.00277580185285932,0.189481263419787,-1.41436999781463,0.0282239247894437,0.897623891322577,0.139502210458858,-0.001059179781796,-0.708098997657669,-0.0881900178871079,-0.00362157899290432
108.515,-0.0908332947694549,-0.0401648642912341,-0.00200360943396954,0.144298401013066,-1.77276335291422,0.0299580352562233,0.836655288896008,0.124647719969935,-0.00122355814695757,-0.558762609557091,-0.0772608492848041,-0.00231425315259918
108.52,-0.0696789235278093,-0.0487304070249594,-0.00121614813926652,0.0645136816752805,-2.15914344103415,0.0307292736454643,0.764285817180269,0.109310306185756,-0.00124214507474143,-0.405220462492288,-0.0658466706141233,-0.00128489224101278
108.525,-0.0482444493606744,-0.0576782835718478,-0.000422688661465377,-0.0569819753169821,-2.56539039373566,0.030455309437568,0.68692853098464,0.0938545438844691,-0.00114500050760147,-0.251148717973656,-0.0542989211816765,-0.000544975520845338
108.53,-0.0278085365888113,-0.0665075166873121,0.000395472779888576,-0.224872840093891,-2.9822443877871,0.0291158957470756,0.605884365598193,0.0786363802641789,-0.00096524627777237,-0.101658625221692,-0.0430233054821906,-8.81514124919756e-05
108.535,-0.00884127559095019,-0.0745985640261025,0.00128449448221163,-0.441708461719557,-3.39972739246451,0.0267560039356169,0.5221724420512,0.0639974265188722,-0.000736070236819553,0.0372903628629516,-0.0324505848395318,0.000109143303660254
108.54,0.00777760124608019,-0.0812499767268487,0.00231331588492569,-0.704075477504116,-3.80760381601636,0.0234836977866879,0.435491127287092,0.0502600629007806,-0.000488078413344089,0.162020302123598,-0.0229989344306701,8.56402261732819e-05
108.545,0.0212242121626329,-0.0857309231172908,0.00356478138695457,-1.01717860149101,-4.1958475694853,0.0194627776426464,0.349873303030144,0.0377227906839167,-0.000247202557666523,0.266889452801229,-0.0150313439839849,-0.000108127624183095
108.55,0.0330165302094702,-0.0873460335672134,0.00512294877222381,-1.37871357745303,-4.5550831878683,0.0149006995486694,0.267078328658399,0.0266552864334586,-3.3289477172572e-05,0.344761987267906,-0.00881269381033134,-0.000414269793076649
108.555,0.0457350356262394,-0.0855070716276506,0.00705742229471342,-1.78729053510336,-4.87697159445228,0.0100327043434852,0.19080832034887,0.017292740931311,0.00014058863294056,0.386041746147486,-0.00447185227431821,-0.000772678359340846
108.56,0.0633980888166517,-0.0798044313077563,0.00940597529231725,-2.24205615754856,-5.15451650436297,0.00510343287732259,0.12542934305016,0.00982928200130324,0.000268145504896514,0.376772237896943,-0.00197426890572637,-0.00112637873687436
108.565,0.0861592730789019,-0.0700706309391134,0.0121570776135504,-2.72450117121375,-5.3822747345287,0.000347522348825047,0.0672563183880158,0.00441056010518801,0.000349323021998479,0.318317959022912,-0.00110998762287442,-0.00142654923302824
108.57,0.115160086099816,-0.0564279862850155,0.0152341742702261,-3.22297740245154,-5.55646204853641,-0.00402924483111135,0.0181171831522098,0.00112588127667514,0.000389318140227906,0.207940558641892,-0.00150075971916187,-0.00163667017849176
108.575,0.1427695371165,-0.0393135742779524,0.0184836355945792,-3.72099982411766,-5.67495477131699,-0.00786673850605088,-0.0264887870418204,5.61522735344071e-07,0.000397367589998166,0.058261703363269,-0.00262806426732273,-0.00173533230067315
108.58,0.171306407224762,-0.0194764113973869,0.0216681899055107,-4.20619741943624,-5.73719543977685,-0.0110639288137566,-0.0588514723439337,0.000989407258874514,0.000385458186511055,-0.132066760169144,-0.0038814991077217,-0.00171736671316202
108.585,0.204121339259079,0.00205567686582441,0.0244673479301584,-4.66620966395195,-5.7440175058074,-0.013588003764482,-0.0735656215600077,0.00397235902191887,0.000367104799818253,-0.365390596507245,-0.00462442093712696,-0.00159314434156557
108.59,0.239983754731136,0.0240389718235033,0.0264858440349194,-5.08758367349209,-5.69740905855037,-0.0154785627656782,-0.0693680455202814,0.00875334133420686,0.000356298134355683,-0.635767184666407,-0.00427117825232578,-0.00138611122690904
108.595,0.282434568522955,0.0451028183387062,0.0272704828654211,-5.46021740304668,-5.6002383966807,-0.0168467098966455,-0.0444032106800955,0.0150632245071772,0.000366677995927954,-0.959416063766029,-0.00236811436456052,-0.00112885169368118
108.6,0.32392584386603,0.0638578448300683,0.0263350399123249,-5.77216132410356,-5.45596501905751,-0.0178692745061618,-0.00142382572862393,0.0225675252977275,0.000410942134334007,-1.30667941865961,0.0013309702326001,-0.000858173912570149
108.605,0.36110200038856,0.0790141799824484,0.0231920840047644,-6.01586734798959,-5.26835840237282,-0.018778737687575,0.0591250465042425,0.0308790714417654,0.000500462317982111,-1.66421158816279,0.00680475293246598,-0.000609862194370071
108.61,0.391745460360688,0.0894987645946779,0.0173898408576982,-6.18706242721332,-5.04124416757746,-0.0198497109741787,0.136108390504774,0.0395753660806296,0.00064505237820375,-2.02022838025342,0.0137290038446319,-0.000413812152522488
108.615,0.416257040492841,0.0945602994434157,0.00855157368364403,-6.28489745635943,-4.77829338511537,-0.021382979450611,0.225869439315738,0.0482198622375525,0.000852819653659004,-2.36497465907578,0.0214734044185769,-0.000290241933774882
108.62,0.428409416652568,0.0938509994789725,-0.00358551168356142,-6.31163311447785,-4.48286634486926,-0.023688179738475,0.327071757983236,0.0563858547054741,0.00113003148122739,-2.6834360812594,0.0291352235927453,-0.000247550091381183
108.625,0.426910305761186,0.0874761200638671,-0.0191350675950228,-6.27285640728102,-4.15791758095671,-0.0270661415053349,0.437133635704214,0.0636812799372814,0.00148094024716335,-2.96476402358032,0.0356107348730696,-0.000282177079812262
108.63,0.41145076952595,0.0760050288624196,-0.0380333120317739,-6.17694228790231,-3.80596463883266,-0.0317917986114225,0.553016202674533,0.0697724419236934,0.00190753097073093,-3.19977575556866,0.0397009281796907,-0.000380545270584581
108.635,0.382754245326265,0.0604411468171154,-0.0600205328538693,-6.03448764333953,-3.42911920108878,-0.0380984009256843,0.671327718694715,0.0744045989400209,0.00240918082692258,-3.38138057555835,0.0402436232711888,-0.00052283621374838
108.64,0.343844631468115,0.0421520166912473,-0.0846347001685942,-5.8590552981272,-3.02917580774957,-0.0461635627902489,0.792332139265286,0.0774174782082362,0.00298224680491556,-3.50290588258044,0.0362600275927659,-0.000688056112649874
108.645,0.295760892286763,0.0227646753149229,-0.111218688377888,-5.66225454288889,-2.60775046924289,-0.056097501025915,0.910317752014342,0.0787541344727739,0.00361962261519694,-3.56376027313802,0.0271006069580323,-0.000859586461064517
108.65,0.241316443061816,0.00403500022072701,-0.138941628015902,-5.45652073096725,-2.16645887133184,-0.0679336708822526,1.02072601484995,0.0784621094261725,0.004310326380058,-3.5648411038399,0.0125733069221192,-0.00103025842029231
108.655,0.184091381234917,-0.0122975942729597,-0.166833830389975,-5.25382112266123,-1.70712150862992,-0.0816219200852814,1.12008445695523,0.0766865318083643,0.00503919460952957,-3.50892663001509,-0.0069629784200347,-0.0012059590180188
108.66,0.127749845383467,-0.0246571117289199,-0.193833641697354,-5.06458403919267,-1.23198091386481,-0.0970242552624838,1.20531648789738,0.0736555522817365,0.00578676411453815,-3.4008859472983,-0.0305550570283582,-0.00140689178383278
108.665,0.0756211124786578,-0.031766213288342,-0.218843577065972,-4.88972802510007,-0.743914234403346,-0.113913345046566,1.2686717704938,0.0696592499435359,0.00652942096950164,-3.24729229040908,-0.0566739652496225,-0.00166587237890006
108.67,0.030915261794069,-0.0327573177054666,-0.240792243644673,-4.74182150694052,-0.246622928792268,-0.13197395161821,1.31234303751646,0.0650237938202873,0.0072398839586306,-3.05596315253901,-0.0833018522076546,-0.00202341933527315
108.675,-0.00413125103289953,-0.0272492971306718,-0.258697958759648,-4.62462789012475,0.255219392596542,-0.150807559514023,1.33591366515822,0.0600831173737573,0.00788806911376981,-2.83546197398406,-0.108087177713266,-0.00251986044212544
108.68,-0.0282547007602188,-0.0153826704095108,-0.271729660336694,-4.52863325397527,0.755879617095926,-0.169940524259893,1.33419375625739,0.0551506106249792,0.00844235251551865,-2.58536199035959,-0.128560981130231,-0.00318516077316076
108.685,-0.0414824618996437,0.00218994579467095,-0.279260726698579,-4.42872303609264,1.24855511213824,-0.188836060976495,1.29588876685315,0.0504933234489301,0.00887121174025612,-2.29678226821662,-0.142399811984616,-0.00402762418259298
108.69,-0.043678749309231,0.0243571996181644,-0.280911681334778,-4.35006195764915,1.72545436387627,-0.206910307257785,1.2385075083255,0.0463109063355629,0.00914518433388918,-2.01034237216002,-0.147714534469398,-0.00502296076338195
108.695,-0.0354648126116196,0.0496411864707028,-0.276578439202411,-4.28490472183822,2.17797623391495,-0.223552508515657,1.16446453854701,0.0427210238391937,0.00923903759829644,-1.73313439142933,-0.143339360807006,-0.00610539054434557
108.7,-0.0179838873822695,0.0763198950022768,-0.266443712821462,-4.23195115232144,2.59698870865393,-0.238149085247618,1.0807201593708,0.0397523200993205,0.00913400185845689,-1.47505908323612,-0.129092763020721,-0.00716242712667025
108.705,0.00721907466560314,0.102568648862657,-0.250970373562508,-4.180985158727,2.97319958898348,-0.250110965056392,0.989612175269416,0.0373452730043888,0.00881988406138889,-1.23809025664897,-0.105981812664939,-0.00803473577590529
108.71,0.0385146363349051,0.126607677691837,-0.23087687075403,-4.1181118701034,3.29760245870822,-0.2589031300956,0.891823961114544,0.0353605299300963,0.00829685522533049,-1.02175033833114,-0.076324221242537,-0.00852199811973146
108.715,0.0744369530825604,0.146842612233387,-0.207096148124458,-4.03555544978822,3.56197235758202,-0.264074890556298,0.791017735021196,0.0335936565119403,0.00757669885304276,-0.827546687360077,-0.0437678435625513,-0.00839507824314083
108.72,0.113284172052267,0.161985638663753,-0.180720754775814,-3.9497791516528,3.7593778792015,-0.265289004596358,0.691375001787211,0.0317947194639635,0.00668332191347666,-0.653323559329762,-0.0131953167592737,-0.00741403693525773
108.725,0.153969518997567,0.171147152803742,-0.152937917953236,-3.85031932091164,3.8846709331336,-0.262347485991571,0.595898310426507,0.0296908110638898,0.0056523676182124,-0.50038177290652,0.00948878029731785,-0.00535076631295545
108.73,0.196449187653635,0.173890792954397,-0.124959130026547,-3.72089736522247,3.93491304573647,-0.255211830420356,0.507017577644099,0.0270095248622556,0.00452982985150651,-0.368905542665008,0.0176801969415868,-0.00201431074428135
108.735,0.240999317378843,0.170248373971338,-0.0979492269227178,-3.56069363947475,3.90969845817269,-0.24401549622616,0.426978477074179,0.0235014993797269,0.00336964987670026,-0.256757230654185,0.00448804285359306,0.00272360428033493
108.74,0.284031204893717,0.160695110211684,-0.0729599553135821,-3.38689845863712,3.81133967421966,-0.229066822955151,0.35549796762133,0.0189604242359119,0.0022303711063099,-0.163354908166186,-0.0367895938561163,0.0089056152437349
108.745,0.328316385589047,0.146089200859769,-0.0508726339340358,-3.19011333525897,3.64489032656496,-0.210841161164993,0.295134734453252,0.0132392987977707,0.00117102897268677,-0.0829396234995898,-0.112163014089796,0.0164711182506793
108.75,0.37560932215273,0.127582986166509,-0.0323537430108173,-2.971234296332,3.41799260975797,-0.189961788220522,0.246379993427313,0.00626218609968288,0.000246550027838953,-0.0129233572152415,-0.226461271679073,0.025246484929611
108.755,0.426362602118862,0.10651516528758,-0.0178261955415722,-2.7354748196642,3.14055098765872,-0.167170132883984,0.209224618316614,-0.00196884500644301,-0.000496983823208734,0.0485188690509797,-0.38289645063995,0.0349449358235456
108.76,0.477382415311267,0.0842947958796636,-0.00745775748410629,-2.49049313089537,2.82424902516989,-0.143286834523701,0.185396354539278,-0.0113714980689657,-0.00102679440593998,0.104633268249866,-0.582719906854533,0.0451770351714711
108.765,0.532485631860793,0.062287894769469,-0.00116671429541396,-2.23930004592932,2.48194046459798,-0.119166110617456,0.168805977799215,-0.0217853428625385,-0.00132715772991582,0.156037026428595,-0.825002030079919,0.0554717327440683
108.77,0.591438721637214,0.0417164774683883,0.00135644068726093,-1.98731172859307,2.12695754185621,-0.0956466843293161,0.157252175076355,-0.0329776072811114,-0.00140203486206896,0.202484556201512,-1.10655747925015,0.0653067880411851
108.775,0.652584428174715,0.0235779789488384,0.000613672508780229,-1.73797789017482,1.77238770684618,-0.0735030286170838,0.148923139481007,-0.0446519373635003,-0.00127623683790935,0.243130735100602,-1.42202598972521,0.0741463895364871
108.78,0.714030067420461,0.0085904490664929,-0.00274631536870024,-1.49541994419871,1.4303734404317,-0.053400836552231,0.141245939036634,-0.056459372632673,-0.000994883039913785,0.27651784300599,-1.76410585237476,0.0814829409281994
108.785,0.774448057974598,-0.00283396853359304,-0.00798037972224033,-1.26499989460354,1.11148830320627,-0.0358603891135696,0.131123952567986,-0.0680108347025675,-0.000621052679466026,0.300581764317597,-2.12392426494921,0.0868794225495676
108.79,0.831174211722279,-0.0105876507447198,-0.0143058170562805,-1.0493068473538,0.824235812737692,-0.021230867219083,0.11661632058312,-0.0788905350344414,-0.000231692731006683,0.312881457924181,-2.49151720664815,0.0900085148048987
108.795,0.882271330717737,-0.0148411569230412,-0.0209539760121524,-0.850786961038631,0.574706869091648,-0.00967769747103711,0.0959718112364923,-0.0886698573033978,8.79811892653536e-05,0.314234765164461,-2.8563824110933,0.0906848215046614
108.8,0.923943009567024,-0.015996915272965,-0.0272191910756282,-0.669680486134103,0.366417342320575,-0.00118382734906738,0.0687802778454521,-0.0969214455111145,0.000251188026038584,0.299781118015034,-3.20806328485924,0.0888870455291555
108.805,0.953020077457517,-0.0146292178699214,-0.0325002691653317,-0.50618915958413,0.20033154895241,0.00443547581636005,0.034933388715411,-0.103233412501028,0.000176842512162223,0.265898828098694,-3.53671976372354,0.0847678009445571
108.81,0.967224497952904,-0.0114173397034365,-0.0363325197485757,-0.360392969114715,0.0750612983793413,0.00750597109127455,-0.00509538706590317,-0.107223751348536,-0.000203275427122794,0.209842976156212,-3.8336442358387,0.0786498152160128
108.815,0.965588037925211,-0.00707838800282075,-0.0384091058308272,-0.232299610470412,-0.0127844106559798,0.00845868596505314,-0.0507033218237323,-0.108555154471203,-0.00093814389620794,0.128818544669174,-4.09168649291275,0.0710084785187468
108.82,0.945759075198866,-0.00230565586398358,-0.0385912346267292,-0.12198071406281,-0.0681357137370389,0.00778858252333263,-0.100434035098086,-0.106950488331147,-0.00205260400895527,0.0221020284843533,-4.30556052201034,0.0624419159248307
108.825,0.907503812871874,0.00228302714828029,-0.0369073538411511,-0.0298919179370703,-0.0969287441160917,0.00601156674965715,-0.152022512372926,-0.102209102565554,-0.00354455658654069,-0.11091492258252,-4.47201684928767,0.05363087114725
108.83,0.854971822453892,0.00618398366643209,-0.033542050074432,0.0439227109413363,-0.105550910501986,0.00362372925657859,-0.203037697512966,-0.0942239477034954,-0.00538471474680452,-0.273794749290369,-4.58987593792363,0.0452915863674059
108.835,0.788667662005575,0.0090320293615789,-0.0288157623262125,0.101792435673799,-0.100311234804393,0.00106627219914778,-0.250806743589482,-0.082999129767502,-0.00751917127192905,-0.464471647558244,-4.65992962321462,0.0381254536253012
108.84,0.708316391163246,0.010610530049954,-0.0231567460236771,0.142394654528545,-0.0869769739827881,-0.00130119284172324,-0.292556604536945,-0.0686670631417579,-0.00987478826295252,-0.677256707429591,-4.68472762480927,0.0327694452399577
108.845,0.617172373718197,0.0108484359332256,-0.0170669795232427,0.163560620072289,-0.0704089363454239,-0.00321729421171332,-0.325871665714913,-0.051503845020294,-0.0123671383612977,-0.908295616402165,-4.6682739054579,0.0297511885801819
108.85,0.520885498926268,0.00980642063315713,-0.0110839213106651,0.173850541308708,-0.0543167851157951,-0.00452492610101936,-0.350703998314412,-0.0319409440433234,-0.01491044572398,-1.14053397661971,-4.61566244438719,0.0294520579583177
108.855,0.421689607342656,0.00765476758381238,-0.00574021660039954,0.165334913346987,-0.0411434369684072,-0.00516717032320247,-0.36412825595707,-0.0105708722069893,-0.0174287179621425,-1.37955682748052,-4.53268361307151,0.0320808721171996
108.86,0.32386853662049,0.00464583392715938,-0.00152361431321974,0.135140946229024,-0.0320756486604551,-0.00517458457638703,-0.365293812074471,0.0118556991752071,-0.0198670550399266,-1.61989913629233,-4.42543089939233,0.0376597958068976
108.865,0.232333367479556,0.00108384068291646,0.00116053104982891,0.0695107327150471,-0.0271671495482769,-0.00464604801833769,-0.353557681779961,0.034443812810052,-0.0222019932559385,-1.85825649518635,-4.29993367472295,0.046022951631499
108.87,0.151639461039132,-0.00270553572022193,0.00202176865838921,-0.0574244006739896,-0.0255520975826096,-0.00372578542726008,-0.328651094431363,0.0561810303724621,-0.0244497125233523,-2.09293872937163,-4.1618357522442,0.0568271630268794
108.875,0.0836842868305555,-0.00640368210122693,0.000909765088447684,-0.218402079547885,-0.0257207883928297,-0.00257931084864683,-0.293870864426107,0.075978209580515,-0.0266710162573388,-2.30943686658798,-4.01613252215793,0.0695732755304866
108.88,0.031396582368182,-0.00972401963473157,-0.00216981993815264,-0.411344220560563,-0.0258266845453907,-0.00137085583687438,-0.251443801945772,0.0927240140792325,-0.028972188583093,-2.50220572536621,-3.86697239884951,0.0836357317567355
108.885,-0.00324214540705261,-0.0124321949961387,-0.00705038079893516,-0.625449907396692,-0.0239938985906368,-0.000244422558583057,-0.204495137258019,0.105351355506171,-0.0315011355994576,-2.66618704756058,-3.71752204167711,0.0982975734728237
108.89,-0.018973644687076,-0.0143606526037089,-0.0134112667997373,-0.835275482273874,-0.0185969395656119,0.000690003077509287,-0.156962169578121,0.112912280729852,-0.0344386071074719,-2.79689072778828,-3.56989001356791,0.112787850343826
108.895,-0.0144328832885722,-0.0154171054717112,-0.0207966414295303,-1.05944001492013,-0.00848930432904825,0.00136424745179442,-0.109980794387537,0.114656207533103,-0.0379847431622745,-2.8949340044946,-3.4251006680039,0.126318534052895
108.9,0.00997459849220954,-0.0155867517004422,-0.0286454638473667,-1.29160968748242,0.00683626628261428,0.00175364430420915,-0.0661736946128384,0.110105102359389,-0.0423416582173072,-2.96046893953413,-3.28310925023498,0.138118439133404
108.905,0.0530515022478932,-0.0149284029579039,-0.0363307829215406,-1.52475355102417,0.0271660058002666,0.00187318008198862,-0.027765542893099,0.0991183996791308,-0.0476932212781191,-2.99531617839734,-3.14285029413664,0.147462278334657
108.91,0.112897042465136,-0.013565014812023,-0.0432056289814771,-1.75243372794152,0.0515647439149968,0.00176918144401578,0.00351179610347576,0.0819403604986493,-0.0541835686156798,-3.00277987045075,-3.00231394363426,0.153693748689049
108.915,0.186783822901901,-0.0116694406662171,-0.0486520577071208,-1.98404907194951,0.0784530291455318,0.00150801407460709,0.0257134265390767,0.0592232660640239,-0.0618961543470687,-2.98634291709288,-2.85864816887146,0.156242360122465
108.92,0.27196140015699,-0.00944656054076816,-0.052129441018585,-2.19499919451477,0.105751830795089,0.00116345376537926,0.0398912846333765,0.03202136010225,-0.0708352691673137,-2.95321908704632,-2.70828820873255,0.154634484750611
108.925,0.365296104391765,-0.00711323630525651,-0.053217984349571,-2.3786038212891,0.131079999958319,0.000804394975435642,0.0464548160504402,0.00175270466761771,-0.0809119159054294,-2.90984216950157,-2.54711717114445,0.148499733163352
108.93,0.463535498376246,-0.00487777694896593,-0.0516537153552189,-2.52924101668214,0.151986079300147,0.000484394364907837,0.0464118714803556,-0.0298710848043918,-0.0919357143187715,-2.86289396520851,-2.37066288066471,0.137574182312048
108.935,0.563003232264521,-0.00292071649358983,-0.0473518296546243,-2.64540906240705,0.166193857095157,0.00023423685782121,0.041277185387608,-0.0609441811530577,-0.103614124937315,-2.81767941034506,-2.1743353022874,0.121702140967696
108.94,0.658874730280604,-0.0013786729338883,-0.0404162434795835,-2.73307256930117,0.171840273614819,5.82994003365446e-05,0.0328766058211598,-0.0894888893189731,-0.115559757335117,-2.77633792735895,-1.95370599760256,0.100838026045514
108.945,0.750057697299079,-0.000332843230588333,-0.0311343998207387,-2.7786585907363,0.167684867024982,-6.4981739477543e-05,0.0228722037166248,-0.11359227624173,-0.12730590075981,-2.74884355554363,-1.70482622029782,0.0750495521056674
108.95,0.834097798323237,0.000196706403024482,-0.0199576829408896,-2.78228689313295,0.153271818547917,-0.000178713361285081,0.0130765681194291,-0.131546430522803,-0.138329734390237,-2.73864639746639,-1.42457390106717,0.0445228546332039
108.955,0.909262333635013,0.000250349860546023,-0.00746908014532915,-2.74690244557917,0.129028726385428,-0.000339834318284813,0.00506556701358401,-0.141980701168685,-0.148081997044026,-2.74988918814764,-1.11101266762206,0.00956945000625303
108.96,0.974756096803501,-7.8133635301086e-05,0.00565914449920513,-2.67812597808103,0.0962903840702394,-0.000609076251396465,-3.77193402371647e-05,-0.143974361869066,-0.156021280053076,-2.78817408201964,-0.763739165824296,-0.0293658246307382
108.965,1.0282970815777,-0.000654187400259494,0.0187141478568111,-2.57550312532675,0.0572409069718957,-0.00103984168490922,-0.00152635797385486,-0.137139364973249,-0.161650607143622,-2.84565234050906,-0.384189365763031,-0.0716974470237413
108.97,1.06907369080093,-0.00131930516913219,0.0309934655979166,-2.44387163212346,0.0147733374878257,-0.00166737510056882,0.000963068183201707,-0.121665097318422,-0.1645536286468,-2.92001252625245,0.024128707559059,-0.116694513626458
108.975,1.09576358329265,-0.00191016349404203,0.0418540238555848,-2.2786779273536,-0.0277279020912553,-0.00249959066170426,0.00738397378678427,-0.0983201296206003,-0.164427619925294,-2.9938445596684,0.455508417845355,-0.163481093887465
108.98,1.10722392888018,-0.00227787423706237,0.0507552993377149,-2.07746031692957,-0.0666699910281904,-0.00351076699538237,0.0175902086735007,-0.0684095766580428,-0.161110556907209,-3.04369721395115,0.902053004352607,-0.21104399808079
108.985,1.10574872298877,-0.0023051459714182,0.0572933736817985,-1.86829150965703,-0.0985823624627404,-0.0046390378633999,0.0310823471830567,-0.0336905147658165,-0.154599850170376,-3.09076489031389,1.35384032912031,-0.25824996490817
108.99,1.09208616080242,-0.00191939299126577,0.0612235472737244,-1.65656613654682,-0.12047199272157,-0.00578822245287955,0.047258254839257,0.00374842623480287,-0.145060840983466,-3.12862516150744,1.79925384922893,-0.303873589874011
108.995,1.06490248013493,-0.00110033343664814,0.0624702599136394,-1.45099479243787,-0.130176294839683,-0.00683408546365841,0.065187828756493,0.0416340131791766,-0.13282386868321,-3.16566472720454,2.22547573266831,-0.346636350610517
109,1.02586103862002,0.000118686484347381,0.061124194893523,-1.25380560961353,-0.12668433209113,-0.00763463804742876,0.0841820412120256,0.0776702518674506,-0.118369562931018,-3.19645764934769,2.61912244231846,-0.385255926589424
109.005,0.97844697354284,0.00165560663967636,0.057427507390728,-1.06488054412157,-0.11039696332424,-0.00804363325411017,0.1042246496956,0.109702124845276,-0.10230293635163,-3.20575984705595,2.96698754637358,-0.418503773489676
109.01,0.924443279991919,0.00338997548747685,0.0517490218613659,-0.88679602492791,-0.0832988413801876,-0.00792602143347689,0.125443150661532,0.135868025645963,-0.0853177809263014,-3.19036381438173,3.2568427209667,-0.445267731308361
109.015,0.86104387312307,0.00517717057343848,0.0445519159504018,-0.718756197954169,-0.0490199879245116,-0.00717385493091043,0.146640049084432,0.154728651917878,-0.0681537264813526,-3.15138806184225,3.47823760960119,-0.464615459855236
109.02,0.793167776111179,0.00686453727677054,0.0363568104489838,-0.564652043522336,-0.0127718147508564,-0.00572100097773167,0.16897511000666,0.165362157002266,-0.0515490220226841,-3.08650729855911,3.62323387163355,-0.475853835704584
109.025,0.724523781138505,0.00830727718229955,0.0277033076040448,-0.426151193431915,0.0188484410286302,-0.00355505693566902,0.193938404966686,0.167418284740354,-0.0361925773924926,-2.995134483458,3.68700942383264,-0.478579216505667
109.03,0.658915402070245,0.00938203977653092,0.0191128837043554,-0.30418059794166,0.038180485094428,-0.000725066431305278,0.222687105262738,0.161127755536213,-0.0226789952594364,-2.8837667705666,3.66827598433798,-0.47271374871258
109.035,0.608850801789,0.00999659089864416,0.011055688905689,-0.201066420222013,0.0369356546428589,0.00265600619927525,0.256638716728539,0.147267005997994,-0.0114701957691075,-2.78478472922539,3.56946628840506,-0.458523680113905
109.04,0.562969244530452,0.0100945906102421,0.00392329485633374,-0.109616083561336,0.00671782864923262,0.00641460443839849,0.29632743128513,0.127082157136007,-0.00286678119677813,-2.66833395717468,3.39666575171967,-0.436616898454791
109.045,0.522236258240018,0.00965531673568181,-0.00199117796963447,-0.02976719493747,-0.0604040602983814,0.0103257156043218,0.342221801778387,0.102179452465245,0.00300846853810059,-2.53709310039443,3.15928524099182,-0.407918553046817
109.05,0.475728160698953,0.00868899851878026,-0.00650476482504795,0.0381209098254999,-0.171313007263506,0.0141272437956223,0.389880862586092,0.0743920638969697,0.00621357747527808,-2.3882734678615,2.86949480392301,-0.373625477250671
109.055,0.415611796099063,0.00722915014245811,-0.00954802956684926,0.0917167373308062,-0.331294751630872,0.0175385169153693,0.434136943216622,0.0456348770909758,0.00697659270900813,-2.2201860243205,2.54146028047888,-0.335142029359379
109.06,0.362904268179115,0.00532379987383134,-0.0111605067180836,0.130218991949685,-0.543566280043523,0.0202813933438124,0.481282626263773,0.0177594998738718,0.00567199684093465,-2.04526074002128,2.19044326106191,-0.294001705853712
109.065,0.317332744840808,0.00302771014329926,-0.0114790890117337,0.152863916275827,-0.808921469581158,0.0221021505576345,0.529760879479473,-0.007578743761216,0.00278638795816363,-1.86574893638621,1.83183779771018,-0.251780261594506
109.07,0.291738162910333,0.000397533376223523,-0.0107206072214287,0.163947384011814,-1.12552524556887,0.0227922343783131,0.582983683760394,-0.0290315859889222,-0.00112357336438708,-1.69890641014048,1.48022312627702,-0.210006936406446
109.075,0.275610281586707,-0.00250864392746373,-0.00916010927704041,0.161456855501324,-1.48887647929739,0.0222060346514978,0.635736440738286,-0.0456384722948252,-0.00547731458478651,-1.53529766045232,1.14850971912841,-0.170080629623944
109.08,0.26144475896096,-0.005626690291452,-0.00710649790766709,0.141688533246954,-1.89194659039059,0.0202741204599359,0.68300156449279,-0.0568721789836678,-0.00971668116143901,-1.36837534405176,0.847246436523671,-0.13319744363136
109.085,0.247671262604436,-0.00887702398092334,-0.00487723764874669,0.102605094283984,-2.32548665860837,0.0170107847884303,0.721986345499322,-0.0626477029660635,-0.0133486211346915,-1.19824867954538,0.584140420743385,-0.100294968857835
109.09,0.234461633763875,-0.0121516794664805,-0.00277380292203185,0.0386406876802818,-2.77848212918396,0.0125152683160036,0.75277462970461,-0.0632959270731066,-0.0159808468331691,-1.0327782625645,0.363820458355814,-0.0720171139865682
109.095,0.218590163356522,-0.0153000021072974,-0.00105942003650308,-0.0493640065264996,-3.23872223249836,0.00696659840662223,0.770453997148704,-0.0595064107150332,-0.0173478356422218,-0.86279187212342,0.187851120709025,-0.0487013665645415
109.1,0.199138509420349,-0.0181157763758712,5.95314854558796e-05,-0.163081196492447,-3.69344218390156,0.000612533495020286,0.773333602419108,-0.0522459156855908,-0.0173254714166182,-0.689039404903632,0.054981615488181,-0.0303883127529878
109.105,0.176124489109755,-0.0203288878937939,0.000447337998798159,-0.302326532405649,-4.12999093859367,-0.00624640967320099,0.760910535695197,-0.0426607905831074,-0.0159336608484412,-0.513961456806636,-0.0384075950736318,-0.0168512766074378
109.11,0.149845364397964,-0.0216044884224773,4.71633474625662e-05,-0.465697667078385,-4.53647621481424,-0.0132764925400209,0.733510705064071,-0.0319720380251965,-0.0133272782126187,-0.340099673972815,-0.0977136339396507,-0.00764226875889297
109.115,0.119736998147076,-0.0215520536940234,-0.00111684554510292,-0.656240047122138,-4.9023416882274,-0.0201322670881323,0.690794872820081,-0.0213717995352117,-0.00977670479149327,-0.168734997329558,-0.129438916786899,-0.00214922802843164
109.12,0.0869416147264838,-0.0197457292986779,-0.00294370168485015,-0.873151061493375,-5.21883828017522,-0.0264783968120049,0.63428928040439,-0.0119292103825869,-0.00563996668653418,-0.00455539660223228,-0.140504475507654,0.000341099316532607
109.125,0.0532715974058811,-0.0157560364783712,-0.00526574089745899,-1.11711984169729,-5.4793615031224,-0.0320101918230436,0.56738626169936,-0.00451224784257449,-0.00132899483898887,0.14516486574753,-0.137612177152491,0.000580338201535144
109.13,0.0202423952108736,-0.00919149193231937,-0.0078642023449343,-1.38603306400707,-5.67963879354805,-0.0364714704410278,0.492919627008773,0.000269506695781956,0.00272718124065457,0.268437881780593,-0.126709618334028,-0.000699101928745224
109.135,-0.0104580940776328,0.000252846348495323,-0.0104892643719295,-1.6733897404281,-5.81776341043066,-0.0396686704712603,0.412937440748535,0.00209817477030036,0.0061194320317808,0.35829572703867,-0.112597319107375,-0.00283218072967556
109.14,-0.0367166017606405,0.0127442728527107,-0.0128832456299447,-1.974477549931,-5.89408355758433,-0.041480509866261,0.331170322747119,0.000955885945681019,0.00849298413816671,0.408011055304887,-0.0987008015718422,-0.00525704555917727
109.145,-0.0566505599051757,0.0282641600877294,-0.0148054074788626,-2.28309305451358,-5.9109657890532,-0.0418628964198867,0.251139000708035,-0.0028911328508343,0.00957690761026348,0.413351061178811,-0.0870121633459256,-0.00753706399556974
109.15,-0.0691488890431538,0.0465684215689531,-0.0160565965010913,-2.58905323958211,-5.87245962099735,-0.0408491684736085,0.175184073111649,-0.00893022958943772,0.00920664916346669,0.383075960666314,-0.078188737227704,-0.00936906018195373
109.155,-0.0728837780372141,0.0671625031740834,-0.0165018677964249,-2.89060331765526,-5.78389507697724,-0.0385460782412359,0.109431268985403,-0.0164579003851193,0.00733816411629876,0.303696767762299,-0.0717820047594852,-0.0105790292832603
109.16,-0.0673454288265633,0.0892958998392319,-0.0160892491317012,-3.18125864828236,-5.65144648255937,-0.0351261809058417,0.0569440792779226,-0.0246483081370638,0.00405280160816267,0.173507749861514,-0.0665593362306698,-0.011107617482536
109.165,-0.052704165829171,0.111979745936917,-0.0148629549622464,-3.45443788714677,-5.48169440842951,-0.0308174524624174,0.0201569691823634,-0.0326290421514658,-0.000447268126484866,-0.00613836425240628,-0.0608750982394604,-0.0109883231614893
109.17,-0.0298376473058614,0.13402902627563,-0.0129696407113439,-3.70306758857368,-5.28121375870531,-0.0258910256754215,0.000812184537538371,-0.0395580371956407,-0.00585265913154468,-0.228041523235058,-0.0530464121530102,-0.0103216686230211
109.175,-0.000190162116544374,0.15412857254544,-0.0106566938537181,-3.92394352859415,-5.05621035642812,-0.0206479153674161,0.000123968514475188,-0.0446955840407841,-0.0117683744563277,-0.491393802493038,-0.0416920792077838,-0.0092485233859855
109.18,0.0342376815664723,0.170919473673918,-0.00826207091928961,-4.11326801284792,-4.812221846268,-0.0154055182399048,0.018300443260383,-0.047465779360208,-0.0177418299740268,-0.788943264326496,-0.0260002149319412,-0.00792537797655435
109.185,0.0707402424622803,0.183100097072207,-0.00619578032434758,-4.26805506400589,-4.55389216113845,-0.0104845394527701,0.0547514557330413,-0.047502579563152,-0.0232952651261867,-1.10992001442037,-0.0058999639749741,-0.00650374613719999
109.19,0.10187021711211,0.189533857390286,-0.00491374376309637,-4.38024355434073,-4.28482290909327,-0.00619683991185817,0.107338650162906,-0.0446768188190199,-0.0279601854339112,-1.41883501572311,0.017875863072487,-0.00511510423309588
109.195,0.130512735099322,0.189354426374136,-0.00488540188740741,-4.45822180064107,-4.00750034419277,-0.00283453452552221,0.174544933608316,-0.0391020748942848,-0.0313113178955488,-1.72879205408144,0.043838471931724,-0.00386195503384745
109.2,0.154621155196161,0.182058451652843,-0.00655701802240377,-4.50397292164562,-3.72329334298563,-0.000660519234333094,0.254051434785588,-0.0311190301815838,-0.032997578428789,-2.02848004539314,0.0698910787575125,-0.00281481958308212
109.205,0.172698227506982,0.167576174821571,-0.0103131305155062,-4.5225754108542,-3.43251599906162,9.9523965679128e-05,0.343542067320318,-0.0212598540906644,-0.0327677603181255,-2.32717937276704,0.0935575765878773,-0.00201429288492893
109.21,0.18369196673822,0.146311654679615,-0.0164389649318306,-4.51973796341534,-3.13454781407785,-0.000736308886440498,0.440590938552232,-0.010195967917593,-0.0304890479307049,-2.63157373148884,0.112264936226839,-0.0014768048593904
109.215,0.186738239991668,0.119146556064183,-0.0250868003371877,-4.49769286745822,-2.82800456923305,-0.00330090361652164,0.541577451667147,0.00132583605283846,-0.0261570161106928,-2.89559268471027,0.123647898781869,-0.00120244313318528
109.22,0.18194929644246,0.0874045006247,-0.036249255066938,-4.46251377859067,-2.51095327718512,-0.00767408224941925,0.643469075969391,0.0125527460580214,-0.0198964498375205,-3.11117451860257,0.125843003204976,-0.00118313081777409
109.225,0.171373390013158,0.0527765363543779,-0.0497421935295221,-4.4187623710436,-2.18116461579825,-0.013879634060074,0.745122801246554,0.0227939425141644,-0.0119530529493914,-3.2847056961395,0.117740422673117,-0.00140959996186718
109.23,0.154999495550117,0.0172120306525795,-0.0651994491128884,-4.37394343130188,-1.83639551084455,-0.021883346583274,0.843007821598897,0.0314805046341709,-0.00267684153542754,-3.40419937030607,0.099166200641207,-0.0018759294314904
109.235,0.134008409406895,-0.01721715758133,-0.082080821020264,-4.33442689147282,-1.47469283453988,-0.031592022196478,0.934163609126919,0.0382112140852812,0.00750133223200687,-3.46419787416739,0.070973853647947,-0.0025808782272128
109.24,0.110377218717867,-0.0484684076234423,-0.0996938691197699,-4.30506840275875,-1.09470653808308,-0.0428535400599571,1.01651722694713,0.0427797028989128,0.0180981690437173,-3.46576594679292,0.0350323908535742,-0.0035257843026985
109.245,0.0869344666627533,-0.0746831217783628,-0.117228958367886,-4.28444399953076,-0.695997220596323,-0.0554580981956709,1.0857142071516,0.0451803836499698,0.0286089435646921,-3.40385266147386,-0.00589304680273469,-0.00470935175829022
109.25,0.064370543532118,-0.0943308935859458,-0.133805872673934,-4.28034916906383,-0.279319670947344,-0.0691408347525516,1.1431153704048,0.0455929264510005,0.0385387679635946,-3.29295905462922,-0.0483621862105379,-0.00612015283665519
109.255,0.0444323054111451,-0.106329910717968,-0.148529223917851,-4.29367798505798,0.153139012692971,-0.0835860697300221,1.18803044753872,0.044347444551746,0.0474318173515203,-3.13969591088648,-0.0885672933622046,-0.007728068186368
109.26,0.0284929420836797,-0.110132317236118,-0.160548930953551,-4.32982604030767,0.597589764492663,-0.0984334183334869,1.21850186553382,0.0418747309026058,0.0548965437722016,-2.95442102249676,-0.122704319671569,-0.00947613327223339
109.265,0.0174492051379079,-0.105766332551923,-0.169121339994559,-4.39072795706212,1.0485630434659,-0.113285996304241,1.23356335293498,0.0386475803881106,0.0606253688092233,-2.74593970333911,-0.147377727345348,-0.0112743202148729
109.27,0.0117066624821453,-0.0938309040866186,-0.173666192435406,-4.46376514361158,1.49894128933204,-0.12772086046721,1.23651388727362,0.0351202188172858,0.0644079074557827,-2.5171135759251,-0.160004779445309,-0.0129966513755005
109.275,0.011232928717237,-0.0754431527749407,-0.173814684127128,-4.54445456500503,1.94011649392589,-0.141301702780001,1.2283801987893,0.0316730078730691,0.0661373726435586,-2.27524159754629,-0.159183272741011,-0.0144827229387988
109.28,0.0156228154850175,-0.0521433828744039,-0.169444330881494,-4.62723244223283,2.36227870085915,-0.153593646620771,1.21046074756508,0.0285688784943909,0.0658103762624997,-2.02682802111725,-0.144987764855755,-0.0155442431738781
109.285,0.0249651415301473,-0.0257664842250122,-0.160697245187577,-4.66665522115036,2.75483072642152,-0.164179788775325,1.16809497388115,0.0259264482869574,0.0635208226123767,-1.755336802929,-0.119163375975354,-0.0159766085693757
109.29,0.0386175457640533,0.00170828563004496,-0.147979680001568,-4.69191294961412,3.10691257218854,-0.172678904415574,1.11907139661245,0.0237126874036001,0.0594489429740549,-1.49306419331468,-0.0851930802259243,-0.0155749130957293
109.295,0.0562733576793502,0.0283152346239258,-0.131942205290326,-4.69625463833139,3.4080070566168,-0.178763505919765,1.06536195187142,0.0217555747440507,0.0538467234680232,-1.24339512490061,-0.0482236550871116,-0.0141531809329787
109.3,0.0777614769295457,0.0522535087788339,-0.113441515001104,-4.67349661210645,3.64858748980857,-0.182177244931947,1.00889572043269,0.019774737345939,0.0470210311702387,-1.0086206121855,-0.0148465066517661,-0.0115651015435263
109.305,0.100993551134516,0.0720183424903367,-0.0934864577315423,-4.63828408304768,3.82076012900205,-0.1827504984816,0.953630707808812,0.0174258974183984,0.0393156632473116,-0.792331165018136,0.0072583959889565,-0.00772419164363782
109.31,0.127167435080426,0.0865012912807924,-0.0731722808504427,-4.56823637450328,3.91884989581626,-0.180412912094092,0.898850686234849,0.014353332291088,0.0310933635128492,-0.591832774209145,0.00979524796499031,-0.00262116095282846
109.315,0.156641732172017,0.0950518826573959,-0.0536081278889023,-4.46050226772207,3.9398782875509,-0.17520170991481,0.845693568445146,0.0102436784960665,0.022718612564905,-0.407234536763602,-0.0155893450740917,0.0036636533662533
109.32,0.189426564619445,0.0974972079488914,-0.0358434195292852,-4.3156623595718,3.88388796926037,-0.167264740540573,0.794251619249146,0.00487438091357233,0.0145417464017273,-0.238313154431139,-0.0767025304666281,0.0109545907818183
109.325,0.224581055647177,0.0941202455437517,-0.0207988155746573,-4.13790685530033,3.75407900900021,-0.156857512110191,0.743647703572264,-0.00184910847547671,0.00688473477452778,-0.0849504577090244,-0.18020145209756,0.0189829721456443
109.33,0.264157696842462,0.0856016701255952,-0.00920699367150054,-3.92372866760084,3.556736334112,-0.144333870598016,0.695813136579942,-0.00987175548228441,2.87851745721978e-05,0.0525775201317101,-0.331037254036779,0.0273979535023333
109.335,0.308692451267706,0.0729331335016855,-0.00156754564700904,-3.6764199873678,3.30094542017865,-0.130130463830212,0.650289925924946,-0.0189853287602087,-0.00579615204157053,0.174039215633045,-0.531992437894925,0.0357856646319537
109.34,0.357120687376195,0.057312178079164,0.00188100644952534,-3.41181369109233,2.99811175296719,-0.114745667366804,0.605304513486405,-0.0288427954491288,-0.01041991625841,0.279433796891556,-0.783351003894164,0.0436955403764918
109.345,0.408822198469023,0.0400298864960158,0.00117058600599295,-3.1359858515737,2.6613173028208,-0.0987141719006249,0.5600375707052,-0.0389885344092588,-0.0137385979790201,0.368431649742547,-1.08273098862447,0.0506719987032644
109.35,0.46448057479314,0.0223620636353457,-0.00340559961741336,-2.84312232956959,2.30456222881052,-0.0825788846772812,0.514595813535541,-0.0489002555742276,-0.0157187356524061,0.438979823762043,-1.42509634648664,0.0562890209406064
109.355,0.523025607283049,0.00547332706219391,-0.0113192448968277,-2.5396273523513,1.94195065719038,-0.066862122071426,0.468025793328219,-0.0580371590726687,-0.0163989665654728,0.489032763682093,-1.80295072288906,0.0601848122133272
109.36,0.580012380574656,-0.00965878850641337,-0.0218474581668396,-2.23679183607925,1.58688448262246,-0.0520382204349095,0.423312224087627,-0.0658882429813609,-0.0158887930035199,0.520604693278348,-2.20670085558338,0.0620936052724278
109.365,0.634066687797088,-0.0222953823887414,-0.0341240668752366,-1.93876342688749,1.2513281448302,-0.038509639130765,0.377423723465161,-0.0720148484000434,-0.0143641283206285,0.531001059786763,-2.62516350511777,0.0618718319304974
109.37,0.684665055733664,-0.0319619685652047,-0.0471977394142059,-1.64829392348853,0.945200331063018,-0.0265883676217346,0.327581914155846,-0.0760824879806417,-0.0120593728934272,0.515190890239173,-3.04617826486673,0.0595163076312014
109.375,0.729415027640242,-0.0384497386178512,-0.0600928808789126,-1.3706337728088,0.675936304851458,-0.0164839973723962,0.274143270484276,-0.0778786124137435,-0.00925594536305958,0.470778005881524,-3.45728041976363,0.0551727145353192
109.38,0.774757989284783,-0.0417957285254534,-0.0718695122934897,-1.10553065557555,0.44824840009866,-0.00829922351548983,0.220016053751296,-0.0773150156593479,-0.00626745345217313,0.396141792292968,-3.84638395188185,0.0491334640891038
109.385,0.810938118835993,-0.0422467844544226,-0.0816788227999791,-0.862076129435726,0.264093895810826,-0.00203286498362962,0.163561809150953,-0.0744157888162763,-0.00342200934472945,0.289742472491729,-4.20242514960613,0.0418248942467243
109.39,0.834856550787692,-0.0402129317174964,-0.0888116897349039,-0.643868775393162,0.12284094737088,0.00241018870179769,0.106221304782952,-0.0692938006494727,-0.0010425423014274,0.151089742127097,-4.51592193249058,0.0337846257362844
109.395,0.844865633353328,-0.0362157366430781,-0.0927380975330615,-0.453069059356065,0.02160640365562,0.0052033026408266,0.0500195411619232,-0.0621203168364839,0.000573708598104248,-0.0192735210452264,-4.77941239278073,0.0256306845023296
109.4,0.829039746741182,-0.0308366440082498,-0.0931359813334276,-0.298228543547859,-0.0442741676062188,0.00657835689221938,-0.002871131977692,-0.0530933286285267,0.00117507483558026,-0.209795203754121,-4.98774725354787,0.0180246231552067
109.405,0.795794536926421,-0.0246692615014456,-0.0899085360826977,-0.168978662237262,-0.0806928872271521,0.00680387747404149,-0.0502118497086407,-0.0424102923357313,0.000573114661414084,-0.424636314826953,-5.13822377838356,0.0116312910781186
109.41,0.748525722286151,-0.018278357333468,-0.083189462472633,-0.062809361407178,-0.0941848221276511,0.0061630300924962,-0.0900489601002976,-0.0302502468189684,-0.00134355135629129,-0.662306378506574,-5.23056184872626,0.00707808324304113
109.415,0.688674354214929,-0.0121671344804722,-0.0733359918886388,0.0207238911748123,-0.0913630579500659,0.00493331400740547,-0.120793687043391,-0.0167687661388042,-0.00460064735752054,-0.917868120854331,-5.26673518891444,0.0049164402237803
109.42,0.614117412118798,-0.00675330156904588,-0.0609098862781103,0.0815588229931238,-0.0784183940764359,0.00336945889819114,-0.141433836892007,-0.00210712522474667,-0.00913596393711012,-1.20291156187987,-5.25068096196171,0.00558809776018483
109.425,0.532131772747652,-0.00235367504703819,-0.0466469918959952,0.11983555580966,-0.060718594551046,0.00169056519154433,-0.151400979433013,0.0135852962840619,-0.0148039640327748,-1.49317054291716,-5.18791834436609,0.00939813127059622
109.43,0.445847566160457,0.000823444149556843,-0.0314163744579309,0.135944892439596,-0.0425298425511308,7.20022705056639e-05,-0.150812804622489,0.0301186315267628,-0.0213872318263579,-1.78084516120984,-5.08511072202358,0.0164962563097387
109.435,0.35973394263175,0.00267909574967474,-0.0161705918428507,0.130236363551334,-0.026869794749776,-0.00135794389753808,-0.140730874350981,0.0472253060695912,-0.0286140685932891,-2.05427459209692,-4.94960671584811,0.0268671829228764
109.44,0.277847424045916,0.00321867685958996,-0.00188925495218122,0.103034071680431,-0.015488829657182,-0.00251714165879398,-0.122872777698383,0.0645243205063602,-0.0361809139942332,-2.30223398825143,-4.7889926011864,0.0403301360424393
109.445,0.20100819420025,0.00254203725361381,0.0104813566705011,0.0543558236522234,-0.00896495944599883,-0.00336522082821668,-0.0984919766158809,0.0814937155726839,-0.0437777497620485,-2.52486276272303,-4.61068340954682,0.0565470014132815
109.45,0.13227737193817,0.000829414240209576,0.0200892903260364,-0.0155895539633639,-0.00688935368708199,-0.0038967463277076,-0.0697675485616975,0.09745731958142,-0.0511142895797705,-2.71561553094711,-4.42157291491951,0.0750379881267988
109.455,0.0751954787617174,-0.00167610462381796,0.0262347594778068,-0.107553459747114,-0.00811405855972137,-0.00413305655005648,-0.0392480593909625,0.111590448987232,-0.0579446194962646,-2.86933251162535,-4.22775476291563,0.0952032562353817
109.46,0.0330153978281079,-0.0046888757291554,0.0284208492264141,-0.224118183843366,-0.0110314458208128,-0.00411380017639151,-0.00970129487823075,0.122947135331913,-0.0640880472033434,-2.98255565336445,-4.03431916569119,0.116348670314876
109.465,0.00420152798399598,-0.0079028993348621,0.0263931983644915,-0.360558630200765,-0.0138559852800181,-0.00388903540729597,0.0170497335034405,0.130508947399039,-0.0694442374853384,-3.05174364873086,-3.84522272486816,0.137713723298742
109.47,-0.010045894726646,-0.0110148562114597,0.0201652040296241,-0.514974725104613,-0.0148825961263837,-0.00351251762426368,0.0389594554159707,0.133252869547308,-0.0740012203515724,-3.07615283052165,-3.66322372708655,0.158499732085184
109.475,-0.00887582391342043,-0.013746668064757,0.0100260892435647,-0.688612069554557,-0.0127013832845959,-0.00303653595526507,0.0536638591216686,0.130233290069996,-0.0778355021117528,-3.05163960926116,-3.48987208729987,0.177896626333096
109.48,0.00682394912142208,-0.0158660702447927,-0.00346970622351539,-0.878933264180467,-0.00635519195366778,-0.00250840410246384,0.0603270421707642,0.120671215720444,-0.0811042195220728,-2.98199315401161,-3.32554210371029,0.195107010302076
109.485,0.036087454479447,-0.0172036038365409,-0.019531982155872,-1.07816383480516,0.00456669222973411,-0.00196849665257935,0.0592791279852288,0.104042566450467,-0.0840299810669334,-2.87754375248251,-3.16949715774997,0.209366638707309
109.49,0.0780374488511909,-0.0176645267237934,-0.0371817489794778,-1.28165250150707,0.0198989225070226,-0.00144956881022154,0.0505734524916487,0.0801569456178158,-0.0868796704665327,-2.74430840542972,-3.01997801890314,0.219960966182017
109.495,0.132642263183455,-0.0172344388850307,-0.0553128861946953,-1.49535138655311,0.0389293266221142,-0.00097701308486691,0.0349989185473666,0.0492186686004741,-0.0899389906928517,-2.59299673722461,-2.8743098954359,0.226237954211785
109.5,0.198522805952885,-0.0159779100893403,-0.0727643256668258,-1.70892752081838,0.0604776784231893,-0.000569687812694433,0.0131874247731401,0.0118630273927484,-0.0934848638479935,-2.42901900992121,-2.72902711105938,0.227617794125151
109.505,0.273282783223665,-0.0140300455634853,-0.0883975667462189,-1.91122900426667,0.0830120815741011,-0.000240987589846897,-0.0135898864636596,-0.0308373438234997,-0.0977579534813737,-2.25886516248683,-2.58001757944947,0.223600576068411
109.51,0.35480117672678,-0.0115816525651532,-0.101173722925538,-2.09671835788804,0.104789882665014,1.02662976859894e-07,-0.0436182622923878,-0.0773987320779793,-0.102937539611579,-2.0910189664362,-2.42269146705524,0.213773155461511
109.515,0.441755742796809,-0.0088593828825094,-0.110224193568157,-2.24981713398858,0.124010115899745,0.000148139407033365,-0.0754428926652537,-0.12598526283581,-0.109120766862326,-1.92885188303897,-2.25217910942212,0.197816507501374
109.52,0.531517523186132,-0.00610282232905745,-0.114909475698731,-2.37370548347635,0.138965510383515,0.000200618916464076,-0.107241223090321,-0.174497729791837,-0.116307928933106,-1.78398404343007,-2.06356212311212,0.175514702679384
109.525,0.621689136899299,-0.00354088851604839,-0.114861551061251,-2.4680161714839,0.148183723682306,0.000157648913979193,-0.137133849447231,-0.220687008249713,-0.124394982698911,-1.66392512086807,-1.85213873100111,0.146766288912762
109.53,0.709783482805172,-0.00137001854845913,-0.11000662079217,-2.53073700353124,0.15054937631526,2.18473769551435e-05,-0.163682418384287,-0.262284534467724,-0.133173941781688,-1.57314416585028,-1.613719847044,0.111598356733336
109.535,0.79134976773486,0.000263548645053519,-0.100566588027853,-2.56245872572654,0.145400384797345,-0.000201605900966053,-0.186593192094018,-0.297140729536084,-0.142341222975794,-1.5138107878795,-1.34494693499005,0.0701829400422715
109.54,0.867394823983502,0.00127555059128622,-0.0870394510782348,-2.56057580528188,0.132593847265931,-0.000504846433149058,-0.203972499452951,-0.323361364235933,-0.151513448655278,-1.48848727718934,-1.04361673547808,0.022854728856661
109.545,0.936574313433671,0.00164838356439697,-0.0701604970371098,-2.52597654257789,0.112538246335891,-0.000877204054346311,-0.215152938019874,-0.339431777817418,-0.160249680282027,-1.49684691635815,-0.708992432913561,-0.0298715840070955
109.55,0.99596499849245,0.00142836089581595,-0.0508477143994528,-2.45979463363773,0.0861900131155259,-0.0013051409564212,-0.220072784033154,-0.344319588902304,-0.168078603964935,-1.53677332077285,-0.342076523155602,-0.0872865542938073
109.555,1.04084661037199,0.000716080547640056,-0.0301360337084547,-2.36351105492958,0.0550136322705099,-0.00177228879507478,-0.219230350563617,-0.337548014057869,-0.174528835008402,-1.60444605372897,0.0541817006067836,-0.148476444376116
109.56,1.07586858932782,-0.000348782694594586,-0.0091057559703409,-2.24317078062826,0.0209055908429082,-0.00225961163880971,-0.212179646729362,-0.319234021961818,-0.179160275014313,-1.69568568118147,0.474770902939565,-0.212321630000253
109.565,1.10075961066246,-0.00160634145258764,0.0111892141974015,-2.10294133222121,-0.0139162812018099,-0.0027457140518208,-0.199365262536872,-0.290088132340239,-0.181594356573813,-1.80479183395327,0.912618406738569,-0.277505539978545
109.57,1.11324371939356,-0.00289674540724055,0.029787952248434,-1.94822904258752,-0.0470550577926504,-0.0032073110668857,-0.180521464057402,-0.251375517231844,-0.18154105443426,-1.92795917838983,1.3587243933241,-0.342536241730787
109.575,1.11378113135415,-0.00407948201974385,0.0458792230379927,-1.78331823424394,-0.07610378346812,-0.00361987613624792,-0.156706061598128,-0.204840954776603,-0.178820728666065,-2.05863559972183,1.80243827879663,-0.405782007393718
109.58,1.10444187100659,-0.00504961643953947,0.0588446718762193,-1.61201811758215,-0.0988346040895627,-0.00395848017627515,-0.12935392678657,-0.152602894736481,-0.173379187558713,-2.1882230054881,2.23187494250705,-0.465521148696782
109.585,1.0857363394726,-0.00574932586630984,0.0682861421548591,-1.43864463541415,-0.11339909091674,-0.00419882563046889,-0.0990876660556418,-0.0970242046754328,-0.16529480031822,-2.31015402362444,2.63445626029663,-0.520005163795983
109.59,1.05531940756676,-0.00617372328710095,0.0740361609646059,-1.26377241467727,-0.118528838617681,-0.00431846166303487,-0.0659427734743861,-0.0405688899552974,-0.154777028065199,-2.41639480017804,2.9975510780166,-0.56753289424096
109.595,1.01500221696616,-0.0063706859284428,0.0761520046909263,-1.09292641615913,-0.113723683981461,-0.0042981401417115,-0.0310366822930497,0.0143449220808625,-0.142156343467354,-2.50179090288651,3.30917560293407,-0.606532066742971
109.6,0.967488032260364,-0.00643510740719103,0.0748949812711982,-0.931156201941178,-0.099413748566527,-0.00412323963883169,0.00495637651041857,0.0654852578600234,-0.127866134060327,-2.56285428980224,3.55870744294344,-0.635643427908157
109.605,0.913755869493473,-0.00649858996974391,0.0706975498730589,-0.780632231845481,-0.0770812191816733,-0.00378515131503885,0.0419278300337098,0.110930003017422,-0.112417785415392,-2.59609205191268,3.73756129381014,-0.653801807143293
109.61,0.856993068932443,-0.00671601495859841,0.064121580033671,-0.645815064711292,-0.0493285578379279,-0.00328249281941556,0.0799780106150563,0.149165634354059,-0.0963706684930143,-2.61795774922629,3.83977338946358,-0.660307985446009
109.615,0.796164777922913,-0.00725063480811003,0.055811404237773,-0.523975203971621,-0.0198818032384071,-0.00262200110452249,0.119189632292811,0.179154666509088,-0.0802991630462177,-2.61083442173279,3.86244571958143,-0.654885297410659
109.62,0.732334467995206,-0.00825930991421685,0.0464453483094145,-0.415568339947918,0.00647920010371422,-0.00181895807145711,0.159661236563819,0.200368080167808,-0.0647590947901797,-2.57437989133738,3.806009640303,-0.637715499185623
109.625,0.671984574587939,-0.00987929160305523,0.0366891698985045,-0.32194605141626,0.0240675499829668,-0.000897027588399523,0.202080239072558,0.212781841267327,-0.050256019113415,-2.51164681346475,3.67428131786563,-0.609449593614663
109.63,0.621106030959237,-0.0122175773241707,0.0271543551860351,-0.243048392371109,0.026511820578903,0.000112571290507601,0.247463493884138,0.216839477032953,-0.0372176356091033,-2.4267377811759,3.47429744050204,-0.571190957317714
109.635,0.570152607941523,-0.0153434029284236,0.0183635881737934,-0.175413504956182,0.00704761970045434,0.00117256576977814,0.294602632409605,0.213385291002822,-0.025972272301433,-2.31790949252049,3.21593740968598,-0.524450149717867
109.64,0.519869747570202,-0.0192839633707606,0.0107249886394477,-0.118450614547355,-0.041134194842081,0.00224174096117736,0.343075280008417,0.203574943839685,-0.016734863217178,-2.18821748847825,2.9113561154246,-0.471073037450206
109.645,0.470895583588489,-0.024023037512721,0.00451598146384785,-0.0715031764846149,-0.124500146558588,0.00327752043274699,0.392255570192924,0.18877161460759,-0.00960120394698746,-2.04117828038252,2.57426765839555,-0.413146136987708
109.65,0.414985817101062,-0.0295018914418973,-0.000123032745095214,-0.0336759776267114,-0.248769328449519,0.00423880659386083,0.439331264804725,0.170436669590736,-0.00455056789816764,-1.8841865973158,2.21913335269053,-0.352885141862786
109.655,0.359728637279701,-0.03562168355882,-0.00318564755169447,-0.0050381377065396,-0.418515694268339,0.00508882327956457,0.484548909861602,0.150023662903628,-0.00145607023610788,-1.71814526453733,1.860315667788,-0.292514241189504
109.66,0.307500871661258,-0.0422466044703403,-0.00478800921093749,0.0148115648782017,-0.636803150545251,0.00579768154441565,0.527259497377503,0.128883618079935,-0.000101546547245593,-1.54588192926666,1.51126254369546,-0.234144865395058
109.665,0.258615503726646,-0.049207141365642,-0.0051503027608707,0.0262165817574679,-0.904878433774257,0.00634440021437368,0.56633703881148,0.108188012422025,-0.000203230392056947,-1.37078297150315,1.18378340435605,-0.17966277775821
109.67,0.213295589833233,-0.0563031243570218,-0.004572781437717,0.0293344609205707,-1.22194416265404,0.00671815571533254,0.600640390954553,0.0888738878508435,-0.00143421363661695,-1.19587824602818,0.887469484691733,-0.130631903110948
109.675,0.174643843690056,-0.0633065400074598,-0.00340812654695952,0.0249177442520796,-1.58503012776568,0.00691860738086864,0.630236122266718,0.0716132644357781,-0.00344957958118084,-1.02362239762535,0.629297654157582,-0.0882219696460273
109.68,0.140344706796886,-0.0699644255745611,-0.00203200279798828,0.0125729055448817,-1.98897511850734,0.00695523737314117,0.653342314237495,0.0568067696347262,-0.00591021076651979,-0.856295984020151,0.413440141981222,-0.0531650464478832
109.685,0.109527291449722,-0.0760024267567184,-0.00081367010304354,-0.00835718578301217,-2.42652480898438,0.00684574830850988,0.668770015243281,0.0445993371340326,-0.00850356639099406,-0.6956571422799,0.241284166110361,-0.0257435779697105
109.69,0.0821770303181943,-0.0811297597991589,-8.84357830527518e-05,-0.0385490675316304,-2.88854393525441,0.00661366497233323,0.675866138545271,0.0349141553083835,-0.0109601541620742,-0.543040909897521,0.111647302784398,-0.00580979594381713
109.695,0.0582714686024509,-0.0850463281331131,-0.0001335858258364,-0.0788569073710417,-3.36433374254463,0.00628537738058945,0.674226928766972,0.0274998819766203,-0.0130649307633598,-0.399497321757233,0.0211583015234941,0.00716629254753989
109.7,0.0386390445362172,-0.0874525870388632,-0.00114922136850196,-0.130579361383843,-3.84203900492283,0.00588693043668721,0.663126726511674,0.0219855493723634,-0.0146633918956247,-0.26815922451878,-0.0352395208641915,0.0140255103239821
109.705,0.0225586558485877,-0.0880624339801028,-0.00324514595373521,-0.194755779106722,-4.30912331084872,0.00544090248551556,0.643113774248721,0.0179375558742991,-0.0156625988168917,-0.146284001735831,-0.0637130840427914,0.0158316946438918
109.71,0.00959122939193451,-0.086618959210224,-0.00643460019561195,-0.272502630654137,-4.75288715926822,0.00496371630870328,0.614898230149592,0.0149136167130042,-0.0160277863229637,-0.0332900657089258,-0.0709460067116613,0.0137755377648967
109.715,-0.000324003294627191,-0.0829123758242173,-0.0106352274467338,-0.36508072008177,-5.16100098735543,0.00446369034323566,0.579202534643919,0.0125094193566694,-0.0157754761413073,0.0698549746788345,-0.0635776580162092,0.00907843524348656
109.72,-0.00726503191651877,-0.0767989324770079,-0.0156771887449816,-0.473724383968505,-5.52202467275196,0.00394006795165039,0.53698865030395,0.0103948699639298,-0.0149641669989936,0.161857911055464,-0.0477185428546549,0.00290415575297138
109.725,-0.0113330296099114,-0.0682191753006866,-0.0213178497738678,-0.599560719985442,-5.82588629395238,0.00338316520258981,0.489413840649886,0.00833808700701229,-0.0136836929898728,0.241063399303098,-0.0285749502266694,-0.00371511150252329
109.73,-0.0123613705284785,-0.0572136445773927,-0.0272619697206747,-0.740304100271743,-6.06429583050829,0.0027756628452172,0.43436560209992,0.00621656682914844,-0.0120442546083264,0.306055537861564,-0.0102026935488065,-0.00993358395655582
109.735,-0.0109856355466973,-0.0439340277176749,-0.0331858738606817,-0.899438648239808,-6.23107376399127,0.00209494780703301,0.37736218513516,0.00401610336966531,-0.0101659610206097,0.354267647286124,0.00460411205232051,-0.0151249766388845
109.74,-0.00738037940319673,-0.0286479784556535,-0.0387637354560572,-1.07727360976131,-6.32237984207493,0.00131629570185335,0.319942321951414,0.00181900773874756,-0.00816951130318469,0.383210857500086,0.0142964814917771,-0.0188934667501323
109.745,-0.00171602926511248,-0.0117362546456183,-0.0436938738031491,-1.27368952852692,-6.33683318720055,0.000416589741116046,0.263625098927191,-0.000216109870851357,-0.0061684192166745,0.390689331854797,0.0184446561683945,-0.0210642078974262
109.75,0.00556851803381648,0.00631851166181079,-0.047722930986577,-1.48815520222103,-6.27552105716192,-0.000621797175127681,0.20981831713237,-0.00188028664196091,-0.00426297829629505,0.377175807678789,0.0175295785134187,-0.0216567788407235
109.755,0.0140185007967157,0.0249512881547655,-0.0506659412821418,-1.71932968623052,-6.14189951417104,-0.00180736398372302,0.1599909356478,-0.00294299371425837,-0.00253599141505941,0.338303679339617,0.0126831939151467,-0.0208461562918932
109.76,0.0235735235635028,0.0435413744315793,-0.0524206539134465,-1.96538474072535,-5.94159470056263,-0.00313648738420819,0.115359450439842,-0.00318094130479677,-0.00105016215681024,0.272540148028984,0.00541010225217013,-0.0189164240313707
109.765,0.0340981626338973,0.0614446027436306,-0.0529749873711174,-2.22483855187655,-5.68211808970365,-0.00459142657515914,0.0769814957897962,-0.00240435671001351,0.000153033860322856,0.184363208444924,-0.00267924351528226,-0.0162124652992143
109.77,0.0454288120194707,0.0780285796139654,-0.0524071334975322,-2.49555797663885,-5.37251278977797,-0.0061395976524504,0.0456649062397961,-0.000478629897129038,0.00105321654643855,0.0794403771575328,-0.0100987126434915,-0.013094391801055
109.775,0.0578870590084569,0.0927081571846715,-0.0508785248332009,-2.77232790484031,-5.02295060732727,-0.00773427460255252,0.0219307471919697,0.00266022237731347,0.00164993157978782,-0.0500034151947716,-0.0156620353579167,-0.00989855281126676
109.78,0.0716397480361568,0.104978249948466,-0.0486205513392366,-3.05110516394443,-4.64430107147683,-0.00931673950976802,0.00612038230020152,0.00699719971442453,0.00196065232152939,-0.202087993888389,-0.0185937485771136,-0.00690778760849498
109.785,0.0856500112213981,0.114441363156548,-0.0459164843072117,-3.32463000766019,-4.24769397527959,-0.0108197622612521,-0.00171152655991988,0.0124373507395044,0.00201813968462241,-0.379718546728493,-0.0185736650663187,-0.00433229268569351
109.79,0.0997525863464414,0.120827742874321,-0.0430804687163659,-3.58809826550774,-3.8440962452849,-0.0121721534158357,-0.00207990566586905,0.0188118571132378,0.00186732500464724,-0.579537522356093,-0.0157202144331257,-0.00230122357903037
109.795,0.115134347390019,0.124006823879969,-0.040435634033302,-3.83965523308738,-3.44392217589995,-0.0133040168553577,0.00461785300348371,0.0258902726197152,0.00156186702018025,-0.790916863202977,-0.0105237259886271,-0.00086406750039312
109.8,0.131761812567054,0.12398954062773,-0.0382933287843802,-4.07477646739343,-3.05669336445194,-0.0141522440825922,0.0178848679651741,0.0333975597212629,0.00116052927978543,-1.00807358348857,-0.00374450934590018,9.31203082875456e-10
109.805,0.148654752502772,0.12092196389326,-0.0369352179182306,-4.28715703619682,-2.69076119221955,-0.01466574992875,0.0368479211197094,0.0410342299959557,0.000723527004305442,-1.23602313161875,0.00370772333176218,0.000367082753925414
109.81,0.16492954821931,0.115071519009379,-0.036599534157212,-4.47175008355151,-2.35310058898254,-0.0148099567087871,0.0604601617736195,0.0484977056128213,0.000308998514364781,-1.47475931701784,0.0108968709292345,0.000350334917538496
109.815,0.181133412724857,0.106807636717393,-0.0374722074130098,-4.62832516718281,-2.04917930706067,-0.0145700923959707,0.0881364836592323,0.0555029887793454,-3.02395151280346e-05,-1.7000995593099,0.0169717025973075,8.09737304018616e-05
109.82,0.196456373417941,0.0965790225099217,-0.0396829847819775,-4.75419348055584,-1.78290226973841,-0.0139529744049133,0.118968310028759,0.0618008566836768,-0.000249496627429771,-1.90540517134066,0.0212544662354604,-0.000309417172078381
109.825,0.209620212954645,0.0848897828433624,-0.0433060744673137,-4.84671985928501,-1.55662603833546,-0.0129870945187083,0.152448812140127,0.0671920811292434,-0.000314430497971383,-2.08851053748233,0.0232999749303045,-0.00070367665669662
109.83,0.219117597386543,0.0722764349995963,-0.0483643687915852,-4.90369730350215,-1.37123437171176,-0.0117209877487446,0.188479897491854,0.0715365833067522,-0.000202570397147947,-2.25010787260567,0.0229225146725596,-0.00100992011868307
109.835,0.224575927385125,0.0592874027258584,-0.054835976438783,-4.92641738140384,-1.22626253523521,-0.0102200403831944,0.225121326017691,0.0747569416980207,9.59344791630466e-05,-2.37594324503367,0.0201918303163064,-0.00116799501150283
109.84,0.22491589285937,0.0464660339854509,-0.062661652628486,-4.91528658996632,-1.1200557206753,-0.00856205089022826,0.2614881582321,0.0768362305417873,0.000578369579147659,-2.46303822967207,0.0154026682558194,-0.00115159195244045
109.845,0.221649371049954,0.034337551590227,-0.0717517645767111,-4.87009696112615,-1.04994586936803,-0.00683198373082483,0.295798196971806,0.0778107243420543,0.00123028588632303,-2.50369376438058,0.00902462320383921,-0.000966484474674783
109.85,0.213946288199087,0.0233997441208105,-0.081991651817695,-4.79245830677906,-1.0124314706648,-0.00511643599003482,0.326826936051774,0.0777585033698671,0.00202702617203039,-2.49634270746832,0.00164023539609374,-0.000645667204393674
109.855,0.197598365087275,0.0141166978982257,-0.0932446008452526,-4.68700105104959,-1.00334655768395,-0.00349836055464989,0.355168909748728,0.0767853819603817,0.00293581681431464,-2.45080880888543,-0.00612056664772769,-0.00024233037345386
109.86,0.172495716873751,0.00691451969383448,-0.105352101444039,-4.55704890035468,-1.01800804848528,-0.00205255387776343,0.380267850335723,0.0750098122885632,0.00391825708315908,-2.36966941366083,-0.0136423484079207,0.000178342903127207
109.865,0.139254293526112,0.00217784045958335,-0.11813153131842,-4.40492698205255,-1.05133456534117,-0.000842324205285409,0.39946340990665,0.0725484648452558,0.00493301377803708,-2.25432681262156,-0.0203765083058252,0.000547621441676718
109.87,0.0983920733431993,0.000245932111524111,-0.131371869159041,-4.23628034347545,-1.09793457124467,8.23831476644814e-05,0.413741833908157,0.0695040475505087,0.00593852153284204,-2.11118922213123,-0.0258800954786782,0.000801103118410693
109.875,0.0511325053698738,0.00140749526381184,-0.144828412799635,-4.05642834084352,-1.1521666542541,0.000685298489842204,0.423517502792782,0.0659566147657906,0.00689549836060499,-1.94620945167786,-0.0298391735412108,0.000885386915311723
109.88,-0.000801744674830312,0.00589354604587995,-0.158217737834382,-3.87047395192563,-1.20817956140714,0.000942658645306589,0.428638644975136,0.0619591718914259,0.00776911077129387,-1.7649614384077,-0.0320767449534954,0.000763097051461883
109.885,-0.0552412062915643,0.0138682889604018,-0.17121424605163,-3.69561786117195,-1.25994360439121,0.00084081445270662,0.43207021940002,0.0575378529989421,0.00853066025659564,-1.58402986469851,-0.0325468970168612,0.000416012734314603
109.89,-0.109809906449614,0.0254183465703424,-0.183449610852893,-3.52591844276343,-1.30128782503841,0.000373024128420584,0.431501527982569,0.0526963998898889,0.00915870917212061,-1.39759223167862,-0.0313180365931128,-0.000153759821340759
109.895,-0.162314717884224,0.0405411627284151,-0.19451623259021,-3.36474052232026,-1.32595839775232,-0.00046405250672039,0.426588293091537,0.04742416524493,0.00963961446035137,-1.20875050188059,-0.0285487777276374,-0.000924476532363862
109.9,-0.210691423107892,0.0591337492552267,-0.203975488800769,-3.21752285014003,-1.32771287086791,-0.00167359658626627,0.417611684267793,0.0417064589312513,0.00996748745636487,-1.02217248585897,-0.0244602338698406,-0.00185707814493251
109.905,-0.25372214975172,0.0809831651524518,-0.211371132710069,-3.08660425518369,-1.30046190288572,-0.00326106555429307,0.403604622225088,0.0355358013866876,0.0101436426994328,-0.839914542581975,-0.0193082020175928,-0.0028988194616133
109.91,-0.290814633953296,0.105760178187607,-0.216247696706407,-2.97482340201477,-1.23846523805754,-0.00523536184370709,0.383915461376717,0.0289225694778542,0.0101756344470026,-0.664899718910952,-0.0133581108729756,-0.00398781105221042
109.915,-0.320042966843538,0.133017454710287,-0.218173239278811,-2.89151528118704,-1.13658211983919,-0.0076084193628047,0.361622495554152,0.0219036250103865,0.0100760037146385,-0.503762531616438,-0.00686476553381179,-0.00505804459331797
109.92,-0.340861896798511,0.162193365840104,-0.216765278904952,-2.83972997199872,-0.99056870675354,-0.0103930822997754,0.337387860536844,0.0145477886267242,0.00986086968180971,-0.35809154112191,-5.79912162377173e-05,-0.00604446956399854
109.925,-0.353232196981327,0.192622112393231,-0.211718329127098,-2.82152970987325,-0.797407061320287,-0.0135993679147465,0.311901010586402,0.00695742653821879,0.00954849711084506,-0.228684537105038,0.00686561742883277,-0.00688771556433532
109.93,-0.355426673218642,0.223550394053827,-0.202831123122066,-2.83648715950081,-0.555642781607144,-0.0172294265452375,0.285499458168365,-0.000734096682950582,0.00915795724947218,-0.115411482777298,0.0137453947251478,-0.0075381086479467
109.935,-0.34919379325823,0.254160324806079,-0.190031423855781,-2.88484884069573,-0.265702236824215,-0.0212717136117239,0.259013407224311,-0.00836883924455272,0.00870797589597152,-0.0183077485916298,0.0204548568707997,-0.00795870802769194
109.94,-0.336851285537968,0.283597774243951,-0.173396278867107,-2.96552491381714,0.069843491404305,-0.0256950463660654,0.233207676444765,-0.0157738510144715,0.0082160321193922,0.0634516032993929,0.0268969284043542,-0.00812718585303053
109.945,-0.319513990946481,0.311004839622018,-0.15316570796804,-3.07499052040816,0.44610176015209,-0.0304433121477524,0.208376961107443,-0.0227727940092701,0.00769773823166608,0.131248649755348,0.0329976329017883,-0.00803648014155018
109.95,-0.295011953532549,0.335554767590272,-0.129748107710092,-3.2033649408089,0.855799872405564,-0.0354316102402007,0.18223597255669,-0.0291982877373738,0.00716649972728553,0.186882519034083,0.0386996002284234,-0.00769426045547263
109.955,-0.268695064587192,0.356487379399464,-0.10371610698898,-3.34980689448596,1.28937007838658,-0.0405445386624511,0.15815743903554,-0.0349035867835658,0.00663342636842337,0.23191212102234,0.0439564477248712,-0.00712134771722374
109.96,-0.241599949079807,0.373142928720719,-0.0757921906970413,-3.50720316375873,1.7351937048481,-0.0456371815170389,0.136322511105135,-0.039772301897932,0.00610744496034072,0.267919787668006,0.0487287072749351,-0.00634931393251605
109.965,-0.214781548044412,0.384992344272416,-0.0468240886597232,-3.67276361351226,2.18000776537999,-0.050539121890239,NaN,NaN,NaN,NaN,NaN,NaN
109.97,-0.188746392179923,0.391661977011714,-0.0177506612042465,-3.84691065118802,2.60946331334564,-0.0550615183464629,NaN,NaN,NaN,NaN,NaN,NaN
109.975,-0.161741408807419,0.39295127255453,0.0104402505169987,-4.00884134549204,3.00881015857474,-0.0590069656546088,NaN,NaN,NaN,NaN,NaN,NaN
109.98,-0.132786596056707,0.38884220506701,0.0367598569250241,-4.14969000633143,3.36366882699748,-0.0621815436462804,NaN,NaN,NaN,NaN,NaN,NaN
109.985,-0.100764833263643,0.379499812464856,0.0602696060767252,-4.26484754239136,3.66083929095709,-0.0644081755786793,NaN,NaN,NaN,NaN,NaN,NaN
109.99,-0.0637819434001864,0.365263730188116,0.0801323777490392,-4.34649606554886,3.88908841082618,-0.0655402016936518,NaN,NaN,NaN,NaN,NaN,NaN
109.995,-0.0198796720336058,0.34663119237164,0.0956603276482692,-4.38442173908702,4.03985529594127,-0.065473953032546,NaN,NaN,NaN,NaN,NaN,NaN
110,0.0324601089424244,0.324232512573148,0.106356048165964,-4.3730505855611,4.10781657276727,-0.0641591054027115,NaN,NaN,NaN,NaN,NaN,NaN
110.005,0.0943725996014019,0.298800530017751,0.111943989000667,-4.31281879909715,4.09126195468269,-0.0616057133509841,NaN,NaN,NaN,NaN,NaN,NaN
110.01,0.166453105216794,0.271135875280164,0.11238960698325,-4.19922412507651,3.99224405335688,-0.057887065649787,NaN,NaN,NaN,NaN,NaN,NaN
110.015,0.248631633191666,0.242070143677367,0.107904464860334,-4.03022883712844,3.81648397828509,-0.0531378495934857,NaN,NaN,NaN,NaN,NaN,NaN
110.02,0.339998038569489,0.212429148151181,0.0989364277504294,-3.80758176523162,3.57303435571187,-0.0475475306171565,NaN,NaN,NaN,NaN,NaN,NaN
110.025,0.43741198113763,0.182998350417025,0.0861451487798202,-3.53336923269534,3.27372202721118,-0.0413493054099041,NaN,NaN,NaN,NaN,NaN,NaN
110.03,0.539271339925119,0.154492346466865,0.0703641128378421,-3.21532335770594,2.93241178274063,-0.0348054237678083,NaN,NaN,NaN,NaN,NaN,NaN
110.035,0.642310201032471,0.127529929987951,0.0525515320319316,-2.86108460176857,2.56414805388193,-0.0281900487775491,NaN,NaN,NaN,NaN,NaN,NaN
110.04,0.742512269840839,0.102615806724671,0.0337332702483068,-2.47920109592295,2.1842418775121,-0.0217710927971073,NaN,NaN,NaN,NaN,NaN,NaN
110.045,0.835242894513561,0.0801295250091701,0.0149416369565786,-2.07910548449472,1.80737450874704,-0.0157925943876798,NaN,NaN,NaN,NaN,NaN,NaN
110.05,0.916679065915412,0.0603216678446577,-0.00284573238202767,-1.67410386251339,1.44678636439552,-0.0104591700196563,NaN,NaN,NaN,NaN,NaN,NaN
110.055,0.982694924233147,0.043316864941937,-0.0187626418254848,-1.27593302085744,1.11361080728209,-0.00592388321836125,NaN,NaN,NaN,NaN,NaN,NaN
110.06,1.03104591738919,0.0291227689729456,-0.0321027696222998,-0.896121253667761,0.816397645864355,-0.00228054086989944,NaN,NaN,NaN,NaN,NaN,NaN
110.065,1.05885139920045,0.0176438300903064,-0.0423564101929378,-0.546088589323918,0.560852730254003,0.000439013034650804,NaN,NaN,NaN,NaN,NaN,NaN
110.07,1.06272802495405,0.00869851552679354,-0.0492330540870347,-0.236407157202647,0.349799692346273,0.00226253304451181,NaN,NaN,NaN,NaN,NaN,NaN
110.075,1.04168121138067,0.00203856213235855,-0.0526684338478813,0.0239145315417066,0.183349888348668,0.00327036207778285,NaN,NaN,NaN,NaN,NaN,NaN
110.08,0.998197450529882,-0.00263108935961551,-0.0528158731939365,0.226953989321078,0.0592490410099003,0.00358464146654838,NaN,NaN,NaN,NaN,NaN,NaN
110.085,0.932927325037095,-0.00563286892747896,-0.0500229950861133,0.366095673250297,-0.0266443207625616,0.00335594137168135,NaN,NaN,NaN,NaN,NaN,NaN
110.09,0.8468272914023,-0.00729861987100872,-0.0447959662603294,0.438385782047432,-0.0798015832417592,0.00274870270436136,NaN,NaN,NaN,NaN,NaN,NaN
110.095,0.743355664849395,-0.00795379995496081,-0.0377543852761456,0.443361807195973,-0.106443089454724,0.0019269127518264,NaN,NaN,NaN,NaN,NaN,NaN
110.1,0.627400464718068,-0.00790425989919804,-0.0295805789828155,0.388801228899841,-0.112985193366034,0.00104131201565046,NaN,NaN,NaN,NaN,NaN,NaN
110.105,0.503305265565446,-0.00742577361919278,-0.0209674039477064,0.278548506501543,-0.105558707058969,0.000219172978704863,NaN,NaN,NaN,NaN,NaN,NaN
110.11,0.375807764071289,-0.00675630037586096,-0.0125686296302034,0.117725299394001,-0.0896302806467115,-0.00044265856837354,NaN,NaN,NaN,NaN,NaN,NaN
110.115,0.249840147382417,-0.00609082756272973,-0.00495561534677828,-0.0847477381506452,-0.0697444991206852,-0.000881164666193883,NaN,NaN,NaN,NaN,NaN,NaN
110.12,0.13037749951429,-0.00557857546007916,0.00141667913117355,-0.325433539289452,-0.0493905009698456,-0.00106709539005069,NaN,NaN,NaN,NaN,NaN,NaN
110.125,0.0210640154059429,-0.00532233225157089,0.00623222384321624,-0.588450150547822,-0.0309842764160941,-0.00100188719994862,NaN,NaN,NaN,NaN,NaN,NaN
110.13,-0.075003942055253,-0.00537971064274087,0.00932393331443304,-0.859696686274149,-0.015947733969893,-0.000712256882396009,NaN,NaN,NaN,NaN,NaN,NaN
110.135,-0.155557098988998,-0.00576615332031147,0.0106712313605885,-1.12656779416517,-0.00485894662963587,-0.000243321295001415,NaN,NaN,NaN,NaN,NaN,NaN
110.14,-0.220232938367045,-0.0064595396746454,0.0103863009798732,-1.38253656016369,0.00235497047826771,0.000348866128594503,NaN,NaN,NaN,NaN,NaN,NaN
110.145,-0.267669921647273,-0.00740624157134404,0.00869107058332425,-1.61186330325399,0.00621029328626891,0.00100453442634929,NaN,NaN,NaN,NaN,NaN,NaN
110.15,-0.298393444989135,-0.00852843107570177,0.00588766759105101,-1.80514619109378,0.00746876579821923,0.00166648939238513,NaN,NaN,NaN,NaN,NaN,NaN
110.155,-0.313726753541913,-0.00973235884977251,0.00232545542876543,-1.95538728081224,0.0069678983766603,0.00228500627731889,NaN,NaN,NaN,NaN,NaN,NaN
110.16,-0.314956706305657,-0.010917211241786,-0.00163216630491966,-2.03930938336119,0.00549117297264189,0.00282107215367658,NaN,NaN,NaN,NaN,NaN,NaN
110.165,-0.304482812181831,-0.0119840394905402,-0.00563826807729322,-2.05303020207935,0.00368282828432354,0.00324795116824555,NaN,NaN,NaN,NaN,NaN,NaN
110.17,-0.285591604544962,-0.0128441641877567,-0.00938779325608317,-2.02092482550681,0.00200565177598372,0.00355123579277761,NaN,NaN,NaN,NaN,NaN,NaN
110.175,-0.260757491975836,-0.0134264202104977,-0.0126361692530073,-1.94711823338136,0.000735384172281165,0.00372768647273955,NaN,NaN,NaN,NaN,NaN,NaN
110.18,-0.233528521814043,-0.0136826433557336,-0.0152102708775842,-1.84652628891653,-1.76847626058763e-05,0.00378324120174058,NaN,NaN,NaN,NaN,NaN,NaN
110.185,-0.204817750423613,-0.013590919640953,-0.0170117237501431,-1.7195750210567,-0.000270513167382492,0.00373059505518145,NaN,NaN,NaN,NaN,NaN,NaN
110.19,-0.175800427554998,-0.0131563162399495,-0.0180132961529446,-1.5699792984585,-0.000122578256531645,0.00358671513947218,NaN,NaN,NaN,NaN,NaN,NaN
110.195,-0.147850332017964,-0.0124090682084929,-0.0182497251853134,-1.4056701459379,0.000287064880751419,0.00337058223833992,NaN,NaN,NaN,NaN,NaN,NaN
110.2,-0.122366421441456,-0.011400473490909,-0.0178047030558954,-1.2349873041904,0.000815144936926776,0.00310135346398371,NaN,NaN,NaN,NaN,NaN,NaN
110.205,-0.0994332498131373,-0.0101970087208367,-0.016795888470133,-1.06410042075273,0.0013389086539491,0.00279703777710677,NaN,NaN,NaN,NaN,NaN,NaN
110.21,-0.0793502251171226,-0.00887337849504607,-0.0153597157628187,-0.898880174545556,0.00176968174382503,0.00247368367648903,NaN,NaN,NaN,NaN,NaN,NaN
110.215,-0.0621539399846909,-0.00750531741011311,-0.0136374897683957,-0.744498543560903,0.00205663412435919,0.00214500714244033,NaN,NaN,NaN,NaN,NaN,NaN
110.22,-0.0476540965953907,-0.00616295827418808,-0.0117638389133803,-0.601001150377266,0.00218329835763015,0.0018223445199255,NaN,NaN,NaN,NaN,NaN,NaN
110.225,-0.0407717002182688,-0.00558232367316141,-0.0108693059472754,-0.525506014288951,0.00222292986386413,0.00165240852477804,NaN,NaN,NaN,NaN,NaN,NaN
