time,left,right
205,1,1
205.005,1,1
205.01,1,1
205.015,1,1
205.02,1,1
205.025,1,1
205.03,1,1
205.035,1,1
205.04,1,1
205.045,1,1
205.05,1,1
205.055,1,1
205.06,1,1
205.065,1,1
205.07,1,1
205.075,1,1
205.08,1,1
205.085,1,1
205.09,1,1
205.095,1,1
205.1,1,1
205.105,1,1
205.11,1,1
205.115,1,1
205.12,1,1
205.125,1,1
205.13,1,1
205.135,1,1
205.14,1,1
205.145,1,1
205.15,1,1
205.155,1,1
205.16,1,1
205.165,1,1
205.17,1,1
205.175,1,1
205.18,1,1
205.185,1,1
205.19,1,1
205.195,1,1
205.2,1,1
205.205,1,1
205.21,1,1
205.215,1,1
205.22,1,1
205.225,1,1
205.23,1,1
205.235,1,1
205.24,1,1
205.245,1,1
205.25,1,1
205.255,1,1
205.26,1,1
205.265,1,1
205.27,1,1
205.275,1,1
205.28,1,1
205.285,1,1
205.29,1,1
205.295,1,1
205.3,1,1
205.305,1,1
205.31,1,1
205.315,1,1
205.32,1,1
205.325,1,1
205.33,1,1
205.335,1,1
205.34,1,1
205.345,1,1
205.35,1,1
205.355,1,1
205.36,1,1
205.365,1,1
205.37,1,1
205.375,1,1
205.38,1,1
205.385,1,1
205.39,1,1
205.395,1,1
205.4,1,1
205.405,1,1
205.41,1,1
205.415,1,1
205.42,1,1
205.425,1,1
205.43,1,1
205.435,1,1
205.44,1,1
205.445,1,1
205.45,1,1
205.455,1,1
205.46,1,1
205.465,1,1
205.47,1,1
205.475,1,1
205.48,1,1
205.485,1,1
205.49,1,1
205.495,1,1
205.5,1,1
205.505,1,1
205.51,1,1
205.515,1,1
205.52,1,1
205.525,1,1
205.53,1,1
205.535,1,1
205.54,1,1
205.545,1,1
205.55,1,1
205.555,1,1
205.56,1,1
205.565,1,1
205.57,1,1
205.575,1,1
205.58,1,1
205.585,1,1
205.59,1,1
205.595,1,1
205.6,1,1
205.605,1,1
205.61,1,1
205.615,1,1
205.62,1,1
205.625,1,1
205.63,1,1
205.635,1,1
205.64,1,1
205.645,1,1
205.65,1,1
205.655,1,1
205.66,1,1
205.665,1,1
205.67,1,1
205.675,1,1
205.68,1,1
205.685,1,1
205.69,1,1
205.695,1,1
205.7,1,1
205.705,1,1
205.71,1,1
205.715,1,1
205.72,1,1
205.725,1,1
205.73,1,1
205.735,1,1
205.74,1,1
205.745,1,1
205.75,1,1
205.755,1,1
205.76,1,1
205.765,1,1
205.77,1,1
205.775,1,1
205.78,1,1
205.785,1,1
205.79,1,1
205.795,1,1
205.8,1,1
205.805,1,1
205.81,1,1
205.815,1,1
205.82,1,1
205.825,1,1
205.83,1,1
205.835,1,1
205.84,1,1
205.845,1,1
205.85,1,1
205.855,1,1
205.86,1,1
205.865,1,1
205.87,1,1
205.875,1,1
205.88,1,1
205.885,1,1
205.89,1,1
205.895,1,1
205.9,1,1
205.905,1,1
205.91,1,1
205.915,1,1
205.92,1,1
205.925,1,1
205.93,1,1
205.935,1,1
205.94,1,1
205.945,1,1
205.95,1,1
205.955,1,1
205.96,1,1
205.965,1,1
205.97,1,1
205.975,1,1
205.98,1,1
205.985,1,1
205.99,1,1
205.995,1,1
206,1,1
206.005,1,1
206.01,1,1
206.015,1,1
206.02,1,1
206.025,1,1
206.03,1,1
206.035,1,1
206.04,1,1
206.045,1,1
206.05,1,1
206.055,1,1
206.06,1,1
206.065,1,1
206.07,1,1
206.075,1,1
206.08,1,1
206.085,1,1
206.09,1,1
206.095,1,1
206.1,1,1
206.105,1,1
206.11,1,1
206.115,1,1
206.12,1,1
206.125,1,1
206.13,1,1
206.135,1,1
206.14,1,1
206.145,1,1
206.15,1,1
206.155,1,1
206.16,1,1
206.165,1,1
206.17,1,1
206.175,1,1
206.18,1,1
206.185,1,1
206.19,1,1
206.195,1,1
206.2,1,1
206.205,1,1
206.21,1,1
206.215,1,1
206.22,1,1
206.225,1,1
206.23,1,1
206.235,1,1
206.24,1,1
206.245,1,1
206.25,1,1
206.255,1,1
206.26,1,1
206.265,1,1
206.27,1,1
206.275,1,1
206.28,1,1
206.285,1,1
206.29,1,1
206.295,1,1
206.3,1,1
206.305,1,1
206.31,1,1
206.315,1,1
206.32,1,1
206.325,1,1
206.33,1,1
206.335,1,1
206.34,1,1
206.345,1,1
206.35,1,1
206.355,1,1
206.36,1,1
206.365,1,1
206.37,1,1
206.375,1,1
206.38,1,1
206.385,1,1
206.39,1,1
206.395,1,1
206.4,1,1
206.405,1,1
206.41,1,1
206.415,1,1
206.42,1,1
206.425,1,1
206.43,1,1
206.435,1,1
206.44,1,1
206.445,1,1
206.45,1,1
206.455,1,1
206.46,1,1
206.465,1,1
206.47,1,1
206.475,1,1
206.48,1,1
206.485,1,1
206.49,1,1
206.495,1,1
206.5,1,1
206.505,1,1
206.51,1,1
206.515,1,1
206.52,1,1
206.525,1,1
206.53,1,1
206.535,1,1
206.54,1,1
206.545,1,1
206.55,1,1
206.555,1,1
206.56,1,1
206.565,1,1
206.57,1,1
206.575,1,1
206.58,1,1
206.585,1,1
206.59,1,1
206.595,1,1
206.6,1,1
206.605,1,1
206.61,1,1
206.615,1,1
206.62,1,1
206.625,1,1
206.63,1,1
206.635,1,1
206.64,1,1
206.645,1,1
206.65,1,1
206.655,1,1
206.66,1,1
206.665,1,1
206.67,1,1
206.675,1,1
206.68,1,1
206.685,1,1
206.69,1,1
206.695,1,1
206.7,1,1
206.705,1,1
206.71,1,1
206.715,1,1
206.72,1,1
206.725,1,1
206.73,1,1
206.735,1,1
206.74,1,1
206.745,1,1
206.75,1,1
206.755,1,1
206.76,1,1
206.765,1,1
206.77,1,1
206.775,1,1
206.78,1,1
206.785,1,1
206.79,1,1
206.795,1,1
206.8,1,1
206.805,1,1
206.81,1,1
206.815,1,1
206.82,1,1
206.825,1,1
206.83,1,1
206.835,1,1
206.84,1,1
206.845,1,1
206.85,1,1
206.855,1,1
206.86,1,1
206.865,1,1
206.87,1,1
206.875,1,1
206.88,1,1
206.885,1,1
206.89,1,1
206.895,1,1
206.9,1,1
206.905,1,1
206.91,1,1
206.915,1,1
206.92,1,1
206.925,1,1
206.93,1,1
206.935,1,1
206.94,1,1
206.945,1,1
206.95,1,1
206.955,1,1
206.96,1,1
206.965,1,1
206.97,1,1
206.975,1,1
206.98,1,1
206.985,1,1
206.99,1,1
206.995,1,1
207,1,1
207.005,1,1
207.01,1,1
207.015,1,1
207.02,1,1
207.025,1,1
207.03,1,1
207.035,1,1
207.04,1,1
207.045,1,1
207.05,1,1
207.055,1,1
207.06,1,1
207.065,1,1
207.07,1,1
207.075,1,1
207.08,1,1
207.085,1,1
207.09,1,1
207.095,1,1
207.1,1,1
207.105,1,1
207.11,1,1
207.115,1,1
207.12,1,1
207.125,1,1
207.13,1,1
207.135,1,1
207.14,1,1
207.145,1,1
207.15,1,1
207.155,1,1
207.16,1,1
207.165,1,1
207.17,1,1
207.175,1,1
207.18,1,1
207.185,1,1
207.19,1,1
207.195,1,1
207.2,1,1
207.205,1,1
207.21,1,1
207.215,1,1
207.22,1,1
207.225,1,1
207.23,1,1
207.235,1,1
207.24,1,1
207.245,1,1
207.25,1,1
207.255,1,1
207.26,1,1
207.265,1,1
207.27,1,1
207.275,1,1
207.28,1,1
207.285,1,1
207.29,1,1
207.295,1,1
207.3,1,1
207.305,1,1
207.31,1,1
207.315,1,1
207.32,1,1
207.325,1,1
207.33,1,1
207.335,1,1
207.34,1,1
207.345,1,1
207.35,1,1
207.355,1,1
207.36,1,1
207.365,1,1
207.37,1,1
207.375,1,1
207.38,1,1
207.385,1,1
207.39,1,1
207.395,1,1
207.4,1,1
207.405,1,1
207.41,1,1
207.415,1,1
207.42,1,1
207.425,1,1
207.43,1,1
207.435,1,1
207.44,1,1
207.445,1,1
207.45,1,1
207.455,1,1
207.46,1,1
207.465,1,1
207.47,1,1
207.475,1,1
207.48,1,1
207.485,1,1
207.49,1,1
207.495,1,1
207.5,1,1
207.505,1,1
207.51,1,1
207.515,1,1
207.52,1,1
207.525,1,1
207.53,1,1
207.535,1,1
207.54,1,1
207.545,1,1
207.55,1,1
207.555,1,1
207.56,1,1
207.565,1,1
207.57,1,1
207.575,1,1
207.58,1,1
207.585,1,1
207.59,1,1
207.595,1,1
207.6,1,1
207.605,1,1
207.61,1,1
207.615,1,1
207.62,1,1
207.625,1,1
207.63,1,1
207.635,1,1
207.64,1,1
207.645,1,1
207.65,1,1
207.655,1,1
207.66,1,1
207.665,1,1
207.67,1,1
207.675,1,1
207.68,1,1
207.685,1,1
207.69,1,1
207.695,1,1
207.7,1,1
207.705,1,1
207.71,1,1
207.715,1,1
207.72,1,1
207.725,1,1
207.73,1,1
207.735,1,1
207.74,1,1
207.745,1,1
207.75,1,1
207.755,1,1
207.76,1,1
207.765,1,1
207.77,1,1
207.775,1,1
207.78,1,1
207.785,1,1
207.79,1,1
207.795,1,1
207.8,1,1
207.805,1,1
207.81,1,1
207.815,1,1
207.82,1,1
207.825,1,1
207.83,1,1
207.835,1,1
207.84,1,1
207.845,1,1
207.85,1,1
207.855,1,1
207.86,1,1
207.865,1,1
207.87,1,1
207.875,1,1
207.88,1,1
207.885,1,1
207.89,1,1
207.895,1,1
207.9,1,1
207.905,1,1
207.91,1,1
207.915,1,1
207.92,1,1
207.925,1,1
207.93,1,1
207.935,1,1
207.94,1,1
207.945,1,1
207.95,1,1
207.955,1,1
207.96,1,1
207.965,1,1
207.97,1,1
207.975,1,1
207.98,1,1
207.985,1,1
207.99,1,1
207.995,1,1
208,1,1
208.005,1,1
208.01,1,1
208.015,1,1
208.02,1,1
208.025,1,1
208.03,1,1
208.035,1,1
208.04,1,1
208.045,1,1
208.05,1,1
208.055,1,1
208.06,1,1
208.065,1,1
208.07,1,1
208.075,1,1
208.08,1,1
208.085,1,1
208.09,1,1
208.095,1,1
208.1,1,1
208.105,1,1
208.11,1,1
208.115,1,1
208.12,1,1
208.125,1,1
208.13,1,1
208.135,1,1
208.14,1,1
208.145,1,1
208.15,1,1
208.155,1,1
208.16,1,1
208.165,1,1
208.17,1,1
208.175,1,1
208.18,1,1
208.185,1,1
208.19,1,1
208.195,1,1
208.2,1,1
208.205,1,1
208.21,1,1
208.215,1,1
208.22,1,1
208.225,1,1
208.23,1,1
208.235,1,1
208.24,1,1
208.245,1,1
208.25,1,1
208.255,1,1
208.26,1,1
208.265,1,1
208.27,1,1
208.275,1,1
208.28,1,1
208.285,1,1
208.29,1,1
208.295,1,1
208.3,1,1
208.305,1,1
208.31,1,1
208.315,1,1
208.32,1,1
208.325,1,1
208.33,1,1
208.335,1,1
208.34,1,1
208.345,1,1
208.35,1,1
208.355,1,1
208.36,1,1
208.365,1,1
208.37,1,1
208.375,1,1
208.38,1,1
208.385,1,1
208.39,1,1
208.395,1,1
208.4,1,1
208.405,1,1
208.41,1,1
208.415,1,1
208.42,1,1
208.425,1,1
208.43,1,1
208.435,1,1
208.44,1,1
208.445,1,1
208.45,1,1
208.455,1,1
208.46,1,1
208.465,1,1
208.47,1,1
208.475,1,1
208.48,1,1
208.485,1,1
208.49,1,1
208.495,1,1
208.5,1,1
208.505,1,1
208.51,1,1
208.515,1,1
208.52,1,1
208.525,1,1
208.53,1,1
208.535,1,1
208.54,1,1
208.545,1,1
208.55,1,1
208.555,1,1
208.56,1,1
208.565,1,1
208.57,1,1
208.575,1,1
208.58,1,1
208.585,1,1
208.59,1,1
208.595,1,1
208.6,1,1
208.605,1,1
208.61,1,1
208.615,1,1
208.62,1,1
208.625,1,1
208.63,1,1
208.635,1,1
208.64,1,1
208.645,1,1
208.65,1,1
208.655,1,1
208.66,1,1
208.665,1,1
208.67,1,1
208.675,1,1
208.68,1,1
208.685,1,1
208.69,1,1
208.695,1,1
208.7,1,1
208.705,1,1
208.71,1,1
208.715,1,1
208.72,1,1
208.725,1,1
208.73,1,1
208.735,1,1
208.74,1,1
208.745,1,1
208.75,1,1
208.755,1,1
208.76,1,1
208.765,1,1
208.77,1,1
208.775,1,1
208.78,1,1
208.785,1,1
208.79,1,1
208.795,1,1
208.8,1,1
208.805,1,1
208.81,1,1
208.815,1,1
208.82,1,1
208.825,1,1
208.83,1,1
208.835,1,1
208.84,1,1
208.845,1,1
208.85,1,1
208.855,1,1
208.86,1,1
208.865,1,1
208.87,1,1
208.875,1,1
208.88,1,1
208.885,1,1
208.89,1,1
208.895,1,1
208.9,1,1
208.905,1,1
208.91,1,1
208.915,1,1
208.92,1,1
208.925,1,1
208.93,1,1
208.935,1,1
208.94,1,1
208.945,1,1
208.95,1,1
208.955,1,1
208.96,1,1
208.965,1,1
208.97,1,1
208.975,1,1
208.98,1,1
208.985,1,1
208.99,1,1
208.995,1,1
209,1,1
209.005,1,1
209.01,1,1
209.015,1,1
209.02,1,1
209.025,1,1
209.03,1,1
209.035,1,1
209.04,1,1
209.045,1,1
209.05,1,1
209.055,1,1
209.06,1,1
209.065,1,1
209.07,1,1
209.075,1,1
209.08,1,1
209.085,1,1
209.09,1,1
209.095,1,1
209.1,1,1
209.105,1,1
209.11,1,1
209.115,1,1
209.12,1,1
209.125,1,1
209.13,1,1
209.135,1,1
209.14,1,1
209.145,1,1
209.15,1,1
209.155,1,1
209.16,1,1
209.165,1,1
209.17,1,1
209.175,1,1
209.18,1,1
209.185,1,1
209.19,1,1
209.195,1,1
209.2,1,1
209.205,1,1
209.21,1,1
209.215,1,1
209.22,1,1
209.225,1,1
209.23,1,1
209.235,1,1
209.24,1,1
209.245,1,1
209.25,1,1
209.255,1,1
209.26,1,1
209.265,1,1
209.27,1,1
209.275,1,1
209.28,1,1
209.285,1,1
209.29,1,1
209.295,1,1
209.3,1,1
209.305,1,1
209.31,1,1
209.315,1,1
209.32,1,1
209.325,1,1
209.33,1,1
209.335,1,1
209.34,1,1
209.345,1,1
209.35,1,1
209.355,1,1
209.36,1,1
209.365,1,1
209.37,1,1
209.375,1,1
209.38,1,1
209.385,1,1
209.39,1,1
209.395,1,1
209.4,1,1
209.405,1,1
209.41,1,1
209.415,1,1
209.42,1,1
209.425,1,1
209.43,1,1
209.435,1,1
209.44,1,1
209.445,1,1
209.45,1,1
209.455,1,1
209.46,1,1
209.465,1,1
209.47,1,1
209.475,1,1
209.48,1,1
209.485,1,1
209.49,1,1
209.495,1,1
209.5,1,1
209.505,1,1
209.51,1,1
209.515,1,1
209.52,1,1
209.525,1,1
209.53,1,1
209.535,1,1
209.54,1,1
209.545,1,1
209.55,1,1
209.555,1,1
209.56,1,1
209.565,1,1
209.57,1,1
209.575,1,1
209.58,1,1
209.585,1,1
209.59,1,1
209.595,1,1
209.6,1,1
209.605,1,1
209.61,1,1
209.615,1,1
209.62,1,1
209.625,1,1
209.63,1,1
209.635,1,1
209.64,1,1
209.645,1,1
209.65,1,1
209.655,1,1
209.66,1,1
209.665,1,1
209.67,1,1
209.675,1,1
209.68,1,1
209.685,1,1
209.69,1,1
209.695,1,1
209.7,1,1
209.705,1,1
209.71,1,1
209.715,1,1
209.72,1,1
209.725,1,1
209.73,1,1
209.735,1,1
209.74,1,1
209.745,1,1
209.75,1,1
209.755,1,1
209.76,1,1
209.765,1,1
209.77,1,1
209.775,1,1
209.78,1,1
209.785,1,1
209.79,1,1
209.795,1,1
209.8,1,1
209.805,1,1
209.81,1,1
209.815,1,1
209.82,1,1
209.825,1,1
209.83,1,1
209.835,1,1
209.84,1,1
209.845,1,1
209.85,1,1
209.855,1,1
209.86,1,1
209.865,1,1
209.87,1,1
209.875,1,1
209.88,1,1
209.885,1,1
209.89,1,1
209.895,1,1
209.9,1,1
209.905,1,1
209.91,1,1
209.915,1,1
209.92,1,1
209.925,1,1
209.93,1,1
209.935,1,1
209.94,1,1
209.945,1,1
209.95,1,1
209.955,1,1
209.96,1,1
209.965,1,1
209.97,1,1
209.975,1,1
209.98,1,1
209.985,1,1
209.99,1,1
209.995,1,1
210,1,1
210.005,1,1
210.01,1,1
210.015,1,1
210.02,1,1
210.025,1,1
210.03,1,1
210.035,1,1
210.04,1,1
210.045,1,1
210.05,1,1
210.055,1,1
210.06,1,1
210.065,1,1
210.07,1,1
210.075,1,1
210.08,1,1
210.085,1,1
210.09,1,1
210.095,1,1
210.1,1,1
210.105,1,1
210.11,1,1
210.115,1,1
210.12,1,1
210.125,1,1
210.13,1,1
210.135,1,1
210.14,1,1
210.145,1,1
210.15,1,1
210.155,1,1
210.16,1,1
210.165,1,1
210.17,1,1
210.175,1,1
210.18,1,1
210.185,1,1
210.19,1,1
210.195,1,1
210.2,1,1
210.205,1,1
210.21,1,1
210.215,1,1
210.22,1,1
210.225,1,1
210.23,1,1
210.235,1,1
210.24,1,1
210.245,1,1
210.25,1,1
210.255,1,1
210.26,1,1
210.265,1,1
210.27,1,1
210.275,1,1
210.28,1,1
210.285,1,1
210.29,1,1
210.295,1,1
210.3,1,1
210.305,1,1
210.31,1,1
210.315,1,1
210.32,1,1
210.325,1,1
210.33,1,1
210.335,1,1
210.34,1,1
210.345,1,1
210.35,1,1
210.355,1,1
210.36,1,1
210.365,1,1
210.37,1,1
210.375,1,1
210.38,1,1
210.385,1,1
210.39,1,1
210.395,1,1
210.4,1,1
210.405,1,1
210.41,1,1
210.415,1,1
210.42,1,1
210.425,1,1
210.43,1,1
210.435,1,1
210.44,1,1
210.445,1,1
210.45,1,1
210.455,1,1
210.46,1,1
210.465,1,1
210.47,1,1
210.475,1,1
210.48,1,1
210.485,1,1
210.49,1,1
210.495,1,1
210.5,1,1
210.505,1,1
210.51,1,1
210.515,1,1
210.52,1,1
210.525,1,1
210.53,1,1
210.535,1,1
210.54,1,1
210.545,1,1
210.55,1,1
210.555,1,1
210.56,1,1
210.565,1,1
210.57,1,1
210.575,1,1
210.58,1,1
210.585,1,1
210.59,1,1
210.595,1,1
210.6,1,1
210.605,1,1
210.61,1,1
210.615,1,1
210.62,1,1
210.625,1,1
210.63,1,1
210.635,1,1
210.64,1,1
210.645,1,1
210.65,1,1
210.655,1,1
210.66,1,1
210.665,1,1
210.67,1,1
210.675,1,1
210.68,1,1
210.685,1,1
210.69,1,1
210.695,1,1
210.7,1,1
210.705,1,1
210.71,1,1
210.715,1,1
210.72,1,1
210.725,1,1
210.73,1,1
210.735,1,1
210.74,1,1
210.745,1,1
210.75,1,1
210.755,1,1
210.76,1,1
210.765,1,1
210.77,1,1
210.775,1,1
210.78,1,1
210.785,1,1
210.79,1,1
210.795,1,1
210.8,1,1
210.805,1,1
210.81,1,1
210.815,1,1
210.82,1,1
210.825,1,1
210.83,1,1
210.835,1,1
210.84,1,1
210.845,1,1
210.85,1,1
210.855,1,1
210.86,1,1
210.865,1,1
210.87,1,1
210.875,1,1
210.88,1,1
210.885,1,1
210.89,1,1
210.895,1,1
210.9,1,1
210.905,1,1
210.91,1,1
210.915,1,1
210.92,1,1
210.925,1,1
210.93,1,1
210.935,1,1
210.94,1,1
210.945,1,1
210.95,1,1
210.955,1,1
210.96,1,1
210.965,1,1
210.97,1,1
210.975,1,1
210.98,1,1
210.985,1,1
210.99,1,1
210.995,1,1
211,1,1
211.005,1,1
211.01,1,1
211.015,1,1
211.02,1,1
211.025,1,1
211.03,1,1
211.035,1,1
211.04,1,1
211.045,1,1
211.05,1,1
211.055,1,1
211.06,1,1
211.065,1,1
211.07,1,1
211.075,1,1
211.08,1,1
211.085,1,1
211.09,1,1
211.095,1,1
211.1,1,1
211.105,1,1
211.11,1,1
211.115,1,1
211.12,1,1
211.125,1,1
211.13,1,1
211.135,1,1
211.14,1,1
211.145,1,1
211.15,1,1
211.155,1,1
211.16,1,1
211.165,1,1
211.17,1,1
211.175,1,1
211.18,1,1
211.185,1,1
211.19,1,1
211.195,1,1
211.2,1,1
211.205,1,1
211.21,1,1
211.215,1,1
211.22,1,1
211.225,1,1
211.23,1,1
211.235,1,1
211.24,1,1
211.245,1,1
211.25,1,1
211.255,1,1
211.26,1,1
211.265,1,1
211.27,1,1
211.275,1,1
211.28,1,1
211.285,1,1
211.29,1,1
211.295,1,1
211.3,1,1
211.305,1,1
211.31,1,1
211.315,1,1
211.32,1,1
211.325,1,1
211.33,1,1
211.335,1,1
211.34,1,1
211.345,1,1
211.35,1,1
211.355,1,1
211.36,1,1
211.365,1,1
211.37,1,1
211.375,1,1
211.38,1,1
211.385,1,1
211.39,1,1
211.395,1,1
211.4,1,1
211.405,1,1
211.41,1,1
211.415,1,1
211.42,1,1
211.425,1,1
211.43,1,1
211.435,1,1
211.44,1,1
211.445,1,1
211.45,1,1
211.455,1,1
211.46,1,1
211.465,1,1
211.47,1,1
211.475,1,1
211.48,1,1
211.485,1,1
211.49,1,1
211.495,1,1
211.5,1,1
211.505,1,1
211.51,1,1
211.515,1,1
211.52,1,1
211.525,1,1
211.53,1,1
211.535,1,1
211.54,1,1
211.545,1,1
211.55,1,1
211.555,1,1
211.56,1,1
211.565,1,1
211.57,1,1
211.575,1,1
211.58,1,1
211.585,1,1
211.59,1,1
211.595,1,1
211.6,1,1
211.605,1,1
211.61,1,1
211.615,1,1
211.62,1,1
211.625,1,1
211.63,1,1
211.635,1,1
211.64,1,1
211.645,1,1
211.65,1,1
211.655,1,1
211.66,1,1
211.665,1,1
211.67,1,1
211.675,1,1
211.68,1,1
211.685,1,1
211.69,1,1
211.695,1,1
211.7,1,1
211.705,1,1
211.71,1,1
211.715,1,1
211.72,1,1
211.725,1,1
211.73,1,1
211.735,1,1
211.74,1,1
211.745,1,1
211.75,1,1
211.755,1,1
211.76,1,1
211.765,1,1
211.77,1,1
211.775,1,1
211.78,1,1
211.785,1,1
211.79,1,1
211.795,1,1
211.8,1,1
211.805,1,1
211.81,1,1
211.815,1,1
211.82,1,1
211.825,1,1
211.83,1,1
211.835,1,1
211.84,1,1
211.845,1,1
211.85,1,1
211.855,1,1
211.86,1,1
211.865,1,1
211.87,1,1
211.875,1,1
211.88,1,1
211.885,1,1
211.89,1,1
211.895,1,1
211.9,1,1
211.905,1,1
211.91,1,1
211.915,1,1
211.92,1,1
211.925,1,1
211.93,1,1
211.935,1,1
211.94,1,1
211.945,1,1
211.95,1,1
211.955,1,1
211.96,1,1
211.965,1,1
211.97,1,1
211.975,1,1
211.98,1,1
211.985,1,1
211.99,1,1
211.995,1,1
212,1,1
212.005,1,1
212.01,1,1
212.015,1,1
212.02,1,1
212.025,1,1
212.03,1,1
212.035,1,1
212.04,1,1
212.045,1,1
212.05,1,1
212.055,1,1
212.06,1,1
212.065,1,1
212.07,1,1
212.075,1,1
212.08,1,1
212.085,1,1
212.09,1,1
212.095,1,1
212.1,1,1
212.105,1,1
212.11,1,1
212.115,1,1
212.12,1,1
212.125,1,1
212.13,1,1
212.135,1,1
212.14,1,1
212.145,1,1
212.15,1,1
212.155,1,1
212.16,1,1
212.165,1,1
212.17,1,1
212.175,1,1
212.18,1,1
212.185,1,1
212.19,1,1
212.195,1,1
212.2,1,1
212.205,1,1
212.21,1,1
212.215,1,1
212.22,1,1
212.225,1,1
212.23,1,1
212.235,1,1
212.24,1,1
212.245,1,1
212.25,1,1
212.255,1,1
212.26,1,1
212.265,1,1
212.27,1,1
212.275,1,1
212.28,1,1
212.285,1,1
212.29,1,1
212.295,1,1
212.3,1,1
212.305,1,1
212.31,1,1
212.315,1,1
212.32,1,1
212.325,1,1
212.33,1,1
212.335,1,1
212.34,1,1
212.345,1,1
212.35,1,1
212.355,1,1
212.36,1,1
212.365,1,1
212.37,1,1
212.375,1,1
212.38,1,1
212.385,1,1
212.39,1,1
212.395,1,1
212.4,1,1
212.405,1,1
212.41,1,1
212.415,1,1
212.42,1,1
212.425,1,1
212.43,1,1
212.435,1,1
212.44,1,1
212.445,1,1
212.45,1,1
212.455,1,1
212.46,1,1
212.465,1,1
212.47,1,1
212.475,1,1
212.48,1,1
212.485,1,1
212.49,1,1
212.495,1,1
212.5,1,1
212.505,1,1
212.51,1,1
212.515,1,1
212.52,1,1
212.525,1,1
212.53,1,1
212.535,1,1
212.54,1,1
212.545,1,1
212.55,1,1
212.555,1,1
212.56,1,1
212.565,1,1
212.57,1,1
212.575,1,1
212.58,1,1
212.585,1,1
212.59,1,1
212.595,1,1
212.6,1,1
212.605,1,1
212.61,1,1
212.615,1,1
212.62,1,1
212.625,1,1
212.63,1,1
212.635,1,1
212.64,1,1
212.645,1,1
212.65,1,1
212.655,1,1
212.66,1,1
212.665,1,1
212.67,1,1
212.675,1,1
212.68,1,1
212.685,1,1
212.69,1,1
212.695,1,1
212.7,1,1
212.705,1,1
212.71,1,1
212.715,1,1
212.72,1,1
212.725,1,1
212.73,1,1
212.735,1,1
212.74,1,1
212.745,1,1
212.75,1,1
212.755,1,1
212.76,1,1
212.765,1,1
212.77,1,1
212.775,1,1
212.78,1,1
212.785,1,1
212.79,1,1
212.795,1,1
212.8,1,1
212.805,1,1
212.81,1,1
212.815,1,1
212.82,1,1
212.825,1,1
212.83,1,1
212.835,1,1
212.84,1,1
212.845,1,1
212.85,1,1
212.855,1,1
212.86,1,1
212.865,1,1
212.87,1,1
212.875,1,1
212.88,1,1
212.885,1,1
212.89,1,1
212.895,1,1
212.9,1,1
212.905,1,1
212.91,1,1
212.915,1,1
212.92,1,1
212.925,1,1
212.93,1,1
212.935,1,1
212.94,1,1
212.945,1,1
212.95,1,1
212.955,1,1
212.96,1,1
212.965,1,1
212.97,1,1
212.975,1,1
212.98,1,1
212.985,1,1
212.99,1,1
212.995,1,1
213,1,1
213.005,1,1
213.01,1,1
213.015,1,1
213.02,1,1
213.025,1,1
213.03,1,1
213.035,1,1
213.04,1,1
213.045,1,1
213.05,1,1
213.055,1,1
213.06,1,1
213.065,1,1
213.07,1,1
213.075,1,1
213.08,1,1
213.085,1,1
213.09,1,1
213.095,1,1
213.1,1,1
213.105,1,1
213.11,1,1
213.115,1,1
213.12,1,1
213.125,1,1
213.13,1,1
213.135,1,1
213.14,1,1
213.145,1,1
213.15,1,1
213.155,1,1
213.16,1,1
213.165,1,1
213.17,1,1
213.175,1,1
213.18,1,1
213.185,1,1
213.19,1,1
213.195,1,1
213.2,1,1
213.205,1,1
213.21,1,1
213.215,1,1
213.22,1,1
213.225,1,1
213.23,1,1
213.235,1,1
213.24,1,1
213.245,1,1
213.25,1,1
213.255,1,1
213.26,1,1
213.265,1,1
213.27,1,1
213.275,1,1
213.28,1,1
213.285,1,1
213.29,1,1
213.295,1,1
213.3,1,1
213.305,1,1
213.31,1,1
213.315,1,1
213.32,1,1
213.325,1,1
213.33,1,1
213.335,1,1
213.34,1,1
213.345,1,1
213.35,1,1
213.355,1,1
213.36,1,1
213.365,1,1
213.37,1,1
213.375,1,1
213.38,1,1
213.385,1,1
213.39,1,1
213.395,1,1
213.4,1,1
213.405,1,1
213.41,1,1
213.415,1,1
213.42,1,1
213.425,1,1
213.43,1,1
213.435,1,1
213.44,1,1
213.445,1,1
213.45,1,1
213.455,1,1
213.46,1,1
213.465,1,1
213.47,1,1
213.475,1,1
213.48,1,1
213.485,1,1
213.49,1,1
213.495,1,1
213.5,1,1
213.505,1,1
213.51,1,1
213.515,1,1
213.52,1,1
213.525,1,1
213.53,1,1
213.535,1,1
213.54,1,1
213.545,1,1
213.55,1,1
213.555,1,1
213.56,1,1
213.565,1,1
213.57,1,1
213.575,1,1
213.58,1,1
213.585,1,1
213.59,1,1
213.595,1,1
213.6,1,1
213.605,1,1
213.61,1,1
213.615,1,1
213.62,1,1
213.625,1,1
213.63,1,1
213.635,1,1
213.64,1,1
213.645,1,1
213.65,1,1
213.655,1,1
213.66,1,1
213.665,1,1
213.67,1,1
213.675,1,1
213.68,1,1
213.685,1,1
213.69,1,1
213.695,1,1
213.7,1,1
213.705,1,1
213.71,1,1
213.715,1,1
213.72,1,1
213.725,1,1
213.73,1,1
213.735,1,1
213.74,1,1
213.745,1,1
213.75,1,1
213.755,1,1
213.76,1,1
213.765,1,1
213.77,1,1
213.775,1,1
213.78,1,1
213.785,1,1
213.79,1,1
213.795,1,1
213.8,1,1
213.805,1,1
213.81,1,1
213.815,1,1
213.82,1,1
213.825,1,1
213.83,1,1
213.835,1,1
213.84,1,1
213.845,1,1
213.85,1,1
213.855,1,1
213.86,1,1
213.865,1,1
213.87,1,1
213.875,1,1
213.88,1,1
213.885,1,1
213.89,1,1
213.895,1,1
213.9,1,1
213.905,1,1
213.91,1,1
213.915,1,1
213.92,1,1
213.925,1,1
213.93,1,1
213.935,1,1
213.94,1,1
213.945,1,1
213.95,1,1
213.955,1,1
213.96,1,1
213.965,1,1
213.97,1,1
213.975,1,1
213.98,1,1
213.985,1,1
213.99,1,1
213.995,1,1
214,1,1
214.005,1,1
214.01,1,1
214.015,1,1
214.02,1,1
214.025,1,1
214.03,1,1
214.035,1,1
214.04,1,1
214.045,1,1
214.05,1,1
214.055,1,1
214.06,1,1
214.065,1,1
214.07,1,1
214.075,1,1
214.08,1,1
214.085,1,1
214.09,1,1
214.095,1,1
214.1,1,1
214.105,1,1
214.11,1,1
214.115,1,1
214.12,1,1
214.125,1,1
214.13,1,1
214.135,1,1
214.14,1,1
214.145,1,1
214.15,1,1
214.155,1,1
214.16,1,1
214.165,1,1
214.17,1,1
214.175,1,1
214.18,1,1
214.185,1,1
214.19,1,1
214.195,1,1
214.2,1,1
214.205,1,1
214.21,1,1
214.215,1,1
214.22,1,1
214.225,1,1
214.23,1,1
214.235,1,1
214.24,1,1
214.245,1,1
214.25,1,1
214.255,1,1
214.26,1,1
214.265,1,1
214.27,1,1
214.275,1,1
214.28,1,1
214.285,1,1
214.29,1,1
214.295,1,1
214.3,1,1
214.305,1,1
214.31,1,1
214.315,1,1
214.32,1,1
214.325,1,1
214.33,1,1
214.335,1,1
214.34,1,1
214.345,1,1
214.35,1,1
214.355,1,1
214.36,1,1
214.365,1,1
214.37,1,1
214.375,1,1
214.38,1,1
214.385,1,1
214.39,1,1
214.395,1,1
214.4,1,1
214.405,1,1
214.41,1,1
214.415,1,1
214.42,1,1
214.425,1,1
214.43,1,1
214.435,1,1
214.44,1,1
214.445,1,1
214.45,1,1
214.455,1,1
214.46,1,1
214.465,1,1
214.47,1,1
214.475,1,1
214.48,1,1
214.485,1,1
214.49,1,1
214.495,1,1
214.5,1,1
214.505,1,1
214.51,1,1
214.515,1,1
214.52,1,1
214.525,1,1
214.53,1,1
214.535,1,1
214.54,1,1
214.545,1,1
214.55,1,1
214.555,1,1
214.56,1,1
214.565,1,1
214.57,1,1
214.575,1,1
214.58,1,1
214.585,1,1
214.59,1,1
214.595,1,1
214.6,1,1
214.605,1,1
214.61,1,1
214.615,1,1
214.62,1,1
214.625,1,1
214.63,1,1
214.635,1,1
214.64,1,1
214.645,1,1
214.65,1,1
214.655,1,1
214.66,1,1
214.665,1,1
214.67,1,1
214.675,1,1
214.68,1,1
214.685,1,1
214.69,1,1
214.695,1,1
214.7,1,1
214.705,1,1
214.71,1,1
214.715,1,1
214.72,1,1
214.725,1,1
214.73,1,1
214.735,1,1
214.74,1,1
214.745,1,1
214.75,1,1
214.755,1,1
214.76,1,1
214.765,1,1
214.77,1,1
214.775,1,1
214.78,1,1
214.785,1,1
214.79,1,1
214.795,1,1
214.8,1,1
214.805,1,1
214.81,1,1
214.815,1,1
214.82,1,1
214.825,1,1
214.83,1,1
214.835,1,1
214.84,1,1
214.845,1,1
214.85,1,1
214.855,1,1
214.86,1,1
214.865,1,1
214.87,1,1
214.875,1,1
214.88,1,1
214.885,1,1
214.89,1,1
214.895,1,1
214.9,1,1
214.905,1,1
214.91,1,1
214.915,1,1
214.92,1,1
214.925,1,1
214.93,1,1
214.935,1,1
214.94,1,1
214.945,1,1
214.95,1,1
214.955,1,1
214.96,1,1
214.965,1,1
214.97,1,1
214.975,1,1
214.98,1,1
214.985,1,1
214.99,1,1
214.995,1,1
215,1,1
215.005,1,1
215.01,1,1
215.015,1,1
215.02,1,1
215.025,1,1
215.03,1,1
215.035,1,1
215.04,1,1
215.045,1,1
215.05,1,1
215.055,1,1
215.06,1,1
215.065,1,1
215.07,1,1
215.075,1,1
215.08,1,1
215.085,1,1
215.09,1,1
215.095,1,1
215.1,1,1
215.105,1,1
215.11,1,1
215.115,1,1
215.12,1,1
215.125,1,1
215.13,1,1
215.135,1,1
215.14,1,1
215.145,1,1
215.15,1,1
215.155,1,1
215.16,1,1
215.165,1,1
215.17,1,1
215.175,1,1
215.18,1,1
215.185,1,1
215.19,1,1
215.195,1,1
215.2,1,1
215.205,1,1
215.21,1,1
215.215,1,1
215.22,1,1
215.225,1,1
215.23,1,1
215.235,1,1
215.24,1,1
215.245,1,1
215.25,1,1
215.255,1,1
215.26,1,1
215.265,1,1
215.27,1,1
215.275,1,1
215.28,1,1
215.285,1,1
215.29,1,1
215.295,1,1
215.3,1,1
215.305,1,1
215.31,1,1
215.315,1,1
215.32,1,1
215.325,1,1
215.33,1,1
215.335,1,1
215.34,1,1
215.345,1,1
215.35,1,1
215.355,1,1
215.36,1,1
215.365,1,1
215.37,1,1
215.375,1,1
215.38,1,1
215.385,1,1
215.39,1,1
215.395,1,1
215.4,1,1
215.405,1,1
215.41,1,1
215.415,1,1
215.42,1,1
215.425,1,1
215.43,1,1
215.435,1,1
215.44,1,1
215.445,1,1
215.45,1,1
215.455,1,1
215.46,1,1
215.465,1,1
215.47,1,1
215.475,1,1
215.48,1,1
215.485,1,1
215.49,1,1
215.495,1,1
215.5,1,1
215.505,1,1
215.51,1,1
215.515,1,1
215.52,1,1
215.525,1,1
215.53,1,1
215.535,1,1
215.54,1,1
215.545,1,1
215.55,1,1
215.555,1,1
215.56,1,1
215.565,1,1
215.57,1,1
215.575,1,1
215.58,1,1
215.585,1,1
215.59,1,1
215.595,1,1
215.6,1,1
215.605,1,1
215.61,1,1
215.615,1,1
215.62,1,1
215.625,1,1
215.63,1,1
215.635,1,1
215.64,1,1
215.645,1,1
215.65,1,1
215.655,1,1
215.66,1,1
215.665,1,1
215.67,1,1
215.675,1,1
215.68,1,1
215.685,1,1
215.69,1,1
215.695,1,1
215.7,1,1
215.705,1,1
215.71,1,1
215.715,1,1
215.72,1,1
215.725,1,1
215.73,1,1
215.735,1,1
215.74,1,1
215.745,1,1
215.75,1,1
215.755,1,1
215.76,1,1
215.765,1,1
215.77,1,1
215.775,1,1
215.78,1,1
215.785,1,1
215.79,1,1
215.795,1,1
215.8,1,1
215.805,1,1
215.81,1,1
215.815,1,1
215.82,1,1
215.825,1,1
215.83,1,1
215.835,1,1
215.84,1,1
215.845,1,1
215.85,1,1
215.855,1,1
215.86,1,1
215.865,1,1
215.87,1,1
215.875,1,1
215.88,1,1
215.885,1,1
215.89,1,1
215.895,1,1
215.9,1,1
215.905,1,1
215.91,1,1
215.915,1,1
215.92,1,1
215.925,1,1
215.93,1,1
215.935,1,1
215.94,1,1
215.945,1,1
215.95,1,1
215.955,1,1
215.96,1,1
215.965,1,1
215.97,1,1
215.975,1,1
215.98,1,1
215.985,1,1
215.99,1,1
215.995,1,1
216,1,1
216.005,1,1
216.01,1,1
216.015,1,1
216.02,1,1
216.025,1,1
216.03,1,1
216.035,1,1
216.04,1,1
216.045,1,1
216.05,1,1
216.055,1,1
216.06,1,1
216.065,1,1
216.07,1,1
216.075,1,1
216.08,1,1
216.085,1,1
216.09,1,1
216.095,1,1
216.1,1,1
216.105,1,1
216.11,1,1
216.115,1,1
216.12,1,1
216.125,1,1
216.13,1,1
216.135,1,1
216.14,1,1
216.145,1,1
216.15,1,1
216.155,1,1
216.16,1,1
216.165,1,1
216.17,1,1
216.175,1,1
216.18,1,1
216.185,1,1
216.19,1,1
216.195,1,1
216.2,1,1
216.205,1,1
216.21,1,1
216.215,1,1
216.22,1,1
216.225,1,1
216.23,1,1
216.235,1,1
216.24,1,1
216.245,1,1
216.25,1,1
216.255,1,1
216.26,1,1
216.265,1,1
216.27,1,1
216.275,1,1
216.28,1,1
216.285,1,1
216.29,1,1
216.295,1,1
216.3,1,1
216.305,1,1
216.31,1,1
216.315,1,1
216.32,1,1
216.325,1,1
216.33,1,1
216.335,1,1
216.34,1,1
216.345,1,1
216.35,1,1
216.355,1,1
216.36,1,1
216.365,1,1
216.37,1,1
216.375,1,1
216.38,1,1
216.385,1,1
216.39,1,1
216.395,1,1
216.4,1,1
216.405,1,1
216.41,1,1
216.415,1,1
216.42,1,1
216.425,1,1
216.43,1,1
216.435,1,1
216.44,1,1
216.445,1,1
216.45,1,1
216.455,1,1
216.46,1,1
216.465,1,1
216.47,1,1
216.475,1,1
216.48,1,1
216.485,1,1
216.49,1,1
216.495,1,1
216.5,1,1
216.505,1,1
216.51,1,1
216.515,1,1
216.52,1,1
216.525,1,1
216.53,1,1
216.535,1,1
216.54,1,1
216.545,1,1
216.55,1,1
216.555,1,1
216.56,1,1
216.565,1,1
216.57,1,1
216.575,1,1
216.58,1,1
216.585,1,1
216.59,1,1
216.595,1,1
216.6,1,1
216.605,1,1
216.61,1,1
216.615,1,1
216.62,1,1
216.625,1,1
216.63,1,1
216.635,1,1
216.64,1,1
216.645,1,1
216.65,1,1
216.655,1,1
216.66,1,1
216.665,1,1
216.67,1,1
216.675,1,1
216.68,1,1
216.685,1,1
216.69,1,1
216.695,1,1
216.7,1,1
216.705,1,1
216.71,1,1
216.715,1,1
216.72,1,1
216.725,1,1
216.73,1,1
216.735,1,1
216.74,1,1
216.745,1,1
216.75,1,1
216.755,1,1
216.76,1,1
216.765,1,1
216.77,1,1
216.775,1,1
216.78,1,1
216.785,1,1
216.79,1,1
216.795,1,1
216.8,1,1
216.805,1,1
216.81,1,1
216.815,1,1
216.82,1,1
216.825,1,1
216.83,1,1
216.835,1,1
216.84,1,1
216.845,1,1
216.85,1,1
216.855,1,1
216.86,1,1
216.865,1,1
216.87,1,1
216.875,1,1
216.88,1,1
216.885,1,1
216.89,1,1
216.895,1,1
216.9,1,1
216.905,1,1
216.91,1,1
216.915,1,1
216.92,1,1
216.925,1,1
216.93,1,1
216.935,1,1
216.94,1,1
216.945,1,1
216.95,1,1
216.955,1,1
216.96,1,1
216.965,1,1
216.97,1,1
216.975,1,1
216.98,1,1
216.985,1,1
216.99,1,1
216.995,1,1
217,1,1
217.005,1,1
217.01,1,1
217.015,1,1
217.02,1,1
217.025,1,1
217.03,1,1
217.035,1,1
217.04,1,1
217.045,1,1
217.05,1,1
217.055,1,1
217.06,1,1
217.065,1,1
217.07,1,1
217.075,1,1
217.08,1,1
217.085,1,1
217.09,1,1
217.095,1,1
217.1,1,1
217.105,1,1
217.11,1,1
217.115,1,1
217.12,1,1
217.125,1,1
217.13,1,1
217.135,1,1
217.14,1,1
217.145,1,1
217.15,1,1
217.155,1,1
217.16,1,1
217.165,1,1
217.17,1,1
217.175,1,1
217.18,1,1
217.185,1,1
217.19,1,1
217.195,1,1
217.2,1,1
217.205,1,1
217.21,1,1
217.215,1,1
217.22,1,1
217.225,1,1
217.23,1,1
217.235,1,1
217.24,1,1
217.245,1,1
217.25,1,1
217.255,1,1
217.26,1,1
217.265,1,1
217.27,1,1
217.275,1,1
217.28,1,1
217.285,1,1
217.29,1,1
217.295,1,1
217.3,1,1
217.305,1,1
217.31,1,1
217.315,1,1
217.32,1,1
217.325,1,1
217.33,1,1
217.335,1,1
217.34,1,1
217.345,1,1
217.35,1,1
217.355,1,1
217.36,1,1
217.365,1,1
217.37,1,1
217.375,1,1
217.38,1,1
217.385,1,1
217.39,1,1
217.395,1,1
217.4,1,1
217.405,1,1
217.41,1,1
217.415,1,1
217.42,1,1
217.425,1,1
217.43,1,1
217.435,1,1
217.44,1,1
217.445,1,1
217.45,1,1
217.455,1,1
217.46,1,1
217.465,1,1
217.47,1,1
217.475,1,1
217.48,1,1
217.485,1,1
217.49,1,1
217.495,1,1
217.5,1,1
217.505,1,1
217.51,1,1
217.515,1,1
217.52,1,1
217.525,1,1
217.53,1,1
217.535,1,1
217.54,1,1
217.545,1,1
217.55,1,1
217.555,1,1
217.56,1,1
217.565,1,1
217.57,1,1
217.575,1,1
217.58,1,1
217.585,1,1
217.59,1,1
217.595,1,1
217.6,1,1
217.605,1,1
217.61,1,1
217.615,1,1
217.62,1,1
217.625,1,1
217.63,1,1
217.635,1,1
217.64,1,1
217.645,1,1
217.65,1,1
217.655,1,1
217.66,1,1
217.665,1,1
217.67,1,1
217.675,1,1
217.68,1,1
217.685,1,1
217.69,1,1
217.695,1,1
217.7,1,1
217.705,1,1
217.71,1,1
217.715,1,1
217.72,1,1
217.725,1,1
217.73,1,1
217.735,1,1
217.74,1,1
217.745,1,1
217.75,1,1
217.755,1,1
217.76,1,1
217.765,1,1
217.77,1,1
217.775,1,1
217.78,1,1
217.785,1,1
217.79,1,1
217.795,1,1
217.8,1,1
217.805,1,1
217.81,1,1
217.815,1,1
217.82,1,1
217.825,1,1
217.83,1,1
217.835,1,1
217.84,1,1
217.845,1,1
217.85,1,1
217.855,1,1
217.86,1,1
217.865,1,1
217.87,1,1
217.875,1,1
217.88,1,1
217.885,1,1
217.89,1,1
217.895,1,1
217.9,1,1
217.905,1,1
217.91,1,1
217.915,1,1
217.92,1,1
217.925,1,1
217.93,1,1
217.935,1,1
217.94,1,1
217.945,1,1
217.95,1,1
217.955,1,1
217.96,1,1
217.965,1,1
217.97,1,1
217.975,1,1
217.98,1,1
217.985,1,1
217.99,1,1
217.995,1,1
218,1,1
218.005,1,1
218.01,1,1
218.015,1,1
218.02,1,1
218.025,1,1
218.03,1,1
218.035,1,1
218.04,1,1
218.045,1,1
218.05,1,1
218.055,1,1
218.06,1,1
218.065,1,1
218.07,1,1
218.075,1,1
218.08,1,1
218.085,1,1
218.09,1,1
218.095,1,1
218.1,1,1
218.105,1,1
218.11,1,1
218.115,1,1
218.12,1,1
218.125,1,1
218.13,1,1
218.135,1,1
218.14,1,1
218.145,1,1
218.15,1,1
218.155,1,1
218.16,1,1
218.165,1,1
218.17,1,1
218.175,1,1
218.18,1,1
218.185,1,1
218.19,1,1
218.195,1,1
218.2,1,1
218.205,1,1
218.21,1,1
218.215,1,1
218.22,1,1
218.225,1,1
218.23,1,1
218.235,1,1
218.24,1,1
218.245,1,1
218.25,1,1
218.255,1,1
218.26,1,1
218.265,1,1
218.27,1,1
218.275,1,1
218.28,1,1
218.285,1,1
218.29,1,1
218.295,1,1
218.3,1,1
218.305,1,1
218.31,1,1
218.315,1,1
218.32,1,1
218.325,1,1
218.33,1,1
218.335,1,1
218.34,1,1
218.345,1,1
218.35,1,1
218.355,1,1
218.36,1,1
218.365,1,1
218.37,1,1
218.375,1,1
218.38,1,1
218.385,1,1
218.39,1,1
218.395,1,1
218.4,1,1
218.405,1,1
218.41,1,1
218.415,1,1
218.42,1,1
218.425,1,1
218.43,1,1
218.435,1,1
218.44,1,1
218.445,1,1
218.45,1,1
218.455,1,1
218.46,1,1
218.465,1,1
218.47,1,1
218.475,1,1
218.48,1,1
218.485,1,1
218.49,1,1
218.495,1,1
218.5,1,1
218.505,1,1
218.51,1,1
218.515,1,1
218.52,1,1
218.525,1,1
218.53,1,1
218.535,1,1
218.54,1,1
218.545,1,1
218.55,1,1
218.555,1,1
218.56,1,1
218.565,1,1
218.57,1,1
218.575,1,1
218.58,1,1
218.585,1,1
218.59,1,1
218.595,1,1
218.6,1,1
218.605,1,1
218.61,1,1
218.615,1,1
218.62,1,1
218.625,1,1
218.63,1,1
218.635,1,1
218.64,1,1
218.645,1,1
218.65,1,1
218.655,1,1
218.66,1,1
218.665,1,1
218.67,1,1
218.675,1,1
218.68,1,1
218.685,1,1
218.69,1,1
218.695,1,1
218.7,1,1
218.705,1,1
218.71,1,1
218.715,1,1
218.72,1,1
218.725,1,1
218.73,1,1
218.735,1,1
218.74,1,1
218.745,1,1
218.75,1,1
218.755,1,1
218.76,1,1
218.765,1,1
218.77,1,1
218.775,1,1
218.78,1,1
218.785,1,1
218.79,1,1
218.795,1,1
218.8,1,1
218.805,1,1
218.81,1,1
218.815,1,1
218.82,1,1
218.825,1,1
218.83,1,1
218.835,1,1
218.84,1,1
218.845,1,1
218.85,1,1
218.855,1,1
218.86,1,1
218.865,1,1
218.87,1,1
218.875,1,1
218.88,1,1
218.885,1,1
218.89,1,1
218.895,1,1
218.9,1,1
218.905,1,1
218.91,1,1
218.915,1,1
218.92,1,1
218.925,1,1
218.93,1,1
218.935,1,1
218.94,1,1
218.945,1,1
218.95,1,1
218.955,1,1
218.96,1,1
218.965,1,1
218.97,1,1
218.975,1,1
218.98,1,1
218.985,1,1
218.99,1,1
218.995,1,1
219,1,1
219.005,1,1
219.01,1,1
219.015,1,1
219.02,1,1
219.025,1,1
219.03,1,1
219.035,1,1
219.04,1,1
219.045,1,1
219.05,1,1
219.055,1,1
219.06,1,1
219.065,1,1
219.07,1,1
219.075,1,1
219.08,1,1
219.085,1,1
219.09,1,1
219.095,1,1
219.1,1,1
219.105,1,1
219.11,1,1
219.115,1,1
219.12,1,1
219.125,1,1
219.13,1,1
219.135,1,1
219.14,1,1
219.145,1,1
219.15,1,1
219.155,1,1
219.16,1,1
219.165,1,1
219.17,1,1
219.175,1,1
219.18,1,1
219.185,1,1
219.19,1,1
219.195,1,1
219.2,1,1
219.205,1,1
219.21,1,1
219.215,1,1
219.22,1,1
219.225,1,1
219.23,1,1
219.235,1,1
219.24,1,1
219.245,1,1
219.25,1,1
219.255,1,1
219.26,1,1
219.265,1,1
219.27,1,1
219.275,1,1
219.28,1,1
219.285,1,1
219.29,1,1
219.295,1,1
219.3,1,1
219.305,1,1
219.31,1,1
219.315,1,1
219.32,1,1
219.325,1,1
219.33,1,1
219.335,1,1
219.34,1,1
219.345,1,1
219.35,1,1
219.355,1,1
219.36,1,1
219.365,1,1
219.37,1,1
219.375,1,1
219.38,1,1
219.385,1,1
219.39,1,1
219.395,1,1
219.4,1,1
219.405,1,1
219.41,1,1
219.415,1,1
219.42,1,1
219.425,1,1
219.43,1,1
219.435,1,1
219.44,1,1
219.445,1,1
219.45,1,1
219.455,1,1
219.46,1,1
219.465,1,1
219.47,1,1
219.475,1,1
219.48,1,1
219.485,1,1
219.49,1,1
219.495,1,1
219.5,1,1
219.505,1,1
219.51,1,1
219.515,1,1
219.52,1,1
219.525,1,1
219.53,1,1
219.535,1,1
219.54,1,1
219.545,1,1
219.55,1,1
219.555,1,1
219.56,1,1
219.565,1,1
219.57,1,1
219.575,1,1
219.58,1,1
219.585,1,1
219.59,1,1
219.595,1,1
219.6,1,1
219.605,1,1
219.61,1,1
219.615,1,1
219.62,1,1
219.625,1,1
219.63,1,1
219.635,1,1
219.64,1,1
219.645,1,1
219.65,1,1
219.655,1,1
219.66,1,1
219.665,1,1
219.67,1,1
219.675,1,1
219.68,1,1
219.685,1,1
219.69,1,1
219.695,1,1
219.7,1,1
219.705,1,1
219.71,1,1
219.715,1,1
219.72,1,1
219.725,1,1
219.73,1,1
219.735,1,1
219.74,1,1
219.745,1,1
219.75,1,1
219.755,1,1
219.76,1,1
219.765,1,1
219.77,1,1
219.775,1,1
219.78,1,1
219.785,1,1
219.79,1,1
219.795,1,1
219.8,1,1
219.805,1,1
219.81,1,1
219.815,1,1
219.82,1,1
219.825,1,1
219.83,1,1
219.835,1,1
219.84,1,1
219.845,1,1
219.85,1,1
219.855,1,1
219.86,1,1
219.865,1,1
219.87,1,1
219.875,1,1
219.88,1,1
219.885,1,1
219.89,1,1
219.895,1,1
219.9,1,1
219.905,1,1
219.91,1,1
219.915,1,1
219.92,1,1
219.925,1,1
219.93,1,1
219.935,1,1
219.94,1,1
219.945,1,1
219.95,1,1
219.955,1,1
219.96,1,1
219.965,1,1
219.97,1,1
219.975,1,1
219.98,1,1
219.985,1,1
219.99,1,1
219.995,1,1
220,1,1
220.005,1,1
220.01,1,1
220.015,1,1
220.02,1,1
220.025,1,1
220.03,1,1
220.035,1,1
220.04,1,1
220.045,1,1
220.05,1,1
220.055,1,1
220.06,1,1
220.065,1,1
220.07,1,1
220.075,1,1
220.08,1,1
220.085,1,1
220.09,1,1
220.095,1,1
220.1,1,1
220.105,1,1
220.11,1,1
220.115,1,1
220.12,1,1
220.125,1,1
220.13,1,1
220.135,1,1
220.14,1,1
220.145,1,1
220.15,1,1
220.155,1,1
220.16,1,1
220.165,1,1
220.17,1,1
220.175,1,1
220.18,1,1
220.185,1,1
220.19,1,1
220.195,1,1
220.2,1,1
220.205,1,1
220.21,1,1
220.215,1,1
220.22,1,1
220.225,1,1
220.23,1,1
220.235,1,1
220.24,1,1
220.245,1,1
220.25,1,1
220.255,1,1
220.26,1,1
220.265,1,1
220.27,1,1
220.275,1,1
220.28,1,1
220.285,1,1
220.29,1,1
220.295,1,1
220.3,1,1
220.305,1,1
220.31,1,1
220.315,1,1
220.32,1,1
220.325,1,1
220.33,1,1
220.335,1,1
220.34,1,1
220.345,1,1
220.35,1,1
220.355,1,1
220.36,1,1
220.365,1,1
220.37,1,1
220.375,1,1
220.38,1,1
220.385,1,1
220.39,1,1
220.395,1,1
220.4,1,1
220.405,1,1
220.41,1,1
220.415,1,1
220.42,1,1
220.425,1,1
220.43,1,1
220.435,1,1
220.44,1,1
220.445,1,1
220.45,1,1
220.455,1,1
220.46,1,1
220.465,1,1
220.47,1,1
220.475,1,1
220.48,1,1
220.485,1,1
220.49,1,1
220.495,1,1
220.5,1,1
220.505,1,1
220.51,1,1
220.515,1,1
220.52,1,1
220.525,1,1
220.53,1,1
220.535,1,1
220.54,1,1
220.545,1,1
220.55,1,1
220.555,1,1
220.56,1,1
220.565,1,1
220.57,1,1
220.575,1,1
220.58,1,1
220.585,1,1
220.59,1,1
220.595,1,1
220.6,1,1
220.605,1,1
220.61,1,1
220.615,1,1
220.62,1,1
220.625,1,1
220.63,1,1
220.635,1,1
220.64,1,1
220.645,1,1
220.65,1,1
220.655,1,1
220.66,1,1
220.665,1,1
220.67,1,1
220.675,1,1
220.68,1,1
220.685,1,1
220.69,1,1
220.695,1,1
220.7,1,1
220.705,1,1
220.71,1,1
220.715,1,1
220.72,1,1
220.725,1,1
220.73,1,1
220.735,1,1
220.74,1,1
220.745,1,1
220.75,1,1
220.755,1,1
220.76,1,1
220.765,1,1
220.77,1,1
220.775,1,1
220.78,1,1
220.785,1,1
220.79,1,1
220.795,1,1
220.8,1,1
220.805,1,1
220.81,1,1
220.815,1,1
220.82,1,1
220.825,1,1
220.83,1,1
220.835,1,1
220.84,1,1
220.845,1,1
220.85,1,1
220.855,1,1
220.86,1,1
220.865,1,1
220.87,1,1
220.875,1,1
220.88,1,1
220.885,1,1
220.89,1,1
220.895,1,1
220.9,1,1
220.905,1,1
220.91,1,1
220.915,1,1
220.92,1,1
220.925,1,1
220.93,1,1
220.935,1,1
220.94,1,1
220.945,1,1
220.95,1,1
220.955,1,1
220.96,1,1
220.965,1,1
220.97,1,1
220.975,1,1
220.98,1,1
220.985,1,1
220.99,1,1
220.995,1,1
221,1,1
221.005,1,1
221.01,1,1
221.015,1,1
221.02,1,1
221.025,1,1
221.03,1,1
221.035,1,1
221.04,1,1
221.045,1,1
221.05,1,1
221.055,1,1
221.06,1,1
221.065,1,1
221.07,1,1
221.075,1,1
221.08,1,1
221.085,1,1
221.09,1,1
221.095,1,1
221.1,1,1
221.105,1,1
221.11,1,1
221.115,1,1
221.12,1,1
221.125,1,1
221.13,1,1
221.135,1,1
221.14,1,1
221.145,1,1
221.15,1,1
221.155,1,1
221.16,1,1
221.165,1,1
221.17,1,1
221.175,1,1
221.18,1,1
221.185,1,1
221.19,1,1
221.195,1,1
221.2,1,1
221.205,1,1
221.21,1,1
221.215,1,1
221.22,1,1
221.225,1,1
221.23,1,1
221.235,1,1
221.24,1,1
221.245,1,1
221.25,1,1
221.255,1,1
221.26,1,1
221.265,1,1
221.27,1,1
221.275,1,1
221.28,1,1
221.285,1,1
221.29,1,1
221.295,1,1
221.3,1,1
221.305,1,1
221.31,1,1
221.315,1,1
221.32,1,1
221.325,1,1
221.33,1,1
221.335,1,1
221.34,1,1
221.345,1,1
221.35,1,1
221.355,1,1
221.36,1,1
221.365,1,1
221.37,1,1
221.375,1,1
221.38,1,1
221.385,1,1
221.39,1,1
221.395,1,1
221.4,1,1
221.405,1,1
221.41,1,1
221.415,1,1
221.42,1,1
221.425,1,1
221.43,1,1
221.435,1,1
221.44,1,1
221.445,1,1
221.45,1,1
221.455,1,1
221.46,1,1
221.465,1,1
221.47,1,1
221.475,1,1
221.48,1,1
221.485,1,1
221.49,1,1
221.495,1,1
221.5,1,1
221.505,1,1
221.51,1,1
221.515,1,1
221.52,1,1
221.525,1,1
221.53,1,1
221.535,1,1
221.54,1,1
221.545,1,1
221.55,1,1
221.555,1,1
221.56,1,1
221.565,1,1
221.57,1,1
221.575,1,1
221.58,1,1
221.585,1,1
221.59,1,1
221.595,1,1
221.6,1,1
221.605,1,1
221.61,1,1
221.615,1,1
221.62,1,1
221.625,1,1
221.63,1,1
221.635,1,1
221.64,1,1
221.645,1,1
221.65,1,1
221.655,1,1
221.66,1,1
221.665,1,1
221.67,1,1
221.675,1,1
221.68,1,1
221.685,1,1
221.69,1,1
221.695,1,1
221.7,1,1
221.705,1,1
221.71,1,1
221.715,1,1
221.72,1,1
221.725,1,1
221.73,1,1
221.735,1,1
221.74,1,1
221.745,1,1
221.75,1,1
221.755,1,1
221.76,1,1
221.765,1,1
221.77,1,1
221.775,1,1
221.78,1,1
221.785,1,1
221.79,1,1
221.795,1,1
221.8,1,1
221.805,1,1
221.81,1,1
221.815,1,1
221.82,1,1
221.825,1,1
221.83,1,1
221.835,1,1
221.84,1,1
221.845,1,1
221.85,1,1
221.855,1,1
221.86,1,1
221.865,1,1
221.87,1,1
221.875,1,1
221.88,1,1
221.885,1,1
221.89,1,1
221.895,1,1
221.9,1,1
221.905,1,1
221.91,1,1
221.915,1,1
221.92,1,1
221.925,1,1
221.93,1,1
221.935,1,1
221.94,1,1
221.945,1,1
221.95,1,1
221.955,1,1
221.96,1,1
221.965,1,1
221.97,1,1
221.975,1,1
221.98,1,1
221.985,1,1
221.99,1,1
221.995,1,1
222,1,1
222.005,1,1
222.01,1,1
222.015,1,1
222.02,1,1
222.025,1,1
222.03,1,1
222.035,1,1
222.04,1,1
222.045,1,1
222.05,1,1
222.055,1,1
222.06,1,1
222.065,1,1
222.07,1,1
222.075,1,1
222.08,1,1
222.085,1,1
222.09,1,1
222.095,1,1
222.1,1,1
222.105,1,1
222.11,1,1
222.115,1,1
222.12,1,1
222.125,1,1
222.13,1,1
222.135,1,1
222.14,1,1
222.145,1,1
222.15,1,1
222.155,1,1
222.16,1,1
222.165,1,1
222.17,1,1
222.175,1,1
222.18,1,1
222.185,1,1
222.19,1,1
222.195,1,1
222.2,1,1
222.205,1,1
222.21,1,1
222.215,1,1
222.22,1,1
222.225,1,1
222.23,1,1
222.235,1,1
222.24,1,1
222.245,1,1
222.25,1,1
222.255,1,1
222.26,1,1
222.265,1,1
222.27,1,1
222.275,1,1
222.28,1,1
222.285,1,1
222.29,1,1
222.295,1,1
222.3,1,1
222.305,1,1
222.31,1,1
222.315,1,1
222.32,1,1
222.325,1,1
222.33,1,1
222.335,1,1
222.34,1,1
222.345,1,1
222.35,1,1
222.355,1,1
222.36,1,1
222.365,1,1
222.37,1,1
222.375,1,1
222.38,1,1
222.385,1,1
222.39,1,1
222.395,1,1
222.4,1,1
222.405,1,1
222.41,1,1
222.415,1,1
222.42,1,1
222.425,1,1
222.43,1,1
222.435,1,1
222.44,1,1
222.445,1,1
222.45,1,1
222.455,1,1
222.46,1,1
222.465,1,1
222.47,1,1
222.475,1,1
222.48,1,1
222.485,1,1
222.49,1,1
222.495,1,1
222.5,1,1
222.505,1,1
222.51,1,1
222.515,1,1
222.52,1,1
222.525,1,1
222.53,1,1
222.535,1,1
222.54,1,1
222.545,1,1
222.55,1,1
222.555,1,1
222.56,1,1
222.565,1,1
222.57,1,1
222.575,1,1
222.58,1,1
222.585,1,1
222.59,1,1
222.595,1,1
222.6,1,1
222.605,1,1
222.61,1,1
222.615,1,1
222.62,1,1
222.625,1,1
222.63,1,1
222.635,1,1
222.64,1,1
222.645,1,1
222.65,1,1
222.655,1,1
222.66,1,1
222.665,1,1
222.67,1,1
222.675,1,1
222.68,1,1
222.685,1,1
222.69,1,1
222.695,1,1
222.7,1,1
222.705,1,1
222.71,1,1
222.715,1,1
222.72,1,1
222.725,1,1
222.73,1,1
222.735,1,1
222.74,1,1
222.745,1,1
222.75,1,1
222.755,1,1
222.76,1,1
222.765,1,1
222.77,1,1
222.775,1,1
222.78,1,1
222.785,1,1
222.79,1,1
222.795,1,1
222.8,1,1
222.805,1,1
222.81,1,1
222.815,1,1
222.82,1,1
222.825,1,1
222.83,1,1
222.835,1,1
222.84,1,1
222.845,1,1
222.85,1,1
222.855,1,1
222.86,1,1
222.865,1,1
222.87,1,1
222.875,1,1
222.88,1,1
222.885,1,1
222.89,1,1
222.895,1,1
222.9,1,1
222.905,1,1
222.91,1,1
222.915,1,1
222.92,1,1
222.925,1,1
222.93,1,1
222.935,1,1
222.94,1,1
222.945,1,1
222.95,1,1
222.955,1,1
222.96,1,1
222.965,1,1
222.97,1,1
222.975,1,1
222.98,1,1
222.985,1,1
222.99,1,1
222.995,1,1
223,1,1
223.005,1,1
223.01,1,1
223.015,1,1
223.02,1,1
223.025,1,1
223.03,1,1
223.035,1,1
223.04,1,1
223.045,1,1
223.05,1,1
223.055,1,1
223.06,1,1
223.065,1,1
223.07,1,1
223.075,1,1
223.08,1,1
223.085,1,1
223.09,1,1
223.095,1,1
223.1,1,1
223.105,1,1
223.11,1,1
223.115,1,1
223.12,1,1
223.125,1,1
223.13,1,1
223.135,1,1
223.14,1,1
223.145,1,1
223.15,1,1
223.155,1,1
223.16,1,1
223.165,1,1
223.17,1,1
223.175,1,1
223.18,1,1
223.185,1,1
223.19,1,1
223.195,1,1
223.2,1,1
223.205,1,1
223.21,1,1
223.215,1,1
223.22,1,1
223.225,1,1
223.23,1,1
223.235,1,1
223.24,1,1
223.245,1,1
223.25,1,1
223.255,1,1
223.26,1,1
223.265,1,1
223.27,1,1
223.275,1,1
223.28,1,1
223.285,1,1
223.29,1,1
223.295,1,1
223.3,1,1
223.305,1,1
223.31,1,1
223.315,1,1
223.32,1,1
223.325,1,1
223.33,1,1
223.335,1,1
223.34,1,1
223.345,1,1
223.35,1,1
223.355,1,1
223.36,1,1
223.365,1,1
223.37,1,1
223.375,1,1
223.38,1,1
223.385,1,1
223.39,1,1
223.395,1,1
223.4,1,1
223.405,1,1
223.41,1,1
223.415,1,1
223.42,1,1
223.425,1,1
223.43,1,1
223.435,1,1
223.44,1,1
223.445,1,1
223.45,1,1
223.455,1,1
223.46,1,1
223.465,1,1
223.47,1,1
223.475,1,1
223.48,1,1
223.485,1,1
223.49,1,1
223.495,1,1
223.5,1,1
223.505,1,1
223.51,1,1
223.515,1,1
223.52,1,1
223.525,1,1
223.53,1,1
223.535,1,1
223.54,1,1
223.545,1,1
223.55,1,1
223.555,1,1
223.56,1,1
223.565,1,1
223.57,1,1
223.575,1,1
223.58,1,1
223.585,1,1
223.59,1,1
223.595,1,1
223.6,1,1
223.605,1,1
223.61,1,1
223.615,1,1
223.62,1,1
223.625,1,1
223.63,1,1
223.635,1,1
223.64,1,1
223.645,1,1
223.65,1,1
223.655,1,1
223.66,1,1
223.665,1,1
223.67,1,1
223.675,1,1
223.68,1,1
223.685,1,1
223.69,1,1
223.695,1,1
223.7,1,1
223.705,1,1
223.71,1,1
223.715,1,1
223.72,1,1
223.725,1,1
223.73,1,1
223.735,1,1
223.74,1,1
223.745,1,1
223.75,1,1
223.755,1,1
223.76,1,1
223.765,1,1
223.77,1,1
223.775,1,1
223.78,1,1
223.785,1,1
223.79,1,1
223.795,1,1
223.8,1,1
223.805,1,1
223.81,1,1
223.815,1,1
223.82,1,1
223.825,1,1
223.83,1,1
223.835,1,1
223.84,1,1
223.845,1,1
223.85,1,1
223.855,1,1
223.86,1,1
223.865,1,1
223.87,1,1
223.875,1,1
223.88,1,1
223.885,1,1
223.89,1,1
223.895,1,1
223.9,1,1
223.905,1,1
223.91,1,1
223.915,1,1
223.92,1,1
223.925,1,1
223.93,1,1
223.935,1,1
223.94,1,1
223.945,1,1
223.95,1,1
223.955,1,1
223.96,1,1
223.965,1,1
223.97,1,1
223.975,1,1
223.98,1,1
223.985,1,1
223.99,1,1
223.995,1,1
224,1,1
224.005,1,1
224.01,1,1
224.015,1,1
224.02,1,1
224.025,1,1
224.03,1,1
224.035,1,1
224.04,1,1
224.045,1,1
224.05,1,1
224.055,1,1
224.06,1,1
224.065,1,1
224.07,1,1
224.075,1,1
224.08,1,1
224.085,1,1
224.09,1,1
224.095,1,1
224.1,1,1
224.105,1,1
224.11,1,1
224.115,1,1
224.12,1,1
224.125,1,1
224.13,1,1
224.135,1,1
224.14,1,1
224.145,1,1
224.15,1,1
224.155,1,1
224.16,1,1
224.165,1,1
224.17,1,1
224.175,1,1
224.18,1,1
224.185,1,1
224.19,1,1
224.195,1,1
224.2,1,1
224.205,1,1
224.21,1,1
224.215,1,1
224.22,1,1
224.225,1,1
224.23,1,1
224.235,1,1
224.24,1,1
224.245,1,1
224.25,1,1
224.255,1,1
224.26,1,1
224.265,1,1
224.27,1,1
224.275,1,1
224.28,1,1
224.285,1,1
224.29,1,1
224.295,1,1
224.3,1,1
224.305,1,1
224.31,1,1
224.315,1,1
224.32,1,1
224.325,1,1
224.33,1,1
224.335,1,1
224.34,1,1
224.345,1,1
224.35,1,1
224.355,1,1
224.36,1,1
224.365,1,1
224.37,1,1
224.375,1,1
224.38,1,1
224.385,1,1
224.39,1,1
224.395,1,1
224.4,1,1
224.405,1,1
224.41,1,1
224.415,1,1
224.42,1,1
224.425,1,1
224.43,1,1
224.435,1,1
224.44,1,1
224.445,1,1
224.45,1,1
224.455,1,1
224.46,1,1
224.465,1,1
224.47,1,1
224.475,1,1
224.48,1,1
224.485,1,1
224.49,1,1
224.495,1,1
224.5,1,1
224.505,1,1
224.51,1,1
224.515,1,1
224.52,1,1
224.525,1,1
224.53,1,1
224.535,1,1
224.54,1,1
224.545,1,1
224.55,1,1
224.555,1,1
224.56,1,1
224.565,1,1
224.57,1,1
224.575,1,1
224.58,1,1
224.585,1,1
224.59,1,1
224.595,1,1
224.6,1,1
224.605,1,1
224.61,1,1
224.615,1,1
224.62,1,1
224.625,1,1
224.63,1,1
224.635,1,1
224.64,1,1
224.645,1,1
224.65,1,1
224.655,1,1
224.66,1,1
224.665,1,1
224.67,1,1
224.675,1,1
224.68,1,1
224.685,1,1
224.69,1,1
224.695,1,1
224.7,1,1
224.705,1,1
224.71,1,1
224.715,1,1
224.72,1,1
224.725,1,1
224.73,1,1
224.735,1,1
224.74,1,1
224.745,1,1
224.75,1,1
224.755,1,1
224.76,1,1
224.765,1,1
224.77,1,1
224.775,1,1
224.78,1,1
224.785,1,1
224.79,1,1
224.795,1,1
224.8,1,1
224.805,1,1
224.81,1,1
224.815,1,1
224.82,1,1
224.825,1,1
224.83,1,1
224.835,1,1
224.84,1,1
224.845,1,1
224.85,1,1
224.855,1,1
224.86,1,1
224.865,1,1
224.87,1,1
224.875,1,1
224.88,1,1
224.885,1,1
224.89,1,1
224.895,1,1
224.9,1,1
224.905,1,1
224.91,1,1
224.915,1,1
224.92,1,1
224.925,1,1
224.93,1,1
224.935,1,1
224.94,1,1
224.945,1,1
224.95,1,1
224.955,1,1
224.96,1,1
224.965,1,1
224.97,1,1
224.975,1,1
224.98,1,1
224.985,1,1
224.99,1,1
224.995,1,1
225,1,1
